feature,churn_label,senior_citizen,tenure,monthly_charges,total_charges,total_charges_missing_flag,identity_confidence_score,total_charges_imputed,avg_monthly_spend,estimated_customer_lifetime_value,monthly_charge_to_tenure_ratio,is_month_to_month_contract,is_electronic_check,no_tech_support_flag,no_online_security_flag,payment_risk_score,activity_line_count,invoice_count,active_day_count,total_quantity,net_activity_revenue,avg_unit_price,distinct_product_count,return_line_count,countries_count,anonymous_activity_line_count,avg_activity_mapping_confidence,gross_activity_revenue,return_amount,avg_invoice_value,return_rate,purchase_frequency_per_active_day,activity_span_days,inactivity_days,activity_recency_score,activity_frequency_score,activity_monetary_score,recency_frequency_metrics,engagement_score,support_ticket_count,open_ticket_count,closed_ticket_count,critical_ticket_count,high_priority_ticket_count,low_satisfaction_ticket_count,complaint_ticket_count,refund_or_cancel_ticket_count,unresolved_ticket_count,avg_satisfaction_rating,min_satisfaction_rating,avg_resolution_hours,max_resolution_hours,avg_support_mapping_confidence,open_ticket_rate,critical_ticket_rate,low_satisfaction_rate,complaint_frequency,support_burden_score,has_activity_flag,has_support_flag,no_activity_flag,support_to_tenure_ratio,complaints_per_tenure_month,monthly_spend_per_invoice,customer_health_score,gender_female,gender_male,gender_nan,partner_no,partner_yes,partner_nan,dependents_no,dependents_yes,dependents_nan,phone_service_no,phone_service_yes,phone_service_nan,multiple_lines_no,multiple_lines_no_phone_service,multiple_lines_yes,multiple_lines_nan,internet_service_dsl,internet_service_fiber_optic,internet_service_no,internet_service_nan,online_security_no,online_security_no_internet_service,online_security_yes,online_security_nan,online_backup_no,online_backup_no_internet_service,online_backup_yes,online_backup_nan,device_protection_no,device_protection_no_internet_service,device_protection_yes,device_protection_nan,tech_support_no,tech_support_no_internet_service,tech_support_yes,tech_support_nan,streaming_tv_no,streaming_tv_no_internet_service,streaming_tv_yes,streaming_tv_nan,streaming_movies_no,streaming_movies_no_internet_service,streaming_movies_yes,streaming_movies_nan,contract_month_to_month,contract_one_year,contract_two_year,contract_nan,paperless_billing_no,paperless_billing_yes,paperless_billing_nan,payment_method_bank_transfer_automatic,payment_method_credit_card_automatic,payment_method_electronic_check,payment_method_mailed_check,payment_method_nan,customer_value_segment_emerging_value,customer_value_segment_established_value,customer_value_segment_high_value,customer_value_segment_low_value,customer_value_segment_nan,tenure_segment_0_6_months,tenure_segment_13_24_months,tenure_segment_25_48_months,tenure_segment_49_plus_months,tenure_segment_7_12_months,tenure_segment_nan,primary_activity_country_australia,primary_activity_country_austria,primary_activity_country_bahrain,primary_activity_country_belgium,primary_activity_country_bermuda,primary_activity_country_brazil,primary_activity_country_canada,primary_activity_country_channel_islands,primary_activity_country_cyprus,primary_activity_country_czech_republic,primary_activity_country_denmark,primary_activity_country_eire,primary_activity_country_european_community,primary_activity_country_finland,primary_activity_country_france,primary_activity_country_germany,primary_activity_country_greece,primary_activity_country_hong_kong,primary_activity_country_iceland,primary_activity_country_israel,primary_activity_country_italy,primary_activity_country_japan,primary_activity_country_korea,primary_activity_country_lebanon,primary_activity_country_lithuania,primary_activity_country_malta,primary_activity_country_netherlands,primary_activity_country_norway,primary_activity_country_poland,primary_activity_country_portugal,primary_activity_country_rsa,primary_activity_country_saudi_arabia,primary_activity_country_singapore,primary_activity_country_spain,primary_activity_country_sweden,primary_activity_country_switzerland,primary_activity_country_thailand,primary_activity_country_united_arab_emirates,primary_activity_country_united_kingdom,primary_activity_country_unspecified,primary_activity_country_usa,primary_activity_country_west_indies,primary_activity_country_nan,primary_ticket_type_billing_inquiry,primary_ticket_type_cancellation_request,primary_ticket_type_product_inquiry,primary_ticket_type_refund_request,primary_ticket_type_technical_issue,primary_ticket_type_nan,primary_ticket_priority_critical,primary_ticket_priority_high,primary_ticket_priority_low,primary_ticket_priority_medium,primary_ticket_priority_nan,primary_ticket_channel_chat,primary_ticket_channel_email,primary_ticket_channel_phone,primary_ticket_channel_social_media,primary_ticket_channel_nan,activity_status_active_0_30_days,activity_status_active_31_90_days,activity_status_inactive_90_plus_days,activity_status_no_activity,activity_status_nan
churn_label,1.0,0.15088932817647277,-0.3522286701130792,0.19364616123838232,-0.19834838341480418,-0.02377104915207222,,-0.19835921553780522,0.19300987867917008,-0.19852453408500487,0.4195853063192062,0.4051029106879898,0.3019187490112847,0.3372807277351978,0.3426367998511234,0.4357096449400812,0.009788842577825292,0.011569834147094754,0.018502887955847615,0.020597371783547813,0.014970568728650884,0.0031374488477417775,0.00578942016913576,0.005592829407140651,0.013936324871054588,0.0013261795972330436,0.015163452028770657,0.013221117530260623,0.00835030212683293,-0.0038850099491689475,0.009073432298764195,0.011205062738869292,0.005596936549055439,0.013400379725472608,0.0026474106453113484,0.017857066708069635,0.01988873668555387,0.003751059668862021,0.0045620358649324086,-0.018719223791587174,-0.028101548748558965,0.00826589002840795,-0.0017367477061846106,-0.006258693429350584,0.006072445548001947,-0.010635716981120369,0.005598864583734171,-0.028101548748558965,-0.004280173932593295,-0.0041030862378075685,0.004174775249605206,0.00473923479812411,-0.005831051464994661,-0.023460985118273468,0.007431978319210809,0.017591818284553484,0.00129972899537001,-0.012619293387022577,0.01992435524977852,-0.004661825257503788,-0.01992435524977853,0.2211831547997384,0.21936897974029704,0.09368495776169436,-0.38763448941464407,0.00861209507899781,-0.008612095078997767,,0.15044754495917712,-0.15044754495917698,,0.1642214015797257,-0.1642214015797256,,-0.01194198002900311,0.011941980029003044,,-0.032568578450191475,-0.01194198002900311,0.04010212769982599,,-0.12421382390260381,0.30801974494482387,-0.2278904497560931,,0.3426367998511234,-0.2278904497560931,-0.17122629194855238,,0.2680051809623607,-0.2278904497560931,-0.08225486893814267,,0.252481360595685,-0.2278904497560931,-0.06615979128028991,,0.3372807277351978,-0.2278904497560931,-0.16467355590159388,,0.12891588111510918,-0.2278904497560931,0.06322774611875766,,0.13084502938616735,-0.2278904497560931,0.06138154801518716,,0.4051029106879898,-0.1778200183499075,-0.30225346934964975,,-0.1918253316664681,0.1918253316664679,,-0.11793667192853842,-0.13430175066262812,0.3019187490112847,-0.09168283858842927,,-0.012116683430796926,-0.045345664794860456,-0.1576682956954783,0.21512205816610433,,0.3085385026607783,0.020308472885826444,-0.07531152660414625,-0.2632219948552588,0.07062336486052895,,-0.014122965684626803,0.0029574923417879256,-0.007162150259642815,-0.003429425741053765,-0.007162150259642829,-0.010129529280946965,-0.003946188467058577,0.004121966950214391,0.02186405243677543,0.01982716182096959,-0.008751996601373505,0.016439659210849805,-0.007162150259642823,0.0006590543322476595,0.017512593311645473,-0.0047310722067227945,-0.01601960522357182,-0.017549845122912782,-0.00716215025964282,-0.014327352680374173,0.014086783540381774,0.017919939862840475,-0.010129529280946965,-0.010129529280946951,-0.007162150259642823,-0.010129529280946967,0.0041855024555612986,0.023509093462637902,0.020200645045967816,0.014315653640381827,-0.010129529280946958,-0.007162150259642812,0.01982716182096959,0.005852252915494449,-0.006460259641605047,0.020213585701757096,-0.007162150259642812,0.0014533530780095898,-0.00027330868450093504,-0.008751996601373466,-0.008751996601373496,-0.007162150259642823,-0.01992435524977853,-0.004710533526288551,0.007189367011319315,-0.007767892127891883,0.020034930878059864,-0.023868590763357903,0.0046618252575037974,0.004510929116788403,0.005790551180041779,0.0016876207667206598,-0.020578825390961772,0.0046618252575037974,-0.004537376557888311,0.010441751703996142,-0.004346544163194035,-0.0084953954538292,0.0046618252575037974,0.006554685839613905,-0.01113501289874745,0.011441700424297272,-0.01992435524977853,
senior_citizen,0.15088932817647277,1.0,0.01656687768180928,0.220317895366069,0.1033231680095159,-0.017399114902916707,,0.10331944587507078,0.21820014635718454,0.10342271736263885,0.04699713085089456,0.13836046440264274,0.1717177786909364,0.20562007664086282,0.18553213243212024,0.2155637893131158,0.01638454219138738,0.030179857027880445,0.022654079607921037,0.02463185008564468,0.01971801416862346,0.0006948973261418506,0.015199268423520889,0.030807487007899825,-0.00972156664082501,0.015275561893179579,0.004753191002699252,0.02162559615617225,0.021959292326094036,0.0018365262093653226,-0.0008162834432981748,-0.0008413604945373684,0.022003677883105584,0.00565606708157629,0.0023701622445093887,0.017256960568456547,0.00770228014557978,0.0034436832232662687,0.0038474956743507534,-0.09909890663290821,-0.08298022919977636,-0.05625450883732961,-0.06873875539565097,-0.07870509623124901,-0.04490663756636329,-0.08977181761911059,-0.05844328896426395,-0.08298022919977636,0.006403312872245612,0.016532037959907035,-0.006848527047565175,-0.010700238112629816,-0.10301113685246328,-0.06498608591475008,-0.05137455321284381,-0.026854959248314676,-0.06908350923924875,-0.09871570594393232,0.010178859813025886,-0.08779512160775153,-0.010178859813025902,-0.06382331383586883,-0.060169832525073304,0.06949088537928694,-0.08098122012473283,0.0018737116382607489,-0.0018737116382607493,,-0.016478657597413966,0.016478657597413994,,0.21118508849395795,-0.21118508849395812,,-0.008576401079279415,0.008576401079279424,,-0.13621309673896842,-0.008576401079279415,0.14294817476276214,,-0.10832221369858286,0.255337772955128,-0.18274172290672458,,0.18553213243212024,-0.18274172290672458,-0.03865270449719497,,0.08795164806618289,-0.18274172290672458,0.0665721351451349,,0.09481048468668808,-0.18274172290672458,0.05942849428693292,,0.20562007664086282,-0.18274172290672458,-0.06062459069356298,,0.049061697629501105,-0.18274172290672458,0.10537766784282401,,0.03420956058873174,-0.18274172290672458,0.1201762511889655,,0.13836046440264274,-0.04626244292701935,-0.11700001812504615,,-0.1565295593111737,0.15652955931117354,,-0.01615894086219955,-0.024135372360318947,0.1717177786909364,-0.15347749042895872,,-0.05830327440853614,0.04059156525407366,0.08224969967340594,-0.06453030490583768,,-0.021873659615900046,0.0021437508782224542,0.020747906136083127,0.00823379040911832,-0.014520722994904665,,0.014102896968859135,-0.01658822570649604,-0.0052423043897756125,-0.01977913476589397,-0.005242304389775613,-0.007414264416524131,-0.011725479603410315,-0.009942976408582856,0.010574311505016452,-0.005242304389775607,-0.0016507173738132533,0.004981002637533508,-0.005242304389775606,0.002110830370326824,-0.002034535194688123,0.0031058415156244726,0.0027373142401657044,-0.012845531969098295,-0.005242304389775599,-0.010486842795439273,-0.003611497203305189,-0.003398570823346583,-0.007414264416524131,-0.007414264416524123,-0.005242304389775606,-0.007414264416524122,0.012719587179277108,0.00583013543660872,0.01720010808374166,-0.002861975109863481,-0.007414264416524135,-0.005242304389775611,-0.005242304389775608,0.014943531746547492,-0.015453288463817268,-0.002861975109863449,-0.005242304389775613,0.010574311505016403,0.011071912947026266,0.01057431150501638,-0.001650717373813256,-0.005242304389775606,-0.010178859813025902,-0.027674452925480462,-0.01847541835501782,-0.03220703535484595,-0.01137984831142166,-0.029900848987391034,0.08779512160775166,-0.05690626590189208,-0.020251418905119074,-0.01061856559179107,-0.014848346158406486,0.08779512160775166,-0.04430601872041189,-0.024014750724780473,-0.021605894706672547,-0.015217783289810697,0.08779512160775166,0.021413977235734512,-0.014898710886441355,-0.003116015938273446,-0.010178859813025902,
tenure,-0.3522286701130792,0.01656687768180928,1.0,0.247432626568417,0.8268160830523565,-0.05213467496423316,,0.826811108186606,0.24640572276285164,0.8270883538872746,-0.6072999066511635,-0.6455614232660719,-0.20836250343949034,-0.2621430446280375,-0.2637461471340643,-0.4428799457472226,-0.015258029957405063,0.001310661648498433,-0.005691316037296725,-0.013363793677053742,-0.004339275150521861,-0.017079332490339025,-0.019585722906870936,-0.008086517379745698,-0.0023499432230195735,-0.016891171388636994,-0.021668663039731428,-0.005991628382044512,-0.01580937854857147,-0.008563115717700912,0.002216829653257183,-0.01621959896921745,-0.021583575780697237,0.010568416608651645,-0.023515246182286672,-0.005194110008366523,0.0025301405110857715,-0.023405559092368917,-0.023156841765079008,0.019448654072698933,0.021987636955916212,0.002490148015457197,0.0033912497602126236,-0.004024057511264749,-0.014220486928586679,0.015548288223477081,0.007569418559383432,0.021987636955916212,0.007166851857314266,0.006560248313236741,-0.02068241150587303,-0.018614427379188603,-0.0007389020868927245,0.014935979351950884,-0.0038965393452099423,-0.023068336161459257,0.0009528303728663939,0.007527827814137794,-0.020443592402459833,0.003753243389913843,0.020443592402459833,-0.45589432763955867,-0.4499153941043174,0.10926470906052038,0.6530989338100873,-0.0051062226199498125,0.005106222619949773,,-0.37969746116829545,0.3796974611682955,,-0.15971233121691739,0.15971233121691758,,-0.008448206732743777,0.008448206732743765,,-0.3230880898726128,-0.008448206732743777,0.33194055560918634,,0.01327408764927388,0.019720367686755873,-0.03906198211042814,,-0.2637461471340643,-0.03906198211042814,0.32720277316824536,,-0.31269380305204947,-0.03906198211042814,0.3602769889846742,,-0.3127402234192818,-0.03906198211042814,0.360652866932472,,-0.2621430446280375,-0.03906198211042814,0.32422077199936444,,-0.24503868570619658,-0.03906198211042814,0.27975608223591675,,-0.25222023689545053,-0.03906198211042814,0.2861105877784614,,-0.6455614232660719,0.20257047544941803,0.5585326708193905,,-0.006152481598271143,0.006152481598271151,,0.2435104444384972,0.23300552501250052,-0.20836250343949034,-0.2338520501238726,,-0.18893281941228451,0.16815201656907316,0.679547624421713,-0.658734983650251,,-0.6274417583219443,-0.23546949323517502,0.08413618332141852,0.8528205152156693,-0.31200850526994445,,-0.01362138276196518,-0.007172408699615208,0.014862584888971539,0.015235718577673443,0.01874456785284669,-0.014666866516769751,0.022389637678971366,-0.00428676624028058,0.0008076919325178609,-0.009399808635248818,0.001725115130389333,-0.005019338662219313,0.006128123220252105,0.021510425671706555,-0.01180875439849815,0.025298725069940305,0.014140935725521752,-0.005395607077466278,-0.011340800117186427,0.0018238057510839662,-0.007345220298817815,0.00824431394622161,0.017588897425161582,0.014500579600933853,-0.011826047987670993,0.006265065402994035,-0.009933233793265293,-0.005072159321594598,0.0004654561711182123,0.008080906108155157,0.0007747226043675865,0.019229815723331076,-0.01182604798767087,0.006413429331056527,0.010917895855028392,-8.42090406185542e-05,-0.0011505948370139284,-0.003595939417265367,-0.025843097924429674,0.01401858598186682,-0.012770171395979898,-0.010370304376217842,0.020443592402459833,0.0073394080003687185,-0.012414196158116925,0.0017421542223758325,0.0033199050375886537,0.006141947038167039,-0.0037532433899139057,-0.00212325321917505,-0.010416156975225074,0.009144541887728794,0.010270607599595917,-0.0037532433899139057,0.00575187682932683,-0.007875034622630847,-0.002584242976665922,0.010315675833677028,-0.0037532433899139057,-0.01762959843556292,0.0014445606565316469,0.006267106465641807,0.020443592402459833,
monthly_charges,0.19364616123838232,0.220317895366069,0.247432626568417,1.0,0.6506055483783452,-0.030697355821266346,,0.6506044595624183,0.9963046159258511,0.6509807454198598,0.09563758693598093,0.06066846063148661,0.271928217395123,0.3227616724228568,0.3616216882535221,0.29218642192593997,0.01877801335730496,0.018799558769561697,0.010732903606935162,0.004921945663506769,0.006956322165071624,-0.009381061982307854,0.012266541089639219,0.006078701208302109,0.007344726276351633,0.0015749006716571704,0.0011174282496061408,0.010920487988211741,0.00902713155191399,-0.012251639263089956,0.011041551396266428,0.002046913960103461,-0.0005422156231259092,0.0033322230971844446,-0.00307697579972703,0.00968546322154265,0.0021860861943460807,-0.0023940359391549015,-0.002194458355980885,-0.027915227648098024,-0.03089137980341412,-0.004545494868493043,0.005339293574952679,-0.016523840101877563,-0.015227829633428598,-0.02531757842520234,0.001756886641691787,-0.03089137980341412,0.010917315495385174,0.011357768872956144,-0.021779308674037053,-0.018944272094050685,-0.02033220623117319,-0.019516667097930613,0.0032085407664412887,-0.011798730398926335,-0.01870401297595141,-0.023892811856961425,-0.0003205369302981215,-0.017957293127407493,0.0003205369302981241,-0.14474803309928685,-0.13906147142857328,0.4248342078888931,-0.05705924221665262,0.014525165207433114,-0.014525165207433114,,-0.0967818793288882,0.09678187932888821,,0.11400872276746178,-0.11400872276746168,,-0.24749135892917357,0.24749135892917354,,-0.3380937798964018,-0.24749135892917357,0.4902673654755854,,-0.1600454625058219,0.7871850120668056,-0.7638663663031591,,0.3616216882535221,-0.7638663663031591,0.296076340527808,,0.21129715376074742,-0.7638663663031591,0.441480953125761,,0.17234549031383453,-0.7638663663031591,0.4824286589518395,,0.3227616724228568,-0.7638663663031591,0.33783019823798427,,0.01729217227644744,-0.7638663663031591,0.6295225684469751,,0.018414419529925667,-0.7638663663031591,0.6273503400178475,,0.06066846063148661,0.00487885577327134,-0.07524258799605835,,-0.35222608833801905,0.35222608833801944,,0.042689241403272245,0.030411997509252508,0.271928217395123,-0.37752196471813604,,-0.27062642157708655,0.07439181537940888,0.5526309546120405,-0.356382263056784,,-0.17179608872837587,-0.04651148157541269,0.02120915532292367,0.20792904067384002,-0.06429291531115411,,0.009044508222651619,-0.018451617505170628,0.007888839475884578,0.015182200567551957,0.010227705069467711,-0.008423732713546428,-0.0076162128060052155,-0.00012059935400125817,0.0058162816371701625,0.007650988737554102,0.007764926427612617,-0.011596046752509442,0.015420779523016575,0.02616497630089095,0.007582396260871486,0.009281368530501108,0.012076710671728344,-0.020026036785813012,-0.0019225034802478778,0.010616597498090538,-0.00763253540662745,-0.008209801533882751,-0.008059304118967981,0.012474845537086538,-0.0039640556509177366,-0.013806062725781746,0.0002845892504798719,-0.007086322786605007,0.01509138603527152,0.006521878932503369,-0.007933155759306212,-0.0014071602138651736,-0.005906503347283442,0.025774982227346373,-0.020082955914184786,0.01100993249148882,0.007750093211858441,0.010223216778632385,-0.014213591828961718,0.01145985674179792,-0.007516945602049371,-0.011535637487771448,0.0003205369302981241,-0.00981108735486974,-0.003344090324050844,-0.004525410946106618,0.014470005742253877,-0.022448691740649045,0.017957293127407487,0.010075967673826593,-0.024326101196908187,-0.020247485485805513,0.011303656002228017,0.017957293127407487,-0.002064072069625969,-0.00500136889893891,0.0024241509645588407,-0.019805363673324517,0.017957293127407487,-0.009043572275721366,0.010860516314206554,-0.0007154494061612581,0.0003205369302981241,
total_charges,-0.19834838341480418,0.1033231680095159,0.8268160830523565,0.6506055483783452,1.0,-0.03985307212437435,,0.999999940205214,0.6502426945508425,0.9995761860866301,-0.43570173769847115,-0.4443259389064117,-0.05907227521626931,-0.0820383722766542,-0.0622132793487019,-0.21093634964280975,0.005104087465014971,0.018822094805146794,0.010094427913513832,0.004030109143955018,0.013839962172018263,-0.01274459629878958,-0.0024623857778024484,0.0033959940015412106,0.001341126996973922,-0.009152922806921687,-0.013456058537073507,0.013321002479521626,-0.0032154104033274658,-0.00610574980309672,0.0066211795281127745,-0.011030446170212305,-0.007862933311973876,0.006024980675871614,-0.016404213749480076,0.010292977238504758,0.008909673996239813,-0.01542649148675984,-0.014880560407040699,0.0025184879569249657,0.002124509778046032,0.001656543932748537,0.007897436864176972,-0.009825135787344567,-0.019786329733105054,-0.0011110659524544231,0.0031118647185502126,0.002124509778046032,0.01757849631042255,0.017676627439013652,-0.028059225751224177,-0.02565555984040077,-0.00960928316060247,0.0013041446457077172,-0.00012267305648623857,-0.02348904724757832,-0.009480490197497119,-0.005316680411685461,-0.01588905201956301,-0.004232032519081271,0.015889052019563022,-0.35878029146094786,-0.35447343714666263,0.2767529246954725,0.4573250738898314,-2.3587724683045844e-05,2.3587724683001456e-05,,-0.3176287323278755,0.31762873232787514,,-0.062028807586524334,0.06202880758652431,,-0.11318043638894318,0.11318043638894323,,-0.39614441142596185,-0.11318043638894318,0.46857089420519865,,-0.051808087247831466,0.3614521606465236,-0.37573941940300615,,-0.0622132793487019,-0.37573941940300615,0.4110996118111844,,-0.17583924743689403,-0.37573941940300615,0.5092176872184804,,-0.18766769949795786,-0.37573941940300615,0.5219711339169513,,-0.0820383722766542,-0.37573941940300615,0.43143155898330277,,-0.19554706060429008,-0.37573941940300615,0.5150714699525153,,-0.20187647099221726,-0.37573941940300615,0.5202457184471395,,-0.4443259389064117,0.17173576879493874,0.35368638648890827,,-0.15852381517170647,0.15852381517170644,,0.1861078684359873,0.18290974191552142,-0.05907227521626931,-0.2960679454898581,,-0.36246453956075136,0.029809941556780312,0.8757710167934823,-0.543110774570665,,-0.4873982770723363,-0.21005953556350274,0.02710779586086697,0.7250963475789587,-0.25431980397175513,,-0.006006075880866829,-0.01808571012886129,0.016349569226077425,0.013178933397132766,0.020890948224217224,-0.012744523862995197,0.006449808006532781,-0.009581945037821338,0.011693893057926013,-0.006232091800957229,0.0012604242170580733,-0.0069594778451971435,0.013027837208802358,0.027310205882699553,-0.010980485061967938,0.024357820745177526,0.02242141490789823,-0.010856486425866093,-0.009147538475060541,0.0038239011931758674,-0.014616640291818103,-0.006043924601021172,0.0055201056248338765,0.02081296855167583,-0.009656647493661874,-0.007215765106389912,-0.009602314798429483,-0.010295982334747317,0.005061635763085476,0.011102769741513592,0.003994262174909488,0.01114220919169377,-0.01008007011607192,0.01779275968770446,-0.0038480171660661183,0.00790401633236118,0.0008511411838917148,0.0006388384673369649,-0.021613520833071546,0.0204085551769108,-0.014690453081318154,-0.009766062430336939,0.015889052019563022,-0.0035718111251309237,-0.012641488180161918,0.006577510989524055,0.006526227922132681,-0.0008974450338799785,0.004232032519081207,0.007238293403855707,-0.02189929908186788,-0.001690196694589527,0.011760894426323805,0.004232032519081207,0.005101443780407988,-0.01393544077725311,0.001734554053593178,0.002139846201127464,0.004232032519081207,-0.018754761303032916,0.015110084384000775,-0.0018737930118692659,0.015889052019563022,
total_charges_missing_flag,-0.02377104915207222,-0.017399114902916707,-0.05213467496423316,-0.030697355821266346,-0.03985307212437435,1.0,,-0.03950863003756989,-0.030626469089551547,-0.03953018032754548,0.11452413464848774,-0.043742155336211036,-0.028121752089384302,-0.031818168373130826,-0.032096647211635694,-0.04574075372747826,-0.0013892770567025406,-0.0031230046083473156,-0.002572823102850127,-0.009148763539549949,-0.007750345806522927,-0.005499820888147652,-0.0004018930812121227,0.000989420822856883,-0.0029514942816281703,-0.005575223236211625,0.01661441696367255,-0.008191167269717371,-0.006691705260073889,0.0004236466033699122,-0.008403775166244304,0.006697371648964601,0.003796092448333986,-0.005503437181677618,0.010857014440264804,-0.00342903962987434,-0.004015156324328948,0.01043117503236692,0.010161956978354163,-0.00033861889024282916,-0.003561889105667608,0.003854666564576089,-0.002124131211121241,-0.016414929676333293,-0.006474503365893966,-0.009616583063066493,-0.007059268249917925,-0.003561889105667608,0.007026236936811724,-0.0020863767137573935,0.004009602703356278,0.003708695896073593,-0.0012880039155837584,-0.002070896049418378,0.004375493449805674,-0.010845684740055738,-0.013135683707008272,-0.0017179140209099086,0.008685145452750344,-0.004400596532188141,-0.00868514545275034,0.10353339781093163,0.07397234221682973,-0.018397398834235624,0.009580583631793546,-0.0032194386717371553,0.0032194386717372065,,-0.026526201188299927,0.02652620118829991,,-0.06047435452864464,0.06047435452864459,,0.01136577785507945,-0.01136577785507952,,-0.0021201063276547975,0.01136577785507945,-0.0046611089152531525,,0.009226597386132792,-0.035028684228300196,0.03156447088559697,,-0.032096647211635694,0.03156447088559697,0.006731875273786795,,-0.027701803773548042,0.03156447088559697,0.0015605485633191668,,-0.027774180951099584,0.03156447088559697,0.0016443740084139673,,-0.031818168373130826,0.03156447088559697,0.006397964116838414,,-0.02488197018260694,0.03156447088559697,-0.0016844204231235382,,-0.0025716579872203443,0.03156447088559697,-0.024106414041821695,,-0.043742155336211036,-0.011498223048134814,0.061842588096872715,,0.025713560110988687,-0.025713560110988704,,-0.003575996620408126,-0.012030259236716597,-0.028121752089384302,0.04692065906795544,,-0.02283691266848577,-0.022828266825685433,-0.022836912668485716,0.0684977698551627,,0.07664694944007179,-0.016313408756218103,-0.021391570297281167,-0.027001162277651855,-0.013190928084351062,,-0.001491374121323863,-0.0014913741213238628,-0.0004713124381923642,-0.0023605882113075577,-0.00047131243819236254,-0.0006665837730388736,-0.0010541860925963277,-0.0017007909065639135,-0.00124750707166617,-0.0004713124381923643,-0.0012475070716661664,-0.002407508600552157,-0.00047131243819236194,-0.001564277588168377,-0.004499787983166482,-0.004575156807465819,-0.0010541860925963268,-0.0011548850547560053,-0.0004713124381923646,-0.00094282572688803,-0.0018272024322183655,-0.0013337359398558955,-0.0006665837730388736,-0.0006665837730388708,-0.0004713124381923619,-0.0006665837730388697,-0.002110622556401268,-0.0014147411448379261,-0.0010541860925963231,-0.0021628985343745025,-0.0006665837730388738,-0.00047131243819236384,-0.0004713124381923645,-0.002713656497203646,-0.0020570339550840797,-0.0021628985343745163,-0.0004713124381923639,-0.0012475070716661731,0.014436154237047359,-0.0012475070716661768,-0.0012475070716661699,-0.00047131243819236135,-0.00868514545275034,-0.009930841922038521,0.012178806346770623,0.006008151744517329,-0.014515071436586605,0.00020213511932415298,0.004400596532188152,-0.005227071582206333,-0.018452517864604976,0.004459868923230654,0.01702170229879184,0.004400596532188152,0.004228018904763096,-0.018897218755285442,-0.00711144691196689,0.01897119662413821,0.004400596532188152,-0.0014024345025374614,0.006585602520436184,-0.0004128131468141272,-0.00868514545275034,
identity_confidence_score,,,,,,,,,,,,,,,,,,,,,,,,,,,,,,,,,,,,,,,,,,,,,,,,,,,,,,,,,,,,,,,,,,,,,,,,,,,,,,,,,,,,,,,,,,,,,,,,,,,,,,,,,,,,,,,,,,,,,,,,,,,,,,,,,,,,,,,,,,,,,,,,,,,,,,,,,,,,,,,,,,,,,,,,,,,,,,,,,,,,,,,,,,,,,,,,,,,,
total_charges_imputed,-0.19835921553780522,0.10331944587507078,0.826811108186606,0.6506044595624183,0.999999940205214,-0.03950863003756989,,1.0,0.6502415982470239,0.9995762434248253,-0.4356699434025912,-0.4443475149848788,-0.0590819325969346,-0.08204795704325991,-0.06222237799152577,-0.21095464439176004,0.0051036663733884805,0.018821458739729124,0.010093891028431673,0.004026988960132407,0.01383744503022226,-0.01274625889015009,-0.0024625384343124656,0.00339646431758207,0.0013397380466807366,-0.009154853304031667,-0.013449888843302895,0.013318362241640977,-0.003217552224627634,-0.0061057230824612795,0.006617594119716721,-0.011028014013346575,-0.007861233026501688,0.006023081027018393,-0.016400495586488,0.01029215182624296,0.008908488400112782,-0.015422896506386582,-0.014877048230844727,0.002518428712847373,0.0021234282195115553,0.0016577219468246749,0.007896833754133286,-0.009831140190731317,-0.019789096467809148,-0.0011142697470786162,0.003109629049094348,0.0021234282195115553,0.017581516716471717,0.0176765622339457,-0.028057929547399902,-0.025654401873872978,-0.009610137400473609,0.0013035820192288559,-0.00012099310244070304,-0.023493468328604557,-0.009484971514857209,-0.005317264072697013,-0.015886095653425726,-0.004233728541587109,0.01588609565342573,-0.35875182910225256,-0.35445493614720003,0.27674963324267227,0.4573351925548816,-2.4837636369236193e-05,2.4837636369222305e-05,,-0.317642524761314,0.31764252476131377,,-0.06205032866091048,0.06205032866091033,,-0.11317768259554051,0.11317768259554076,,-0.3961510963996635,-0.11317768259554051,0.46857600862973053,,-0.051803477815934806,0.36144476608289344,-0.37573582474702605,,-0.06222237799152577,-0.37573582474702605,0.41110639703365187,,-0.17584966030941304,-0.37573582474702605,0.5092254416856149,,-0.1876780527168063,-0.37573582474702605,0.5219788340477864,,-0.08204795704325991,-0.37573582474702605,0.4314388541871808,,-0.19555681622338492,-0.37573582474702605,0.515078246304065,,-0.2018786755050345,-0.37573582474702605,0.5202448913341114,,-0.4443475149848788,0.17173658609719059,0.3537107174127372,,-0.15851732095186186,0.1585173209518618,,0.18610963837816402,0.18290799824836748,-0.0590819325969346,-0.29605712391630284,,-0.3624777732155885,0.029804637192888374,0.8757763463558674,-0.5430975671186591,,-0.4873814306208237,-0.21006800148775093,0.027102808634102193,0.7250980074068492,-0.25432835636963197,,-0.006006583140794878,-0.01808646149314941,0.016349777665971156,0.013177264162560298,0.0208912484359636,-0.012744953880398124,0.006449665575576483,-0.009582578744756792,0.011693806577700448,-0.006232339689608048,0.0012601268980618181,-0.006960890980795994,0.013027978523379878,0.027310353012139594,-0.010982305903742735,0.024356784051852196,0.02242011621286158,-0.010857327662529559,-0.009147845278843218,0.0038237345123236896,-0.01461740844819359,-0.006044391837280279,0.005520044697719742,0.020810878628433473,-0.009656964585482148,-0.007216083399042661,-0.009603054959982647,-0.010296556456184767,0.005061465280046566,0.011101711952298697,0.003994170413663202,0.011142312401639024,-0.010080395764385382,0.017792417090169915,-0.003848627179270102,0.00790211377849032,0.0008510364326918777,0.0006385285873816075,-0.021608260896613447,0.020408644801936195,-0.014691072734469316,-0.009766381733206247,0.01588609565342573,-0.0035750310258444926,-0.012637426077142836,0.0065788727749355935,0.006521562469552771,-0.0008973161037577034,0.004233728541587049,0.007236400506554706,-0.021906410945011473,-0.001688137883860706,0.011766945252018124,0.004233728541587049,0.005102732880383568,-0.01394196824828495,0.0017320120181854456,0.002146465604511606,0.004233728541587049,-0.01875527188551382,0.015112283197511579,-0.001873868572983114,0.01588609565342573,
avg_monthly_spend,0.19300987867917008,0.21820014635718454,0.24640572276285164,0.9963046159258511,0.6502426945508425,-0.030626469089551547,,0.6502415982470239,1.0,0.6489623698885111,0.09529529483593972,0.059866423100294844,0.27116087495879443,0.320391505969184,0.35867737841073866,0.29065707236104277,0.018346119944665697,0.018678237367218763,0.011857558933936736,0.005027841970593001,0.0068138346703305284,-0.008917823289752177,0.011492193136389398,0.007853065351282884,0.006035844718979967,0.00036902230968102637,0.001958477196283885,0.010739852490118228,0.009975633218700802,-0.012827558268696337,0.01174137522689986,0.0027966193110659865,-0.0005209587992269209,0.00360250781131071,-0.003278581472911617,0.011414631579820242,0.003313701595776022,-0.002479677613633685,-0.002224312904254845,-0.02691858520431987,-0.030085052958463924,-0.004066743138511773,0.006583930274594129,-0.01573263728504971,-0.015860116281975315,-0.024588239200273605,0.0015604042833449443,-0.030085052958463924,0.013186815991151044,0.013592830040539362,-0.020431846338606854,-0.01762388254833723,-0.019545311923252727,-0.01920572225766604,0.003954518930102083,-0.01259480336742267,-0.018205404002012614,-0.02316468528712041,-0.00027878488054202034,-0.0172962526919267,0.0002787848805420111,-0.14385663154827935,-0.13802584874754154,0.42550582879990645,-0.056871386816222266,0.015241179519976519,-0.015241179519976552,,-0.0958786559326499,0.09587865593264984,,0.11418917676880007,-0.11418917676880001,,-0.2475952376326194,0.24759523763261967,,-0.33683387090639033,-0.2475952376326194,0.489054868656648,,-0.1593328165974777,0.783650393695666,-0.7604295472627041,,0.35867737841073866,-0.7604295472627041,0.2962007043642983,,0.21041823102209498,-0.7604295472627041,0.4394197196176702,,0.17040485534642003,-0.7604295472627041,0.4814755945407048,,0.320391505969184,-0.7604295472627041,0.3373214244075695,,0.01753210948204891,-0.7604295472627041,0.6263703353476953,,0.016637607921745273,-0.7604295472627041,0.6262275065277112,,0.059866423100294844,0.005401404345632773,-0.0748063780429085,,-0.3498223710976512,0.34982237109765185,,0.042016616845012,0.030221636126102853,0.27116087495879443,-0.375810468264646,,-0.27081379191810245,0.0728197790941956,0.5515354014750612,-0.35352760094316654,,-0.17113500184596236,-0.0471519550681129,0.02009224478304895,0.20746054583442392,-0.062154194123613914,,0.010586854477357606,-0.01865711711859644,0.008149986607325872,0.01334138402611565,0.009143378700045893,-0.008335888019879223,-0.00721391689815482,0.001744338436497414,0.005655060550497826,0.007711802047569816,0.007868217170266147,-0.010700152861531878,0.01611672269344936,0.02632037566809803,0.004360773188043379,0.011180265673103339,0.009826748748689692,-0.01893212491695506,-0.0017739883311479211,0.009426555617006399,-0.007290722375141252,-0.00802658964068312,-0.008586173349276445,0.011879744329124517,-0.0035675302439492585,-0.013404642041418162,0.0005061916964718675,-0.005934209913498036,0.01684132944443161,0.006179389620178629,-0.006481930304356326,-0.0014936015155040715,-0.007536884830938819,0.02406976391147823,-0.020099232357949276,0.009195016050574533,0.006538423466463264,0.010411317174597829,-0.01330514304001254,0.011047303236932421,-0.009141825658238976,-0.010324150972204843,0.0002787848805420111,-0.009326224200982407,-0.004037748895524306,-0.004082616163907924,0.014480188350563875,-0.021684601146333755,0.017296252691926632,0.011445989983849573,-0.02491054963216831,-0.020945006819872696,0.011872521736757957,0.017296252691926632,-0.002662862274419702,-0.004060972166677632,0.002437693644876377,-0.019226499786639407,0.017296252691926632,-0.009769458736533322,0.011943657447398297,-0.0009159046671493472,0.0002787848805420111,
estimated_customer_lifetime_value,-0.19852453408500487,0.10342271736263885,0.8270883538872746,0.6509807454198598,0.9995761860866301,-0.03953018032754548,,0.9995762434248253,0.6489623698885111,1.0,-0.4358831902243021,-0.44424884157239464,-0.05941581271057331,-0.08171669607368444,-0.0621331770933915,-0.211033744483795,0.005127386932224724,0.018748786019753938,0.009836668707363582,0.003795421039935747,0.013743826522143338,-0.012617472133145076,-0.0023418685800591925,0.0033209542064001397,0.0016875463950060438,-0.008802360506543653,-0.01377460988714035,0.013220874299282896,-0.0034979476551928283,-0.005952793355777912,0.00611979364518664,-0.011334434698143507,-0.007929774587876866,0.006251213403003007,-0.01676601984122115,0.009922029529958805,0.00851809632478157,-0.01580551014571961,-0.01527253003180734,0.001989092164034884,0.0017512519474705097,0.0012254695014207195,0.007259453967144286,-0.010396028347166023,-0.019902132031563654,-0.0014575846574533362,0.0029206119791732998,0.0017512519474705097,0.016988473220938275,0.017233732866441916,-0.028487840932786748,-0.026108834320786898,-0.010150418330580587,0.001073331769921931,-0.000603864373303806,-0.02355458418832568,-0.009683699236569655,-0.0058776334628908074,-0.01612674596548788,-0.004735952626988594,0.016126745965487847,-0.3590063809801219,-0.354700651425514,0.27664094891133734,0.45750860515219016,-5.015060550660408e-05,5.0150605506566144e-05,,-0.3176220882812585,0.3176220882812585,,-0.062259157405544205,0.06225915740554422,,-0.11330440728635748,0.11330440728635748,,-0.3963040626059714,-0.11330440728635748,0.4688066567262959,,-0.0518418056473514,0.3617929036860169,-0.37611106424450963,,-0.0621331770933915,-0.37611106424450963,0.41134962726921787,,-0.1760101887888826,-0.37611106424450963,0.5097182431562501,,-0.1871357217902731,-0.37611106424450963,0.5217376151469507,,-0.08171669607368444,-0.37611106424450963,0.4314145617885472,,-0.19551068541144415,-0.37611106424450963,0.515349603732435,,-0.2014192273457196,-0.37611106424450963,0.5201011229546371,,-0.44424884157239464,0.1711672702708442,0.354137518060774,,-0.15878083517526884,0.1587808351752692,,0.18656313924853898,0.1829162821716497,-0.05941581271057331,-0.29613651179070705,,-0.36249291397663835,0.030012795428393708,0.8760086663413775,-0.5435228651659069,,-0.48762117185664966,-0.21006126959860508,0.02739226238942775,0.7252408535238514,-0.25463594381143206,,-0.006174800466846482,-0.01795923225941515,0.016119026886267332,0.014277972642031192,0.02190141423389207,-0.012761116477213393,0.006353191697893571,-0.009975170111328072,0.011379923623133052,-0.006250334549854372,0.0012462867191297352,-0.0065699551859628325,0.012591353846073341,0.027023766701151673,-0.01030718507512764,0.023854759367069503,0.023841420301312522,-0.010957662917320402,-0.009170543031085656,0.004116460498242568,-0.01481273496037874,-0.006266126492875654,0.005871301085083256,0.021105187768871964,-0.009703887945641735,-0.007270120209292499,-0.009323402475127088,-0.01064574314462626,0.004679425764599227,0.011023387452652864,0.0026298263536501335,0.011231086920076629,-0.00991068439124603,0.018278139576175807,-0.003706772960942306,0.007939684731322033,0.0013270142930985988,0.0010486048984594746,-0.022187763490525366,0.020244886077628265,-0.014339957376709865,-0.009945765931125337,0.016126745965487847,-0.003298730359449011,-0.012574588033033018,0.006048678704031794,0.006220063566418556,-0.0012048864456996296,0.004735952626988561,0.006753405019155759,-0.022175938654794506,-0.0013662527706275692,0.011658815428356874,0.004735952626988561,0.00562973157230477,-0.014562200206320054,0.0014114910660852236,0.0018484524847135356,0.004735952626988561,-0.01853589416856926,0.014611431471714589,-0.0017684806419532998,0.016126745965487847,
monthly_charge_to_tenure_ratio,0.4195853063192062,0.04699713085089456,-0.6072999066511635,0.09563758693598093,-0.43570173769847115,0.11452413464848774,,-0.4356699434025912,0.09529529483593972,-0.4358831902243021,1.0,0.44080485112401696,0.2686474935135136,0.33015218776673044,0.33229895865308395,0.4080900850117512,0.01020064764192848,0.002606289817203874,0.00799786103044164,0.007110786281741517,-0.0039027606776956664,0.006252149754854759,0.011089034212523611,-0.0005844632790335624,0.011557702764529677,-0.006116998077522096,0.025558807895005135,-0.004305707548379111,-0.000319587804226059,-0.00636766586381967,0.008864836829808683,0.009835680311462074,0.007502000974747142,0.0017100724467322315,0.009942609185289015,0.005374060611949405,-0.0035914385091624958,0.010100045964543445,0.009949073985231352,-0.015689421645401068,-0.01584598532770185,-0.0028509092579832047,0.0044214483366963415,0.0062109082259439825,0.007521113611182909,-0.013899022859224706,-0.0005053789822402823,-0.01584598532770185,-0.01531456206507325,-0.018078081408690536,0.029352437127440668,0.027232963119172688,-0.006046529644551201,-0.014887027639410426,0.009835582989159243,0.014042242344400558,-0.00945739774723441,-0.004506633954390605,0.016106636754985578,-0.010710603641759502,-0.01610663675498562,0.5784576541761044,0.5599867754780928,0.03557092848663176,-0.47774045537385257,0.007436110181459064,-0.007436110181459043,,0.2617114534426881,-0.2617114534426878,,0.15680613083288647,-0.15680613083288655,,-0.08043349043550053,0.08043349043550033,,0.17725369392978232,-0.08043349043550053,-0.13116932376786375,,-0.05815187714521341,0.22958024784421327,-0.20955005941407356,,0.33229895865308395,-0.20955005941407356,-0.17650482896051536,,0.33410282019994486,-0.20955005941407356,-0.16715015190667343,,0.3327367387340173,-0.20955005941407356,-0.16592331446600936,,0.33015218776673044,-0.20955005941407356,-0.1734688491343287,,0.24490473989211017,-0.20955005941407356,-0.06906789335697269,,0.2560784638530117,-0.20955005941407356,-0.07978743695527843,,0.44080485112401696,-0.2334847892328611,-0.290842805988616,,-0.10148432920576578,0.10148432920576578,,-0.17074036525753142,-0.1692654250887098,0.2686474935135136,0.031973405879979544,,-0.11869042472798233,-0.24076041377395357,-0.28433922905591735,0.6437444819446885,,0.774004651203277,-0.11880023857586909,-0.24835639999297326,-0.3674728454420749,0.005022259111129377,,0.008326398964174885,0.001612124385066207,-0.006193609758091148,-0.018397395152886846,-0.006285319574314534,-0.0033547137410066706,-0.013436547476546146,0.022445930105359575,0.010617470778329927,0.0004090247298027795,-0.010655059989901752,-0.004252305438816923,-0.0048809514591621195,-0.0011298724013642882,0.008915329546540465,-0.01528485608915698,-0.012136297716467313,-0.00849287873875375,0.0003898816394203914,0.005183304957868063,0.010459285588598457,0.0009477647160839462,-0.009781919462426875,-0.008148690986543595,0.0005215323662606763,-0.00858108819096623,-0.001081843828626126,0.026419994511745003,0.025113116027760573,-0.0010012330201170812,-0.005176589158471941,-0.006876736096807867,-0.0002464302069744409,-0.008757999156735597,-0.0007888876542111967,0.0005879302494177619,-0.004223505639729043,-0.004339263518682296,0.014745308976547307,-0.008076698222968463,0.00571974025793707,-0.003868784283279982,-0.01610663675498562,-0.00374891611850502,0.0034999722607195003,-0.011718358458270536,8.678904745544716e-05,-0.002999226158296762,0.010710603641759523,0.010556805674761425,-0.0022321595939942436,-0.023839086799526007,-0.000814763199320036,0.010710603641759523,-0.012827974110723693,0.01654043065121998,-0.009031724967572041,-0.008484541434533744,0.010710603641759523,0.003470996195292514,-0.005276070845308806,0.007891296226469901,-0.01610663675498562,
is_month_to_month_contract,0.4051029106879898,0.13836046440264274,-0.6455614232660719,0.06066846063148661,-0.4443259389064117,-0.043742155336211036,,-0.4443475149848788,0.059866423100294844,-0.44424884157239464,0.44080485112401696,1.0,0.3316614848172802,0.43910982854399083,0.40325527368952135,0.7412217155125986,0.01829973092177095,0.00709492165916559,0.0135005851284488,0.012176458986420407,0.008417089247318372,0.012001474526270225,0.021182366742618364,0.011666450216158548,-0.0018223268209338946,0.011192349710481497,0.009699980824718304,0.009561012578781265,0.021214955922876838,0.004121425533775957,-0.001967531839557982,0.016116030962070912,0.015092262585061562,0.008239091759534344,0.0038180408929529876,0.013304163422972446,0.018304856705478243,0.004605844570998294,0.005304321342280992,-0.0332761684201805,-0.027599475489094895,-0.018342505653742475,-0.010557177553065901,-0.020194188455168745,-0.014475364750892072,-0.018540594533742266,-0.009116586296983024,-0.027599475489094895,0.010220324131087373,0.015701285318603153,0.00818684168415344,0.00215199521550515,-0.014535524788604114,-0.013959436427785044,0.00402625888703631,-0.0020660586531703867,-0.003528552515045048,-0.018365896797017542,0.015343483292094132,-0.014585662159047382,-0.015343483292094137,0.29315601444798084,0.2918125169302472,0.022310199057245433,-0.6807491249953298,0.0033859456136271717,-0.003385945613627121,,0.2808652261083157,-0.28086522610831577,,0.23172016612971572,-0.23172016612971616,,0.0007424302790415949,-0.0007424302790416022,,0.08674010596729108,0.0007424302790415949,-0.08820313233782161,,-0.0655087607235972,0.2441641559739864,-0.2186387661615456,,0.40325527368952135,-0.2186387661615456,-0.24667886763136185,,0.33879627049377525,-0.2186387661615456,-0.16417233309254134,,0.39745402965016463,-0.2186387661615456,-0.22566200253940158,,0.43910982854399083,-0.2186387661615456,-0.28524131029556127,,0.2954791429870414,-0.2186387661615456,-0.11228242714593177,,0.30045652081397983,-0.2186387661615456,-0.1166333568185795,,1.0,-0.5687442811986984,-0.6226334072448405,,-0.16909644687222147,0.16909644687222178,,-0.17970688735759913,-0.20414496075693475,0.3316614848172802,0.004138055475923903,,0.03632453858187842,-0.024613658612954083,-0.3769302673872796,0.3652147270645115,,0.41894599183625786,0.1405646532476527,-0.05115876044270031,-0.5454208600008507,0.1836429579192989,,0.01135520226336122,-0.0038044393897241485,-0.013179388389395932,0.0011767581407415373,-0.01317938838939593,-0.0017004301780756,-0.008047027652480094,0.0056353877079021964,0.0013464998407979236,0.010774787720672639,0.0013464998407979295,-0.0014353024457790054,0.010774787720672632,-0.014831797561859218,0.019014418429564334,-0.005420256448915352,-0.01876270467203326,-0.0029460684144213905,0.010774787720672682,-0.0024051130308162666,0.0046255235660004595,-0.011875602915043337,-0.0017004301780756024,-0.0017004301780756416,0.010774787720672627,-0.018639793324025593,0.0214336670976723,0.008374945544120029,-0.008047027652480079,0.0075691984338180016,-0.0017004301780755582,-0.013179388389395924,0.010774787720672639,0.003526048070005875,-0.013501169150490475,0.002334529878301691,0.010774787720672677,0.010404186926508217,0.003153451871544655,-0.0077111872449126245,0.01040418692650835,0.01077478772067261,-0.015343483292094137,0.0011617647298709695,0.00037705608961182227,-0.016241234857163552,0.0053297227233902525,-0.012621582199224367,0.014585662159047389,0.002230452003458007,-0.010943675307159924,-0.012938302611110796,0.003006152794532096,0.014585662159047389,-0.01704952939834863,-0.00014741080993835128,0.0029790110081582286,-0.0019546316078361435,0.014585662159047389,0.015687514474577124,-0.00997969245042401,0.00027451004773559206,-0.015343483292094137,
is_electronic_check,0.3019187490112847,0.1717177786909364,-0.20836250343949034,0.271928217395123,-0.05907227521626931,-0.028121752089384302,,-0.0590819325969346,0.27116087495879443,-0.05941581271057331,0.2686474935135136,0.3316614848172802,1.0,0.339031317010925,0.33636406349295933,0.8251436926022279,0.0060828250572441895,-0.011178770442095818,-0.011507481090068876,-0.01335925216633308,-0.0008814814887098372,-0.00054800896647109,0.011444479337642154,0.0010584321237709184,0.0027599551780495223,0.02096079814419191,0.0032964333345975607,-0.0003245209748202169,-0.015371050417716794,0.013389813762141453,0.010722176723597425,0.017059849064864595,-0.016269224534299413,0.02826597113818323,-0.012186789942186313,-0.012632393537997439,-0.007001713509254364,-0.012776350304578578,-0.013011394185376385,0.006652925565026195,0.0023008834730139822,0.009634468309298991,-0.0021338216299871234,0.007650112468597443,0.011977356920813375,0.011528126221775013,0.028376328824486236,0.0023008834730139822,0.0031087922643845477,-0.0008082556475263886,0.002358087337820771,0.003641401308118364,-0.000815990608301306,-0.0024355364680453614,-0.008091525102132917,0.006662312078271178,0.010525883147994033,-9.576731567529257e-05,0.01693062635199929,0.0019959620396097976,-0.01693062635199929,0.10607891339184082,0.10432146842497726,0.11920109099360199,-0.5620297044335764,-0.000752180701195113,0.0007521807011951202,,0.08385168936271013,-0.08385168936270998,,0.15064248847911255,-0.15064248847911274,,-0.0030618298454301355,0.0030618298454301537,,-0.08083556522609445,-0.0030618298454301355,0.08361817831666905,,-0.10441759819553886,0.33640977802558625,-0.2849166458500232,,0.33636406349295933,-0.2849166458500232,-0.11233777625407079,,0.2369469638712368,-0.2849166458500232,-0.0004077158725883338,,0.23970498373588303,-0.2849166458500232,-0.0033507734088713556,,0.339031317010925,-0.2849166458500232,-0.11483871499569996,,0.09603303697421979,-0.2849166458500232,0.14462638547453463,,0.10257118616845849,-0.2849166458500232,0.13796637540690185,,0.33166148481728036,-0.10912981441493737,-0.2821379770975396,,-0.20886475546718708,0.208864755467187,,-0.3767621373493148,-0.3733222859365766,1.0,-0.3873718709062573,,-0.013423126728417768,0.013195053561040707,-0.05716261323077502,0.05739318475158935,,0.1392080606226594,0.03082949784196082,-0.010961201868595411,-0.17099092662706855,0.05535936052889515,,0.005126424528252998,0.005126424528253003,-0.008473004819437505,0.003059081712888881,-0.008473004819437503,-0.011983489218275236,-0.007663978135704147,-0.016567382847370714,-0.003344748543242111,0.016759711012824065,-0.003344748543242134,0.0062925898477905595,-0.0084730048194375,0.025171751649179286,-0.003269616920504307,0.009932269906119692,-0.0076639781357041165,-0.00015216622174809,-0.008473004819437496,0.020907518045597512,0.006280795162445748,0.0027994517732783295,-0.011983489218275245,0.005860002232953677,-0.0084730048194375,-0.011983489218275222,0.007255018769814048,-0.017017778373930568,0.003623641690679026,-0.00028498082700526136,0.005860002232953644,-0.008473004819437501,0.01675971101282406,0.008447384343579977,-0.0022030970958541777,0.005229085009803215,-0.008473004819437503,0.015737522813626725,0.0019020897688287876,-0.0033447485432421776,0.006196387135192308,0.01675971101282402,-0.01693062635199929,-0.001238702602067231,0.020422686191680833,-0.01956552447538801,0.004904137494051789,-0.0037402243293406965,-0.001995962039609779,-0.002207386439962227,0.015877599437754627,-0.02047635603992429,0.008773569867860298,-0.001995962039609779,-0.013582027001610913,0.02971355344338495,0.0005185536559240215,-0.015885344222398127,-0.001995962039609779,-0.015924932029203694,-0.0066185168848295695,0.0269638291769517,-0.01693062635199929,
no_tech_support_flag,0.3372807277351978,0.20562007664086282,-0.2621430446280375,0.3227616724228568,-0.0820383722766542,-0.031818168373130826,,-0.08204795704325991,0.320391505969184,-0.08171669607368444,0.33015218776673044,0.43910982854399083,0.339031317010925,1.0,0.470359313824754,0.4855755564220352,0.0042017977789173344,0.013320539855985117,0.013486824338854472,0.01171994839706108,0.011732288695450585,0.01123083733789329,-0.0008057528956619037,0.017233176303670064,-0.017630174370638515,0.0016318319866085453,0.013594688919810222,0.012869501607319079,0.01626052123202248,0.0037711129948607178,-0.004474777414660947,0.004259899956301829,-0.0004994260693445282,0.009320638943988956,-0.008193697901487053,0.011854837852288514,-0.0035661013897358763,-0.007272026419674037,-0.0071874514573632515,-0.022952982530099548,-0.02517309671469028,-0.004703445398902353,-0.0019810058483863456,0.006160873175903986,-0.003128274086478381,-0.015390035258457682,0.0004984768369316795,-0.02517309671469028,0.0020430288503014015,0.00518059616891328,0.008801480351692191,0.0058547006202503415,-0.022999129295226416,-0.020964687550830283,0.002706570826857411,0.0009177915264599417,-0.010901128376830858,-0.018204380762205697,-0.0003133596512469312,-0.017858324249536203,0.0003133596512469336,0.11923916012893677,0.11924089745246476,0.14541241486170736,-0.3821190484579154,-0.0033971478097874963,0.0033971478097875327,,0.10944322601175255,-0.10944322601175256,,0.1726445096176981,-0.17264450961769803,,0.05444676293913852,-0.05444676293913852,,-0.11348223452577706,0.05444676293913852,0.08221059829550169,,0.029401784605644472,0.40242972350687967,-0.5187332164827482,,0.470359313824754,-0.5187332164827482,-0.047476707861271616,,0.385340990355791,-0.5187332164827482,0.04733588235117589,,0.4198920913162262,-0.5187332164827482,0.011167583362493332,,1.0,-0.5187332164827482,-0.6306917657939554,,0.34701599555381546,-0.5187332164827482,0.0899913922998938,,0.34599315917178225,-0.5187332164827482,0.09139547530347776,,0.4391098285439908,-0.11826170868058299,-0.398489798726209,,-0.23013613487111917,0.2301361348711192,,-0.0901766179872578,-0.10730963427620918,0.339031317010925,-0.18718484219620343,,-0.029101396433959932,0.05845866921803,-0.08222375282548143,0.05287754861468475,,0.16704889336075734,0.0516046240344809,-0.014268200877304267,-0.21655631925212582,0.06846490069039111,,0.008061628891644176,-0.01456511883040033,-0.011753582856994611,-0.015891224530381828,-0.011753582856994614,0.00023214164871724913,0.005698407220382799,-0.0027158904833376367,0.004940846555514309,0.012081857414186756,0.004940846555514343,-0.003844405371382818,-0.011753582856994611,0.01852417819181531,0.0066240871821346995,0.005325212521620708,-0.004964154430296327,-0.009332038744142103,0.012081857414186733,0.0003283445045399582,-0.014764693525672836,0.0004644812438504243,0.00023214164871724913,0.00023214164871720208,0.012081857414186796,-0.016623256618453108,0.006072007663181561,-0.011431803643305991,0.005698407220382828,0.013775045403025668,-0.01662325661845311,-0.011753582856994606,0.01208185741418675,0.00718306232429294,-0.0020212395907569553,0.003357602605483576,0.012081857414186761,0.02296642660756672,-0.006790933422274855,0.004940846555514294,0.013953636581540552,-0.011753582856994613,0.0003133596512469336,-0.003857436934972115,0.0029089653301331386,-0.008144800424696072,0.001542693325568052,-0.019565468511661067,0.017858324249536216,0.005366388672168765,0.00531437346245651,-0.017547557263161304,-0.019307281001331795,0.017858324249536216,-0.021291227446963032,-0.004735228359113282,0.009837311407979379,-0.003325527382111374,0.017858324249536216,0.0037640398228629144,-0.0102171567044742,0.004728412820355752,0.0003133596512469336,
no_online_security_flag,0.3426367998511234,0.18553213243212024,-0.2637461471340643,0.3616216882535221,-0.0622132793487019,-0.032096647211635694,,-0.06222237799152577,0.35867737841073866,-0.0621331770933915,0.33229895865308395,0.40325527368952135,0.33636406349295933,0.470359313824754,1.0,0.47675479330867115,0.01769256204635359,0.023667487964589545,0.030617956443781586,0.022996427971956605,0.014858833708590305,0.022853762634910832,0.010121833546376685,0.029816886035420126,0.007798452245102055,0.0042487422567813755,0.017273124737636886,0.017413887361873086,0.0311156404676585,-0.0022232725930707116,0.01211269438557799,0.014726164858616766,0.013037734156272754,0.008061961016060751,0.0007058770489021057,0.028922900354157576,0.014143703018765793,0.0025650788240449167,0.0033111826602917837,-0.005626933750545453,-0.006228617856390025,-0.00056842829494295,0.011662756724066886,0.008709440210566454,0.0004800453267300915,-0.00433821087333592,0.010477323306157284,-0.006228617856390025,0.003960007700937971,0.0049021846065109365,0.013407886205196576,0.011762298378257085,0.001129768871876477,-0.00253954666413342,0.014230941815955822,0.003667881741315828,0.006569535474917186,0.003710295455927367,0.01073448361942636,0.005311292164707509,-0.010734483619426373,0.12175846770418422,0.12610311880913694,0.14507209619641026,-0.38049551148056965,-0.010429088419201956,0.010429088419202004,,0.1299364400615426,-0.12993644006154242,,0.18843382069112605,-0.18843382069112607,,0.057879699960114724,-0.05787969996011479,,-0.11803967172971933,0.057879699960114724,0.08476581836042289,,0.02306573206493737,0.4115607549034035,-0.5224293380827277,,1.0,-0.5224293380827277,-0.6297165782520453,,0.37846754187005444,-0.5224293380827277,0.057714565735981944,,0.3718077741863532,-0.5224293380827277,0.06461530560084562,,0.47035931382475415,-0.5224293380827277,-0.04391070052521858,,0.2576991250070329,-0.5224293380827277,0.18303459893395604,,0.2653036710804411,-0.5224293380827277,0.17548650825380205,,0.40325527368952135,-0.12190399004147853,-0.3533000456734727,,-0.26779314581034935,0.2677931458103497,,-0.08432241177257094,-0.10550969525222308,0.33636406349295933,-0.19171501561255416,,-0.037133219680175904,0.0510772057270714,-0.06467614598160243,0.05074183090056601,,0.17312943637461134,0.036588393234425524,-0.001141049465652746,-0.21955781713815978,0.06419981726655208,,0.00025163991582216556,-0.007290061901776847,-0.01183733047541282,-0.011538911624509552,-0.011837330475412817,0.00011247284107829042,-0.005153020802183099,0.0035949354876901977,0.00471656010451287,-0.01183733047541282,0.022740831844113654,-0.004276274753666429,0.011996379798553034,0.0038595618406229238,0.005815893300493253,0.011966817943274428,0.01617055470297292,-0.019272191195790562,0.011996379798553038,0.012078477542533111,0.003388286208923929,0.00022504158737609922,0.0001124728410782924,0.00011247284107833249,0.011996379798553034,0.00011247284107832515,-0.0049804579523747205,-0.0037358336939027456,0.00550876695039491,0.008177461410070521,-0.016741702046463323,-0.011837330475412806,-0.01183733047541282,-0.009938062443825404,-0.007865160705698043,-0.0022392252803123775,-0.011837330475412806,0.022740831844113678,-0.0006724844504291629,0.022740831844113622,0.013728695974313249,0.011996379798553036,-0.010734483619426373,-0.009462195921123795,0.010659711134887095,-0.003311980030928752,0.014741163740802542,-0.004873599332280293,-0.0053112921647074885,0.014731695462706704,-0.00022172747231229118,-0.012313434522106216,0.0017159069119229743,-0.0053112921647074885,0.007348946231621574,-0.005206818339149229,0.002088826143944672,0.002000671046819741,-0.0053112921647074885,-0.000760226588234744,-0.0075007931146673385,0.011284391980164577,-0.010734483619426373,
payment_risk_score,0.4357096449400812,0.2155637893131158,-0.4428799457472226,0.29218642192593997,-0.21093634964280975,-0.04574075372747826,,-0.21095464439176004,0.29065707236104277,-0.211033744483795,0.4080900850117512,0.7412217155125986,0.8251436926022279,0.4855755564220352,0.47675479330867115,1.0,0.014916801411747813,-0.0023748332833587902,0.000601000119061833,-0.0037515817394481125,0.004219200787795529,0.0015529410857997442,0.021125134559812984,0.0035668098422501518,0.0014617877306882126,0.02147614556319155,0.008467317856863863,0.0053909439777292106,-4.412278724025291e-05,0.011666237213349088,0.005765588070436588,0.01929845110303004,-0.002179888835880651,0.029313006372172042,-0.009782874223713017,-0.000691367939895024,0.0042419471686721815,-0.009645234090071236,-0.009415210924513496,-0.015110241332515371,-0.018055069877565222,-0.000291597713398788,-0.007649682116680513,-0.007891759349813584,0.001554804566534439,-0.004527708473535571,0.013021674944896838,-0.018055069877565222,0.009375380437772352,0.008528480356313999,-0.0005153022545839863,-0.001607241087051614,-0.008403917338533988,-0.013254360829149079,-0.0026873231089147584,0.004030057933269763,0.003543913372325601,-0.013026749726122598,0.021590138852757148,-0.007272436517199375,-0.021590138852757155,0.2044249945782622,0.20280422697239436,0.12421615764519417,-0.752688026123887,0.004497202549878045,-0.004497202549878059,,0.19347858113389424,-0.19347858113389435,,0.2363876672779153,-0.23638766727791521,,-0.006082529300370042,0.0060825293003699665,,-0.04824426857638163,-0.006082529300370042,0.05245308708919167,,-0.11293613860050682,0.4146527731741986,-0.36936086205815194,,0.47675479330867115,-0.36936086205815194,-0.19063165901740697,,0.350744698415842,-0.36936086205815194,-0.046012240332776094,,0.38752403852127437,-0.36936086205815194,-0.08456382909881228,,0.4855755564220352,-0.36936086205815194,-0.1996138293142372,,0.21720166683972011,-0.36936086205815194,0.09416626797318438,,0.22688773999936226,-0.36936086205815194,0.08461895481017236,,0.7412217155125989,-0.3611350822608643,-0.5190010585178779,,-0.4883816179930993,0.4883816179930997,,-0.3205410728840756,-0.32977551835825697,0.8251436926022279,-0.28883631433588636,,-0.008364643569861345,0.0037423298654466293,-0.1836489614019195,0.18827198367963707,,0.28676412704655163,0.08908271198693919,-0.03323291436346451,-0.37067691809389164,0.12746623016627015,,0.006728127439905475,-0.0007616475736936732,-0.008863200304710248,0.004044524794612264,-0.008863200304710264,-0.004166283647325028,-0.008479658512807837,-0.008518383556250184,0.0008332668460548471,0.011425035352970502,-0.0017239002113583458,0.006543048105772054,0.002971603828936894,0.0129234407654775,0.004337934861069424,0.006787089786570868,-0.01074859670969398,-0.008599195521708406,-0.0037911413902899645,0.010172090383959418,0.0010331998460995481,-0.005943939116706933,-0.008948606220459628,0.006593942142227695,0.002971603828936901,-0.02209999329657981,0.018228660643805433,-0.006868830102743652,-0.004698094851330786,0.005878254871060851,-0.0029707030040413466,-0.008863200304710253,0.01818778057219756,0.010914867177596254,-0.009944128717592891,0.0007057724801462947,0.0029716038289369514,0.01937272801230045,0.004295479651271125,-0.008756109619244732,0.008504768018294409,0.018187780572197526,-0.021590138852757155,0.0011788273605535138,0.007920175497534097,-0.02241515611056767,0.011047701048138644,-0.009648356864679722,0.0072724365171993885,0.0025798874815985435,-0.0012166882545032091,-0.01896985186414557,0.007846828115086413,0.0072724365171993885,-0.012101979792793937,0.014072321951451632,0.002130516624529631,-0.014075513901103514,0.0072724365171993885,-0.004621659271314347,-0.010505501111022468,0.021794874387914668,-0.021590138852757155,
activity_line_count,0.009788842577825292,0.01638454219138738,-0.015258029957405063,0.01877801335730496,0.005104087465014971,-0.0013892770567025406,,0.0051036663733884805,0.018346119944665697,0.005127386932224724,0.01020064764192848,0.01829973092177095,0.0060828250572441895,0.0042017977789173344,0.01769256204635359,0.014916801411747813,1.0,0.7219456730270896,0.6284749526740836,0.6645445131125173,0.724843530991774,-0.07138742114412007,0.9287397642278863,0.42324308404779376,0.12112678587697437,0.4675732576138968,0.12448351462575188,0.7121561580452201,0.19956016534091764,0.3889192653665117,-0.1990379694065477,0.2745462131591026,0.4610750884721003,-0.2964318905089827,0.3609139392277026,0.5856104216574979,0.3798268212131894,0.3920199659342231,0.40684315987002884,-0.002908895487384435,0.016401782130714908,-0.02781493013275882,-0.012951218248683642,-0.006984341689477916,-0.009092617987893473,-0.002725779721604892,0.0030838460640305082,0.016401782130714908,0.0019617124188462524,0.008661334517403287,0.015516493073940981,0.008062908779732439,-0.021326023810284686,4.3492023838464205e-05,-0.025367334449023785,-0.012413703578353927,-0.01694150403623627,-0.01214791711388906,0.15164404236588905,-0.02154112485440082,-0.151644042365889,0.017741764118811787,0.016100189384445976,-0.3723645312514352,0.16954801331311387,-0.007757657724135168,0.007757657724135334,,-0.006283766579410722,0.0062837665794107786,,0.003986020605694845,-0.00398602060569495,,0.0014564723761284384,-0.0014564723761287483,,-0.0014947595515939717,0.0014564723761284384,0.000640138386885332,,-0.004854817885719524,0.018526766643029147,-0.01672353500529692,,0.017692562046353586,-0.01672353500529692,-0.0043263624773979105,,-0.013442344643646456,-0.01672353500529692,0.028527012865559108,,0.017299735077006922,-0.01672353500529692,-0.003571572678348445,,0.004201797778917323,-0.01672353500529692,0.01055161361238139,,0.009001336052034821,-0.01672353500529692,0.005102013927552252,,-0.0007148126912981649,-0.01672353500529692,0.014856548965862172,,0.018299730921770944,-0.0007492791144441233,-0.020582893030213375,,-0.007915386698771423,0.007915386698771641,,-0.012926812274193534,0.00023418014329286866,0.006082825057244187,0.005662760939545062,,-0.0015509497478321274,-0.016936399162588357,0.01216902363612063,0.006315118533920372,,0.008859917262313095,-0.0040588268928727885,-0.009431711234565758,-0.007334319866018746,0.017266597376407216,,0.01079075146983541,-0.008899412447678657,-0.006775030510813207,-0.0010128462847482232,-0.005684409923603156,-0.007611073803530011,-0.011928311340867505,-0.0018102019958133164,0.009193513179601164,-0.0062297202172081415,-0.008699698311975198,0.0029509962603854125,-0.004412019238524757,-0.008994409010065235,0.01094974275574404,0.028146770296357003,-0.00038184317890670557,-0.016205349435218962,0.012371419797985755,-0.0065836097787627616,-0.006487307592419702,-0.01171371304872186,-0.008725087100566853,-0.007953847125695261,0.0011622637627711444,0.009913212292164913,-0.0045688636061228804,-0.00047202570615375054,-0.004393292211700503,-0.006198860423213488,-0.005640127201080204,-0.007562700934909427,0.012734959993722442,-0.009397778275151742,-0.01595758085802089,0.008273164397855736,-0.0036243488144285345,-0.008264396111796139,0.10029337851829699,-0.006362812816276501,-0.013144362882225856,-0.004896739499507032,-0.151644042365889,-0.010090739236270253,0.00047971453016790335,-5.558942659802277e-05,-0.006499776706854315,-0.014306673762755179,0.021541124854400844,-0.015558763695201889,-0.006640538369257433,0.0009845676867217673,-0.0034462740372915566,0.021541124854400844,-0.0030377943336310533,-0.014421740874093418,0.00603982657732918,-0.016396275536730395,0.021541124854400844,0.3644079228629605,0.013653459632814443,-0.2787030290000679,-0.151644042365889,
invoice_count,0.011569834147094754,0.030179857027880445,0.001310661648498433,0.018799558769561697,0.018822094805146794,-0.0031230046083473156,,0.018821458739729124,0.018678237367218763,0.018748786019753938,0.002606289817203874,0.00709492165916559,-0.011178770442095818,0.013320539855985117,0.023667487964589545,-0.0023748332833587902,0.7219456730270896,1.0,0.8600946795409666,0.7700959250544142,0.7831963873901236,-0.04154534556277626,0.5282476119688819,0.5604733493240412,0.1376700180029458,0.028379509771065157,0.3118048495460817,0.7811717556200027,0.3278831761375689,0.10462280441532575,-0.12070855989988423,0.3318036759644255,0.5542835849581247,-0.32235849584633336,0.3985123529260756,0.7909801691451804,0.4437568218641447,0.4422130455610856,0.46083043646908756,0.01390908559865898,0.028146211788970147,-0.016703003102166224,-0.003810403241910651,0.009049084017922359,-0.012900505333009836,0.011513618241601822,0.008995993262038163,0.028146211788970147,0.0024713823534184697,0.007410501741394226,0.006711372741858807,0.001539721829859725,0.0001247556461006274,0.016635366919311376,-0.009858904357080398,-0.015328357739500014,-0.0007411744479569648,0.007441993658782393,0.173425758381474,0.00024319544740666413,-0.17342575838147398,0.014685493485806068,0.011481755240140572,-0.45717782126135553,0.20357229514080477,-0.01852870867850331,0.018528708678503533,,-0.023451282401397322,0.023451282401397308,,0.0033546358781927975,-0.0033546358781929224,,0.015652336813009073,-0.015652336813009468,,-0.00975134934463334,0.015652336813009073,0.0004928375470157523,,0.002275865428246011,0.020753996662962872,-0.027627654673678722,,0.023667487964589527,-0.027627654673678722,-0.0009986003600094375,,-0.003161294404592723,-0.027627654673678722,0.02724537541551182,,0.010531811004230887,-0.027627654673678722,0.012957291860134751,,0.01332053985598511,-0.027627654673678722,0.010404626925313304,,0.027195073862880555,-0.027627654673678722,-0.0039782691839944625,,0.018730738050508934,-0.027627654673678722,0.004563476927225375,,0.00709492165916559,0.00514952037916911,-0.01315557821701944,,-0.0030873740779176215,0.0030873740779178874,,0.008933343496465327,0.015320288046508706,-0.011178770442095814,-0.011240180017786176,,-0.01242518228271112,-0.012608102810507517,0.02236718138587915,0.0026637164872459706,,0.0029379288219620603,-0.005050711285775367,-0.022644473088915453,0.013044012433745283,0.013276256756195164,,0.019077118725031993,-0.007457291924121881,-0.0067491282278267384,0.008062774515688593,-0.0040870476885915405,-0.011427895313931785,-0.015095797476111497,-0.0014473843708499748,-0.0007519134942145531,0.0012371133898788113,-0.006791518215468097,0.008934323144335718,-9.392687973876272e-05,-0.003524613603683919,0.0252250744983262,0.055217147505114146,-0.0073552278014068434,-0.015994204607494247,0.0038991939291139984,-0.008175837078693075,0.0023879826387657845,0.0030299976054364575,-0.00766287757584168,-0.0076628775758416316,-9.392687973876074e-05,0.00269092120390615,0.0034537941879081756,-0.006940925695404098,0.0033624840558768372,-0.0024671305749992423,-0.010486640879409271,-0.005418087958209139,0.009223355007584373,-0.00913340601339798,0.005093604694347693,-0.00014016942601961338,-0.0067491282278267315,-0.011321221756408218,0.09199836053697705,-0.012327822543283917,-0.013334423330159563,-0.006749128227826683,-0.17342575838147398,0.0012929170725671272,0.0031824035026605142,0.012145502713630366,-0.004461758835092425,-0.014751369493629068,-0.0002431954474066239,-0.0053744521810348625,0.006463577547048786,0.010084558564357254,-0.01074967193430641,-0.0002431954474066239,0.011370363339810518,-0.0149777331050858,0.0014144066724158342,0.0020332712964731647,-0.0002431954474066239,0.41371031690660237,0.005216259527921396,-0.307540694596782,-0.17342575838147398,
active_day_count,0.018502887955847615,0.022654079607921037,-0.005691316037296725,0.010732903606935162,0.010094427913513832,-0.002572823102850127,,0.010093891028431673,0.011857558933936736,0.009836668707363582,0.00799786103044164,0.0135005851284488,-0.011507481090068876,0.013486824338854472,0.030617956443781586,0.000601000119061833,0.6284749526740836,0.8600946795409666,1.0,0.698377464661203,0.7126018105374077,-0.035470645389489644,0.459478660370409,0.7263099350766745,0.119414238828342,0.026559309234746843,0.24509192352085712,0.7063241910015933,0.3540109002774901,0.0920255298281534,-0.09685950253854389,0.23871499549540406,0.4527324807888946,-0.2630751631062584,0.3225673560505839,0.9735839099694127,0.5528349224227632,0.3795401741163775,0.4042712937305053,0.016169179702825765,0.02531794334257344,-0.009143141467364712,-0.0018273939172049006,0.012067868271090782,-0.002087330126067203,0.0105440116394133,0.013439804093786157,0.02531794334257344,-0.001293341326832338,0.003503609412120301,0.017155262762642835,0.01147995277446857,0.005998736016495731,0.015223759931264451,-0.006836877693315265,-0.0058320634347104345,8.445581361045706e-05,0.011291441801099674,0.13778021385533387,0.0062747048681790546,-0.13778021385533387,0.023886245233047262,0.021630004102705998,-0.3617200976504523,0.17262349551497175,-0.011811636550438745,0.0118116365504389,,-0.021090745105226048,0.021090745105226065,,0.0032070222238413126,-0.003207022223841441,,0.03157633180829988,-0.03157633180830024,,-0.012138588949448718,0.03157633180829988,-0.006627574418030118,,0.009100081964093199,0.013843729288164798,-0.027169843801856663,,0.03061795644378158,-0.027169843801856663,-0.009100598795437448,,0.004958011959072183,-0.027169843801856663,0.018372831469441395,,0.025660954304929054,-0.027169843801856663,-0.0032478171472699272,,0.013486824338854491,-0.027169843801856663,0.009805896991645177,,0.022279657826545698,-0.027169843801856663,0.0005822216197689034,,0.016307892722964748,-0.027169843801856663,0.006607560524839741,,0.013500585128448803,-0.0019730230415957156,-0.013833808425372953,,-0.003120627358775733,0.0031206273587760145,,0.00966398784075353,0.007653456724206346,-0.011507481090068878,-0.004078984880290119,,-0.020196712172438465,-0.005086593395823637,0.011611625991044441,0.013670716480854623,,0.01528882422885873,-0.007576510408514745,-0.017850489704851338,0.006747099179354226,0.002559124369776455,,0.010977602790595026,-0.007047567396748752,-0.005242961359094787,0.006410899147198132,-0.0030090728622947567,-0.008994903449343455,-0.011726949048864023,-0.004037546945882811,-0.00205181934410353,0.0003417598829053144,-0.005008235800838787,0.07964717499076333,0.0003417598829052951,-0.0039208660364441926,0.01866626436225472,0.04365623952282909,-0.005731094083263338,-0.01239098923161904,0.003692592628105359,-0.006019428045508453,0.0013249480359022354,-0.0010083555030024286,-0.005835483705497551,-0.005835483705497582,-0.0018921286138947413,-0.000306499153767265,0.014785441724149133,-0.007542244955815711,0.0027630337846709925,-0.004289648536120976,-0.00820504851338199,-0.004126017110694759,0.0014587041313053417,-0.008555692285456626,-0.003639849768188819,-0.0030692281575408855,-0.005242961359094775,-0.008809342673784084,0.06254165965088855,-0.01007637829809911,-0.010498723506204104,-0.005242961359094819,-0.13778021385533387,-0.0017371540879136094,0.014108632187741034,0.014868518810125757,-0.006797555768574805,-0.015399285541028705,-0.006274704868179066,-0.009276030686829173,0.008135554313180708,0.01892237450085709,-0.008577431120114361,-0.006274704868179066,0.005935840638515183,-0.014590655017191733,0.006839659803199328,0.011190791598382934,-0.006274704868179066,0.3460171323232155,-0.004850238029070033,-0.2528059862228133,-0.13778021385533387,
total_quantity,0.020597371783547813,0.02463185008564468,-0.013363793677053742,0.004921945663506769,0.004030109143955018,-0.009148763539549949,,0.004026988960132407,0.005027841970593001,0.003795421039935747,0.007110786281741517,0.012176458986420407,-0.01335925216633308,0.01171994839706108,0.022996427971956605,-0.0037515817394481125,0.6645445131125173,0.7700959250544142,0.698377464661203,1.0,0.9076842577016615,-0.041516190418348496,0.5117753331108258,0.4572650072572369,0.13190148114586686,0.11874136228398369,0.2085566548112831,0.8979313511265213,0.327025103981564,0.3733637505933236,-0.14374875275407398,0.2545748861192026,0.4090099146469429,-0.2604427204235386,0.3038626891482011,0.6628715873185121,0.5256328867389922,0.3410578616837273,0.361952600182706,0.013064980546944351,0.024904951809592984,-0.014708237345569213,0.0055353523537451,0.016891265156313586,-0.005979628435379899,0.00794278198261921,0.0017962609812109238,0.024904951809592984,0.005024557780906901,0.011028695410116996,0.01606806141058184,0.010818663910787629,0.002805599680710554,0.014900615946436593,0.0015380617657755045,-0.010686727079859178,-0.004316008087228724,0.011970175761540304,0.1145447477992378,0.0028373111928869784,-0.11454474779923784,0.017587672556110746,0.016329620634501545,-0.32562277089267727,0.1529501952774395,-0.007298380989203066,0.0072983809892031865,,-0.0001619742693340416,0.00016197426933400798,,0.008421698720698895,-0.00842169872069901,,0.009576106459624322,-0.009576106459624645,,-0.006300601333142037,0.009576106459624322,0.0006401698579169742,,-0.00444910275586216,0.014987985351248144,-0.012927846640224568,,0.0229964279719566,-0.012927846640224568,-0.013648692151246889,,-0.0027378002442417274,-0.012927846640224568,0.014062748420073228,,0.015686512878679806,-0.012927846640224568,-0.005177992607102031,,0.011719948397061064,-0.012927846640224568,-0.0011753916732531635,,0.028486391035631563,-0.012927846640224568,-0.017727696415306436,,0.013720228712894997,-0.012927846640224568,-0.0028371203776728316,,0.012176458986420403,0.003401888769260128,-0.017406416209926123,,0.006136595546635532,-0.006136595546635181,,0.01414833603433231,0.0053145261550239025,-0.01335925216633308,-0.004122003157543557,,-0.008645624572085349,-0.01212481690279366,0.007623561043233316,0.013144584716979097,,0.012628559771524245,0.006729516991773382,-0.013135118134345147,-0.005636914376480073,0.002008929443755248,,0.023036895955303456,-0.0018416747457462733,-0.005055662370201247,0.007715260820982806,-0.00613384716809826,-0.0066819896514007816,-0.004891011806890421,0.008512808505387265,0.00589969855090204,-0.0034575407408311046,0.009726183100283656,0.019765050264905076,-0.0047327542327600365,0.002148123993382332,0.037126280348419596,0.05755507825556186,0.0047185816757547355,-0.007584866529238585,0.011598735294776105,0.0009060560850032356,-0.004672408494412865,0.02327236986985698,-0.006511697161767067,-0.009375707214697687,0.0061311890353898234,0.002974368567601776,0.00941721237196252,0.021448752617350967,-0.000985966812032053,0.0008101778313528158,-0.0050680812837358286,-0.005799992992099682,0.032024043242753646,0.0028747207456924673,0.022076368240936953,0.036087698337229,0.007751202741874619,-0.0037917168870396103,0.017311474990063733,-0.004520176898603847,-0.010662419268838838,-0.00402673474581225,-0.11454474779923784,0.006315513610045442,-0.0017570320699615127,0.01647395362404562,-0.006834605172810948,-0.013512438884363183,-0.002837311192886981,0.011404394247848379,0.0021639306232467846,-0.0023007536675830353,-0.010656663072991129,-0.002837311192886981,0.00906398267645726,-0.00825526519881756,-0.010466625008927378,0.014022253112805418,-0.002837311192886981,0.3249106667421631,0.011536077535431804,-0.2566639214338076,-0.11454474779923784,
net_activity_revenue,0.014970568728650884,0.01971801416862346,-0.004339275150521861,0.006956322165071624,0.013839962172018263,-0.007750345806522927,,0.01383744503022226,0.0068138346703305284,0.013743826522143338,-0.0039027606776956664,0.008417089247318372,-0.0008814814887098372,0.011732288695450585,0.014858833708590305,0.004219200787795529,0.724843530991774,0.7831963873901236,0.7126018105374077,0.9076842577016615,1.0,-0.021663558069300096,0.5976357912875174,0.47477043106118255,0.14288992701299374,0.259601429915228,0.14727178273760833,0.9807801111081788,0.29434239901659914,0.5134278902920698,-0.1504841570298566,0.25753174684564034,0.42585743601629145,-0.26882915491209586,0.31877998995954904,0.6750999211038949,0.5527875609271983,0.356483866507715,0.37824387744844695,0.008553477595821403,0.021557761579922893,-0.017129759288298792,0.0009665654392759608,0.009764385289151837,-0.010830229873794481,0.002846433880696671,0.002856901700632575,0.021557761579922893,0.012233901518630047,0.018452962689042115,0.015293784378460787,0.008827601575360281,-0.0033122011050690254,0.010898502567400674,-0.004032211799590555,-0.017965457977143395,-0.00932579938782008,0.0044807714107784734,0.1254816755803908,-0.003503567711136077,-0.12548167558039075,0.014828933609377027,0.013200652426369447,-0.33660478250245635,0.16188307268506225,-0.012150740864798282,0.012150740864798382,,-0.006631277260493346,0.006631277260493313,,0.004232947563882208,-0.004232947563882328,,0.01011867820839022,-0.010118678208390519,,-0.01013237583178459,0.01011867820839022,0.004192028993984386,,-0.005409408770880009,0.014190416251859735,-0.010859840475988784,,0.014858833708590287,-0.010859840475988784,-0.006535237345479017,,-0.00813699846479434,-0.010859840475988784,0.017906605625585055,,0.010700515838808149,-0.010859840475988784,-0.001761854614092602,,0.01173228869545059,-0.010859840475988784,-0.0030661333906091834,,0.022305714003986607,-0.010859840475988784,-0.0132572002875267,,0.003977060867130027,-0.010859840475988784,0.00519100176254527,,0.008417089247318372,0.0051365746196815965,-0.0146818927472967,,-0.0021235083321057575,0.002123508332106117,,0.00041508698497572365,0.004734680575712759,-0.0008814814887098451,-0.0040564316093643854,,-0.010357943140181562,-0.01567024495565653,0.018852193011553307,0.007173028077734244,,0.008146717676050332,0.0005937476748779936,-0.014506593735255915,0.0057944485475004736,-0.0005234115210879846,,0.02463807696959956,-0.0006036439893408904,-0.005557404495951299,0.006392881473837989,-0.0025475488882338144,-0.006557487756084173,-0.008108365795305978,0.011365498322718931,0.01179611478143084,-0.004631020417227346,0.012672513674224176,0.02072657048112859,-0.0028333194154425236,0.00370068505281684,0.035815199890902705,0.060833332200098,0.010925269016910636,-0.007503054184945768,0.01215901382830079,0.006831043807749846,-0.0005719260562593725,0.017549845100754465,-0.007470830166229208,-0.008640326377198556,0.00825069248181813,0.004888307752824537,0.0039554668177595445,0.01934820559369839,-0.0036986975826047955,-0.0024543917646737546,-0.0050055675030786515,-0.0058884846112740976,0.03369264182728446,0.005709302898921247,0.01771868785522968,0.038064412186855495,0.0026419687803091864,-0.004071398052223466,0.02357109835341722,-0.008723301214376308,-0.01357915864004411,-0.005158329217487187,-0.12548167558039075,-0.004363473146084919,-0.0052714041775728734,0.01746913015047078,-0.0009211681914060739,-0.012513210839305183,0.0035035677111360866,0.002526508327579913,0.0009000546780661606,0.0008832043888894824,-0.010014872001248096,0.0035035677111360866,0.0018192721176968807,-0.003280779663088613,-0.005946443071617078,0.0032500358503139756,0.0035035677111360866,0.3353785223196088,0.007805727563360719,-0.2585614654011657,-0.12548167558039075,
avg_unit_price,0.0031374488477417775,0.0006948973261418506,-0.017079332490339025,-0.009381061982307854,-0.01274459629878958,-0.005499820888147652,,-0.01274625889015009,-0.008917823289752177,-0.012617472133145076,0.006252149754854759,0.012001474526270225,-0.00054800896647109,0.01123083733789329,0.022853762634910832,0.0015529410857997442,-0.07138742114412007,-0.04154534556277626,-0.035470645389489644,-0.041516190418348496,-0.021663558069300096,1.0,-0.07446256815743807,-0.013641696623158383,0.06546641865643628,-0.016380356936732014,-0.037594926192031176,0.029993343101427858,0.4731304849429068,-0.010461504561978646,0.1882420261567491,0.10092416714606398,-0.03907356841193918,0.08913422606487786,-0.031933653032542156,-0.02565967562780337,-0.001857175388796442,-0.032993849602084735,-0.03300461080183474,-0.011395746420427013,-0.019406702628930676,0.005790154537389946,0.006104665428355732,-0.004424888269392478,-0.006533521851471938,-0.008869740229067544,-0.008735367570541367,-0.019406702628930676,0.013323086115750463,0.012417438528493125,0.005368686746925424,0.00931165558254257,-0.0038014661723675828,-0.010969826568425297,0.012326533063093345,-0.006072711828934412,0.0008973156865559126,-0.006847481108739958,0.06256342077921027,-0.0034832451057546453,-0.06256342077921023,0.007948432553755682,0.010204972928339297,0.004912933285368541,-0.020265155052516304,0.010261771681417113,-0.010261771681417137,,0.0004470380003219521,-0.00044703800032197777,,0.029900802342007562,-0.02990080234200758,,0.007708457541096787,-0.007708457541096774,,0.00019959334885172957,0.007708457541096787,-0.004817951277049786,,0.009732143132132748,-0.004597239413724925,-0.005681349677673645,,0.02285376263491083,-0.005681349677673645,-0.02009277487746186,,0.015444522682238044,-0.005681349677673645,-0.011198443772239256,,0.009354883144268925,-0.005681349677673645,-0.004847188395142105,,0.011230837337893278,-0.005681349677673645,-0.007214323123797168,,0.014722040859102305,-0.005681349677673645,-0.010008662619579743,,0.019162298841421253,-0.005681349677673645,-0.014424556769292782,,0.012001474526270227,-0.007759465296549844,-0.0065842313955080875,,0.014507904032077518,-0.014507904032077499,,0.009085076179525683,-0.02479549691710674,-0.0005480089664710961,0.015961347751178766,,-0.010948502769503087,0.006406683976314245,-0.014043979411698713,0.018587011247400764,,0.007286825573132236,0.007458604542199542,-0.00739838243220163,-0.014854383522700161,0.01470824244240304,,-0.006062491587033685,-0.002383112063034866,-0.0021187603775549334,-0.006050569064022413,-0.0019070587871670198,-0.002641648336873194,-0.003532122011789987,-0.0035700288749236217,0.0014205312193760376,-0.002097938131859162,-0.004302736478986412,-0.0067245634522502895,-0.0011285457476920414,0.005309577549917457,0.004830934734506352,0.0005301400700555732,-0.002860350331883484,0.08502965089929362,-0.0015505333677752516,-0.0035831006958149175,-0.0017575465126572591,-0.004659087887644221,-0.0026305197106219745,0.004071611619125925,-0.002157676829598172,0.0028493379476275953,-0.0033462768432174104,-0.0011147322725643045,0.04278738196276576,0.004934348254285515,-0.002035145033393537,0.0050871345931394,0.032367763061149156,0.026632758436951936,0.014272506473767287,-0.003762045219802906,-0.0019384680762752726,0.036834360656288756,0.01876225457964229,0.023681631570953612,-0.003712436672907778,-0.002311134383195077,-0.06256342077921023,-0.008694036259561387,0.0009283035390307375,-0.004571819624292231,0.0018624063494948194,0.008373607439362094,0.0034832451057546163,0.006115978867162444,-0.006763063957602539,-0.018022421326015125,0.013950725999789231,0.0034832451057546163,-0.01497037105297367,-0.0018990710631129966,0.011554082938264624,0.0037505654926287594,0.0034832451057546163,-0.06357839435382237,0.0021948885907953006,0.08233459695182016,-0.06256342077921023,
distinct_product_count,0.00578942016913576,0.015199268423520889,-0.019585722906870936,0.012266541089639219,-0.0024623857778024484,-0.0004018930812121227,,-0.0024625384343124656,0.011492193136389398,-0.0023418685800591925,0.011089034212523611,0.021182366742618364,0.011444479337642154,-0.0008057528956619037,0.010121833546376685,0.021125134559812984,0.9287397642278863,0.5282476119688819,0.459478660370409,0.5117753331108258,0.5976357912875174,-0.07446256815743807,1.0,0.297376592076621,0.1428368743798856,0.6629911663694474,0.03888226959146146,0.5857175374189371,0.13444046871450202,0.49825457993931577,-0.2339131643823569,0.24666977153021027,0.4378986580250199,-0.2763448855461379,0.3582345454109634,0.42231604835879716,0.289505970091841,0.3788102565755214,0.3890732118628164,-0.003204812180634919,0.014481261659157994,-0.024284647741583336,-0.015422434733494203,-0.009658719767119099,4.435468762196361e-06,-0.003346055681448857,0.0033253975952655035,0.014481261659157994,-0.005984316159611928,-0.0002665890753778363,0.014934285489241042,0.008401477239968076,-0.019746420614007613,-0.002890784606567439,-0.031120673322132676,-0.0037611487493769613,-0.01866332469143121,-0.014000087012940305,0.17212222441542968,-0.021615473366683614,-0.1721222244154297,0.019339046481922792,0.018077397820596267,-0.3608504619892488,0.15697077308798357,-0.0044935283428022485,0.0044935283428024575,,-0.001892469413551589,0.001892469413551633,,0.0006925036446748931,-0.0006925036446749928,,-0.00045734003668526955,0.0004573400366849328,,0.004588792455079889,-0.00045734003668526955,-0.004368804311286311,,-0.008279737894932375,0.014424024647308157,-0.00783214435771545,,0.010121833546376684,-0.00783214435771545,-0.004056025866794097,,-0.010717231194153217,-0.00783214435771545,0.017975964301267775,,0.02105602667365001,-0.00783214435771545,-0.015208003907408844,,-0.0008057528956619,-0.00783214435771545,0.007996887267022107,,0.0021653312467992576,-0.00783214435771545,0.0044533820747162615,,-0.009019118770751174,-0.00783214435771545,0.01567189461722828,,0.021182366742618364,-0.005765161293382304,-0.019165520795190575,,-0.013476380910809814,0.013476380910809969,,-0.019725110691172075,-0.007446852698156776,0.011444479337642163,0.013855478660937054,,0.003416888122787298,-0.018454257822767283,0.006663180772241787,0.008370694795770347,,0.011210230481026456,-0.0026119248814214027,-0.0034264474194090717,-0.014181876047208754,0.014627562091595572,,0.0049491917284161056,-0.007850654592666442,-0.007146205757998846,-0.0007003088836092439,-0.0053335522405970415,-0.006936134607319413,-0.010819957432891816,-0.004787327379681277,0.017086955191769962,-0.006669191674472057,-0.010221249633530908,0.002823012973742035,-0.00437952407354346,-0.008202757409732265,-0.006243582526784614,0.010463731435501179,0.00437325366527822,-0.016692576060833565,0.013365399833653166,-0.0037511993894091007,-0.005537664949538176,-0.01516056075061129,-0.009297401521541307,-0.007610782297097088,0.0015354505621887654,0.016541604996944202,-0.007295657178334165,-0.0016911951223844539,-0.006936299539820273,-0.006650954092539866,-0.003765290465364237,-0.008386442375168503,0.014033219550590727,-0.013830380825707372,-0.019969029907071684,0.013738612875961,-0.00208985647261485,-0.0058562657710983295,0.12634285699575054,-0.003367142742107905,-0.015957054874247856,-0.0045703297069541755,-0.1721222244154297,-0.0063489513978349735,-0.002526247982875809,0.0020690205969462533,-0.007447346034113344,-0.017137939900438163,0.02161547336668359,-0.02059097657755172,-0.00506780923623135,0.004127828183920856,-0.0022281379873380835,0.02161547336668359,-0.0017922604920164768,-0.008975484565827538,0.01022057434645039,-0.02939457802822248,0.02161547336668359,0.3071818762358935,0.045355214484727534,-0.24375650621170292,-0.1721222244154297,
return_line_count,0.005592829407140651,0.030807487007899825,-0.008086517379745698,0.006078701208302109,0.0033959940015412106,0.000989420822856883,,0.00339646431758207,0.007853065351282884,0.0033209542064001397,-0.0005844632790335624,0.011666450216158548,0.0010584321237709184,0.017233176303670064,0.029816886035420126,0.0035668098422501518,0.42324308404779376,0.5604733493240412,0.7263099350766745,0.4572650072572369,0.47477043106118255,-0.013641696623158383,0.297376592076621,1.0,0.08451074232268177,0.007441059202511628,0.13582061882476262,0.48733746589207916,0.39335711039054094,0.040968197297785315,0.039034914936340114,0.19403599466104254,0.24375610028745476,-0.13545935993147892,0.1635894037163436,0.7460680362839269,0.41917774478664416,0.20883057641064193,0.2284361272173275,0.010050745113585162,0.018181655730588758,-0.009398128884626268,0.0020446813362477645,0.005609133167378152,-0.004022108132511991,0.007571840139742743,0.01369793761722544,0.018181655730588758,0.005888519188372706,0.010188092404653272,0.025676084213136427,0.019427263966604182,0.004781657150487139,0.00675726464541866,-0.0008548920055674453,-0.008217034726006385,0.003144817581570104,0.006812630832460026,0.06740937713555399,0.0038557579594088263,-0.06740937713555399,0.012617668242202958,0.014154766063659964,-0.19707517134673885,0.09354349582682966,-0.011939781813436719,0.011939781813436813,,-0.023297656009802496,0.02329765600980248,,-0.0013155209592395902,0.0013155209592394914,,0.03698272363260576,-0.03698272363260597,,-0.016916885936523986,0.03698272363260576,-0.005030654787137744,,0.017259134450707578,0.004553896798809154,-0.025384100673339266,,0.029816886035420136,-0.025384100673339266,-0.009841757448825797,,0.013480175855068563,-0.025384100673339266,0.00792880559613838,,0.011377536793860213,-0.025384100673339266,0.010127761215597681,,0.01723317630367004,-0.025384100673339266,0.0040581649172433286,,0.0073061083757375534,-0.025384100673339266,0.014143320117885235,,0.02202037530053225,-0.025384100673339266,-0.000634298920512684,,0.011666450216158553,0.005565801211037121,-0.018871586123570972,,0.010166862098825053,-0.01016686209882484,,-0.0022723938877714797,0.005648323680276545,0.001058432123770922,-0.004485677006376182,,-0.018372110954456757,0.0022107390311978162,0.0081281608978573,0.008033629607064245,,0.010994120310078879,0.0005459221178564402,-0.005530766069610842,-0.0002312871271145575,-0.007498560487102046,,0.02321313918524736,-0.003602899335283368,-0.0036580709059656855,-0.002949568670737927,-0.0013676505485210398,-0.005173660843525435,-0.008182019319478233,0.01827100325948675,-0.00015573949989698533,0.0055036105238130024,-0.003186972458610218,0.08886132465575294,-0.0002224403697986865,-0.00523028639174404,0.0159776800759445,0.07518061277304494,-0.00408362667568857,-0.007092805255437015,-0.0036580709059656873,-0.0033086110209976346,0.008017225426296586,0.030562794162211828,0.004544459791479161,0.0264102312202395,-0.0025128607272433584,0.008593676722731062,-0.0025346659575601923,-0.005251145429884148,0.0056500558533119204,0.0004807654592108752,-0.005173660843525437,-0.0025128607272433576,0.004358400345090655,-0.006675606026731147,-0.007284412470110339,-0.0012710614369130131,-0.0036580709059656864,0.005473693137713408,-0.012801275542275488,-0.007517305256772057,0.04487972160098594,-0.00365807090596569,-0.06740937713555399,-0.0033411059487936604,0.014717365524945234,-0.0018907853288990793,0.008126223540436127,-0.015030418534031531,-0.0038557579594088822,-0.006366648327292486,-0.0026546634600720974,0.019334325271219713,-0.003707865816525714,-0.0038557579594088822,0.005635789464119113,-0.009585202966852767,-0.003369982619346915,0.013560242361544224,-0.0038557579594088822,0.19359232633884269,-0.009289351196988349,-0.14017863986511983,-0.06740937713555399,
countries_count,0.013936324871054588,-0.00972156664082501,-0.0023499432230195735,0.007344726276351633,0.001341126996973922,-0.0029514942816281703,,0.0013397380466807366,0.006035844718979967,0.0016875463950060438,0.011557702764529677,-0.0018223268209338946,0.0027599551780495223,-0.017630174370638515,0.007798452245102055,0.0014617877306882126,0.12112678587697437,0.1376700180029458,0.119414238828342,0.13190148114586686,0.14288992701299374,0.06546641865643628,0.1428368743798856,0.08451074232268177,1.0,0.08016535973725132,0.369753165380202,0.14807681132068845,0.10776978262796205,0.17783191762150302,0.02491607033731976,0.4960315141504533,0.2680446132406814,0.07032361877898997,0.39562124819837263,0.09342964158951814,0.0855415652854647,0.3941790236666679,0.39413317552199634,0.008905586420863539,0.00048357175481737903,0.015233733824214252,-0.016669054367008766,0.0030544247249747448,0.0022381044893004746,0.007579908732361414,0.014356387532259787,0.00048357175481737903,0.00023928939380686364,0.000977439166843619,0.00875832878842738,0.007720647014669823,-0.0005498594855044085,-0.011880423209865605,-0.031960108620741993,-0.004684426778116757,0.0028152750330037698,-0.016004705972135592,0.6436435934864319,-0.0013801460275139892,-0.6436435934864317,0.010478461289410743,0.012379208498722056,-0.29901743752630117,0.17822677235267814,-0.00659067344164965,0.006590673441649689,,-0.014707968628846508,0.01470796862884625,,-0.020253668912540445,0.02025366891254028,,0.007107503614708699,-0.007107503614709236,,0.009282269032705933,0.007107503614708699,-0.01364740326890927,,0.012595882264034929,-0.002356367888726274,-0.011682635304884049,,0.007798452245102048,-0.011682635304884049,0.0020208021574948058,,0.01007418842068584,-0.011682635304884049,-0.0003909431648934738,,-0.003152259532295626,-0.011682635304884049,0.013426164730488018,,-0.017630174370638522,-0.011682635304884049,0.030024966415652155,,0.0037999741129877257,-0.011682635304884049,0.006068870635207824,,-0.003947334814805212,-0.011682635304884049,0.013838209858921379,,-0.0018223268209338994,-0.006464517271468566,0.008270808376009938,,-0.002502035455548015,0.002502035455549273,,0.01339350168950013,-0.0027222430060035805,0.0027599551780495223,-0.013625380907307033,,-0.006562194378833218,0.0009551146335608876,0.0009304653589619984,0.004676795227859484,,0.009264311196154885,-0.005467776749918236,-0.0006238071785493886,-0.00043059346285445876,-0.004619158146234135,,0.09412474047115975,0.07258281163178877,-0.0008892769267465961,0.1319346623370504,0.03314973065519241,-0.001257716794788262,0.028465015780775427,0.0723811404295634,0.0491302713643136,0.033149730655192375,0.03625925138146643,0.16933196578569928,0.03314973065519231,0.05867115658450345,0.20094295382496483,0.21520439279919312,0.028465015780775427,0.0812287675871672,0.0331497306551924,0.06631358811788418,0.1109210011272367,0.0697270484843325,0.046884127692682964,0.07095504993641831,0.03314973065519229,0.022813205448947178,0.08747736541310383,0.05409458408461223,0.05891908021097469,0.10005789540878893,0.022813205448947417,0.03314973065519235,-0.0008892769267465734,0.08990288268608207,0.09776685298857511,0.09261940444039066,-0.0008892769267466078,0.06200129134716012,0.007091334736523314,0.049130271364313395,0.036259251381466434,0.03314973065519215,-0.6436435934864317,-0.015349155908774016,0.01835133926728892,-0.013280962426192856,0.010231378910335615,-0.0006521352397070018,0.0013801460275138975,-0.019817419403085207,0.015992430971315696,0.013690055801404801,-0.009290679354593006,0.0013801460275138975,-0.010568844012572406,-0.0054194649265988095,0.01593358940016964,0.0003645077058377716,0.0013801460275138975,0.11621270001689496,0.0835138216180471,0.09717110164843676,-0.6436435934864317,
anonymous_activity_line_count,0.0013261795972330436,0.015275561893179579,-0.016891171388636994,0.0015749006716571704,-0.009152922806921687,-0.005575223236211625,,-0.009154853304031667,0.00036902230968102637,-0.008802360506543653,-0.006116998077522096,0.011192349710481497,0.02096079814419191,0.0016318319866085453,0.0042487422567813755,0.02147614556319155,0.4675732576138968,0.028379509771065157,0.026559309234746843,0.11874136228398369,0.259601429915228,-0.016380356936732014,0.6629911663694474,0.007441059202511628,0.08016535973725132,1.0,-0.3386774195040399,0.25136581886723286,0.01525432614946224,0.5618292556285757,-0.11986643583780969,0.03993246827035945,0.13431155859818175,-0.07212591454755196,0.11710652557534244,0.020789501125460758,0.10730185565880976,0.11623251729996809,0.1188197054919256,0.0003027645547075287,-0.0017402775736811652,0.004723079824221156,-0.00486141938622758,-0.00478282155554775,0.013300229170172484,-0.0008349549998582747,0.005727904967727522,-0.0017402775736811652,-0.0013455904011530572,-0.0012168967206078517,0.024799313406890334,0.02115426252355965,-0.005065568031037215,-0.010974226472237086,-0.016400248488334775,0.009771843665213914,-0.006705413601775712,-0.008040471072336252,0.07826267905932871,-0.005449489440720332,-0.07826267905932871,0.01000722471859882,0.009410612182523448,-0.09659897640012859,0.03612993001344021,-0.0012141730343936616,0.0012141730343937247,,0.014258986712764038,-0.014258986712764014,,0.0050523144059186585,-0.005052314405918671,,-0.009440713654385889,0.009440713654385903,,0.010618167652035137,-0.009440713654385889,-0.005089506528943241,,-0.016872674939420594,0.008132659951742768,0.009654136794301214,,0.004248742256781381,0.009654136794301214,-0.013492972810326137,,-0.0034658148299680975,0.009654136794301214,-0.004749415355045258,,0.0086166208656476,0.009654136794301214,-0.017376398378904246,,0.0016318319866085447,0.009654136794301214,-0.010560694582469544,,-0.007880210283348602,0.009654136794301214,-0.0002434395323762655,,-0.028934931070198382,0.009654136794301214,0.02087180469294868,,0.0111923497104815,0.006002481195815513,-0.018735309906599083,,-0.01185571466212524,0.01185571466212528,,-0.04101890260681102,-0.007296092683218164,0.020960798144191904,0.023979920942250394,,0.013668278478505642,-0.00673700359558386,-0.001742494679824778,-0.005190055788376942,,0.0001843555624065839,0.01163731560888907,0.025791804257587342,-0.02763312031530072,-0.00700408381381335,,-0.009937016744020736,-0.011627588466640493,-0.004247041605415782,-0.012759628305263086,0.00033236397652036426,-0.0060066503410115026,-0.008873424879038293,-0.01486695206537836,-0.0033530493931684877,-0.003865424473587782,-0.011097106722638224,0.0008730274122118057,-0.003992630184197124,-0.01317470601925691,-0.028065883226478388,-0.030140351358070014,-0.009385563461180304,-0.0024584361551667874,0.010763232246486114,-0.006269318830410816,-0.00975817406574347,-0.010983505796231646,-0.005556878302025683,-0.0023185196213277633,-0.004119835894806446,0.012344048849610052,-0.001815585223616226,-0.011942274032575825,-0.009214850600466326,-0.014903405586140337,-0.004477425408459727,-0.004119835894806428,-0.004247041605415783,-0.021967273581962026,-0.015877077563937397,-0.008760033323735854,-0.004247041605415779,-0.0018138578742676356,0.10227522680569837,-0.004651742237241064,-0.011000907252706927,-0.00411983589480644,-0.07826267905932871,0.0023016795679548464,0.000785842695327325,0.004887887522082716,-0.006577832923064517,-0.011332721371735613,0.005449489440720331,-0.010633842684130033,0.0006745486729002702,0.001329909925222008,0.0038262520995144197,0.005449489440720331,-0.0070799551948731426,0.008669979247421808,0.018988219614374694,-0.030443678447294342,0.005449489440720331,0.04832311599178562,0.025248976912831223,-0.0315146931004892,-0.07826267905932871,
avg_activity_mapping_confidence,0.015163452028770657,0.004753191002699252,-0.021668663039731428,0.0011174282496061408,-0.013456058537073507,0.01661441696367255,,-0.013449888843302895,0.001958477196283885,-0.01377460988714035,0.025558807895005135,0.009699980824718304,0.0032964333345975607,0.013594688919810222,0.017273124737636886,0.008467317856863863,0.12448351462575188,0.3118048495460817,0.24509192352085712,0.2085566548112831,0.14727178273760833,-0.037594926192031176,0.03888226959146146,0.13582061882476262,0.369753165380202,-0.3386774195040399,1.0,0.14982048624157096,0.06536311688451242,-0.039036776051218726,-0.24447473271575418,0.5454231120251699,0.3429402942468504,-0.041519185459741634,0.45749683157467597,0.20192865360758017,0.06821340803753694,0.4619149328858843,0.4618081723057891,0.010853430413931133,0.0070256369560272305,0.006791799070272989,0.008678957404253694,0.009103907376656247,-0.001856443920675597,0.004887209609188899,0.007038824781275543,0.0070256369560272305,-0.003666118858533808,-0.004197358276886538,0.019309852742696674,0.02072122960463627,0.006603418455032503,0.0049244482613259215,0.0032651953846029877,-0.00011798625433764023,0.004151233972205067,0.008819836740907921,0.5959361592895008,0.005902817106808916,-0.5959361592895007,0.025604692823607108,0.02086453576150487,-0.4217922252324322,0.18786843343725002,-0.008352350247534291,0.008352350247534817,,-0.01775502320584687,0.017755023205846886,,-0.009647166848822528,0.009647166848822195,,0.017293415548188494,-0.017293415548189583,,0.004681768764995295,0.017293415548188494,-0.015092462411364391,,0.00887873036209829,0.003241961040425528,-0.014141926524018317,,0.017273124737636886,-0.014141926524018317,-0.006214543332107358,,0.014743291583389126,-0.014141926524018317,-0.0031335208247879357,,0.0025700096646983283,-0.014141926524018317,0.009580080175092065,,0.013594688919810199,-0.014141926524018317,-0.002138481884727253,,0.007868752415481123,-0.014141926524018317,0.0040557517817807025,,0.020708877695241875,-0.014141926524018317,-0.008823253137767405,,0.009699980824718304,-0.012062678088351247,0.0001879969243833727,,-0.006049380818017219,0.0060493808180180995,,0.03518163902451558,-0.012261565482867253,0.0032964333345975607,-0.02633948572772169,,-0.012123321823640829,-0.002116078450513846,-0.01169277643159652,0.025931776047137093,,0.02296270865294139,-0.006227612607979192,-0.03099758525229057,-0.0025514339116218697,0.02331245301289,,0.02176871320583717,0.023573815175113387,0.008558689781422503,0.03469083905514708,-0.013976975301153622,0.012104674658387346,0.010211731774416715,0.025745381993513738,0.019539901635781138,0.00616854348478569,0.021603926401222082,-0.04970822600653832,0.007724035519104946,0.02625947406351696,0.05593195263478797,0.07101148277549203,0.019032457703445516,-0.036388008740218115,-0.0005660451980911475,0.003139702328142639,0.022141791534547487,0.02068001862607529,0.008583406600519983,-0.015119757811867581,0.008389066495854861,0.0030955814268193984,0.02753437431752946,0.022833537831300932,0.012546057822440261,0.01750796448245526,0.007890421046731695,0.006168543484785697,0.008558689781422503,0.04199054641943447,0.029940271392293303,0.031361858242111504,0.008558689781422536,-0.009695802611609286,0.2915035359373572,-0.0009143260791774209,0.02058523833648368,0.008080660522095169,-0.5959361592895007,0.0010743228025833357,0.003055649843135302,0.0034184479783342173,0.006986151278166057,-0.007768993460273422,-0.005902817106808678,0.01053730577957288,0.0035017763285431036,0.0038655842276847413,-0.01327869782237638,-0.005902817106808678,-0.0028929185712442615,-0.004006519530861767,0.005345026987187621,0.011056021128193816,-0.005902817106808678,0.23225428295326458,0.10402002057046283,-0.04503032070877313,-0.5959361592895007,
gross_activity_revenue,0.013221117530260623,0.02162559615617225,-0.005991628382044512,0.010920487988211741,0.013321002479521626,-0.008191167269717371,,0.013318362241640977,0.010739852490118228,0.013220874299282896,-0.004305707548379111,0.009561012578781265,-0.0003245209748202169,0.012869501607319079,0.017413887361873086,0.0053909439777292106,0.7121561580452201,0.7811717556200027,0.7063241910015933,0.8979313511265213,0.9807801111081788,0.029993343101427858,0.5857175374189371,0.48733746589207916,0.14807681132068845,0.25136581886723286,0.14982048624157096,1.0,0.39899024502427033,0.4902392700651503,-0.13504308800506284,0.27748317818871143,0.4234430955115002,-0.26268261703619794,0.31407725360754735,0.6711563608522918,0.5439829441759878,0.3516140333481366,0.37309312130867855,0.008247234810776388,0.021937434800601455,-0.01832108268220229,0.0032427377566551026,0.010840573000872438,-0.014044403804309265,0.004076845462763604,0.0011396210565167036,0.021937434800601455,0.015807980525695826,0.02191625937056041,0.017199039369617777,0.01100508935441705,-0.004534988125686295,0.009681360045058983,-0.0012235717081784765,-0.02029081278844775,-0.008433771806635243,0.004433562845098677,0.12626447834791715,-0.005070843892403431,-0.12626447834791718,0.013406147539260145,0.012404657761486096,-0.3382822355513497,0.15826583873824052,-0.010573922652363767,0.010573922652363907,,-0.007963335491144172,0.007963335491144157,,0.005092492926907526,-0.005092492926907672,,0.008306269390183344,-0.008306269390183713,,-0.010469413379891783,0.008306269390183344,0.005618338887254075,,-0.004787799209066212,0.016868843618652547,-0.014803378262647908,,0.017413887361873083,-0.014803378262647908,-0.005767573484813803,,-0.005007380546870922,-0.014803378262647908,0.018057516687827277,,0.013374944740022206,-0.014803378262647908,-0.0011360306894211715,,0.012869501607319086,-0.014803378262647908,-0.000739245463744316,,0.022659849753984877,-0.014803378262647908,-0.010273856668566943,,0.006494056700205352,-0.014803378262647908,0.005999530606229732,,0.009561012578781272,0.004808996969226143,-0.0157014505312422,,-0.0030941951628197704,0.003094195162820197,,0.002073757782413554,0.004330399422982533,-0.0003245209748202157,-0.005919902841528765,,-0.0063024218194501795,-0.013056734881031193,0.016706363273197126,0.0026503212631267146,,0.005509798651896023,0.0010682771192964348,-0.015807325664689478,0.0039005884501126286,0.007251440192844454,,0.023895351827301785,-0.0011804962363414764,-0.005650658897386468,0.006586554935082388,-0.002762862406811274,-0.006742196279947997,-0.008492214840416267,0.011893204510896522,0.011167904091183645,-0.004410344353844351,0.011747073094201518,0.01931400592516456,-0.0030119412405708312,0.002758036264879965,0.038346461753095466,0.059356248141684234,0.009902582760623568,-0.0054868777602926095,0.011347302908872594,0.006252555896088813,-0.00012929026094207492,0.019448431001074042,-0.007266203218578863,-0.006153239296315299,0.00759747629278066,0.01031021875057507,0.0032377740555093594,0.018703473411617873,-0.0016146331603621841,0.002699117741668392,-0.005253211277215441,-0.005924751932259909,0.06791619517660993,0.006289819110838791,0.018840323621847822,0.03682258064570573,0.0022162039884571017,-0.004040675933634714,0.021136489207955356,-0.007096712591256625,-0.011658226843604461,-0.00526776737738497,-0.12626447834791718,-0.0005789677104880482,-0.006983749083559242,0.013446658699290735,-0.0025762400336490168,-0.011427868389272684,0.005070843892403415,0.005192070443499036,0.00046422119508810584,-0.0030500344322727693,-0.01097059827688043,0.005070843892403415,0.004243779756481144,-0.003532537173794806,-0.008821708665197325,0.0013856124048258174,0.005070843892403415,0.330783905858591,0.007665398431759629,-0.2539404971053565,-0.12626447834791718,
return_amount,0.00835030212683293,0.021959292326094036,-0.01580937854857147,0.00902713155191399,-0.0032154104033274658,-0.006691705260073889,,-0.003217552224627634,0.009975633218700802,-0.0034979476551928283,-0.000319587804226059,0.021214955922876838,-0.015371050417716794,0.01626052123202248,0.0311156404676585,-4.412278724025291e-05,0.19956016534091764,0.3278831761375689,0.3540109002774901,0.327025103981564,0.29434239901659914,0.4731304849429068,0.13444046871450202,0.39335711039054094,0.10776978262796205,0.01525432614946224,0.06536311688451242,0.39899024502427033,1.0,0.011123434980894686,0.08741726285255436,0.2058236147676857,0.13480550135962702,-0.05922334924193019,0.08796869798357408,0.38195442420019854,0.36233330919982665,0.11104747135622164,0.12585729992954353,-0.009381331808674025,-0.013335267029043993,0.0019364549490815067,0.011609461305968825,0.005458749811897406,-0.013625316153986518,-0.0004970341466244536,-0.007207421527088145,-0.013335267029043993,0.025369889920053446,0.024469052714951825,0.018339710590738804,0.023495313639520312,-0.006279927275575244,-0.012424759927175176,0.015880507921510665,-0.014470511132303887,0.004100243594502375,-0.0061809723796591234,0.05269807756571657,-0.005448407776901423,-0.05269807756571655,-0.00372780296313961,0.003808507584602769,-0.13002208311656174,0.051333994488715694,0.0071466106074935575,-0.007146610607493466,,-0.011781129878641447,0.011781129878641439,,0.008075226739078826,-0.008075226739078902,,0.024036282751472893,-0.024036282751473,,-0.014102116470785039,0.024036282751472893,-0.00012582525718599514,,0.015121723217783158,0.011373305881965862,-0.031135765808294986,,0.0311156404676585,-0.031135765808294986,-0.006037772721906697,,0.027778612382622404,-0.031135765808294986,-0.0020122941814166417,,0.020503900712256096,-0.031135765808294986,0.0055803317835829295,,0.01626052123202249,-0.031135765808294986,0.010350433227497652,,0.03196017448702491,-0.031135765808294986,-0.0058040954289258675,,0.03401022019030746,-0.031135765808294986,-0.007802367214993527,,0.021214955922876855,-0.0005936762478070219,-0.02412342945897202,,0.00450481468701743,-0.004504814687017243,,0.010693617848703853,0.003800671152201657,-0.015371050417716789,0.003024848334444341,,0.0021299202089540953,0.008210233262698088,-0.007369887164698448,-0.0029687117801457255,,0.006669349801076262,0.009801673242908442,-0.004094550266383879,-0.014124369052234433,0.007055855693672187,,0.006160745189027892,-0.005281771419911549,-0.00285974018059568,0.004645881871501347,-0.002859740180595678,-0.0040445705333036555,-0.006396390340100594,0.009479233079749417,-0.0011482726253580578,0.00039468793250120186,-0.0035711823749248637,0.025805039273288328,-0.0026273200918599756,-0.00703846315971366,0.008347578885913545,0.01665717299398692,-0.005164640301806953,0.03697038938893647,-0.0028597401805956733,-0.002610529131264817,0.004233660696071638,0.024423541371682074,-0.0007827511021941731,0.019910823829179403,-0.0028597401805956785,0.05216317770138294,0.01270473781807534,0.0015663961763279913,0.04409035271656311,0.04133069004777976,-0.004044570533303657,-0.002456422967789609,0.09656883550496222,0.008038551715868463,0.03621255221953011,0.0032087739688531403,-0.0028597401805956794,-0.0010051768203994554,-0.01805002203843541,0.04254839911668671,0.012925882185612131,-0.0028597401805956764,-0.05269807756571655,0.009436004960184614,-0.0033364591586716517,-0.011622416599325726,-0.0013528541390586987,-0.0022557114818201915,0.005448407776901405,0.008044675393763334,0.0010474968110910986,-0.019475328576524096,0.0013554228964136428,0.005448407776901405,-0.004081437405531747,-0.005746779647927738,-0.00544267384714364,0.010535952716188566,0.005448407776901405,0.09233482668575196,-0.006838128669246377,-0.05627030908578186,-0.05269807756571655,
avg_invoice_value,-0.0038850099491689475,0.0018365262093653226,-0.008563115717700912,-0.012251639263089956,-0.00610574980309672,0.0004236466033699122,,-0.0061057230824612795,-0.012827558268696337,-0.005952793355777912,-0.00636766586381967,0.004121425533775957,0.013389813762141453,0.0037711129948607178,-0.0022232725930707116,0.011666237213349088,0.3889192653665117,0.10462280441532575,0.0920255298281534,0.3733637505933236,0.5134278902920698,-0.010461504561978646,0.49825457993931577,0.040968197297785315,0.17783191762150302,0.5618292556285757,-0.039036776051218726,0.4902392700651503,0.011123434980894686,1.0,-0.24980943114892437,0.13689172025985152,0.12850303136774846,-0.08360108300394309,0.19337019339891146,0.08901555175622078,0.2999745337739342,0.19547596298126818,0.2042934537906012,-0.015660853451081622,-0.013353339700007218,-0.008837552774615566,-0.016563697489090423,-0.012458249279974345,-5.950180487562624e-06,-0.01671038376102615,-0.011935932755242679,-0.013353339700007218,-0.0010819171077098406,0.003426346630847309,0.008951327124998833,0.004560831591765333,-0.009126892556405112,-0.010666538907206454,-0.011300990809742792,-0.002363690971540547,-0.014170541542037823,-0.016202123441303666,0.1721033002746661,-0.01213015031194577,-0.17210330027466628,-0.0013322900291638214,-0.00017661333044414432,-0.11128686003461137,0.08579195911510107,0.0054140175855873695,-0.005414017585587293,,0.005561746305552592,-0.005561746305552621,,-0.004232210217717895,0.004232210217717789,,0.0027128083602694707,-0.002712808360269701,,-0.0054690628378627456,0.0027128083602694707,0.003908780158955691,,-0.010541944306814245,0.00019310770841229153,0.011920931815134105,,-0.002223272593070703,0.011920931815134105,-0.008402201072284832,,-0.0017518557015140462,0.011920931815134105,-0.008503283865040559,,0.01392015575852711,0.011920931815134105,-0.02488393415968943,,0.0037711129948607178,0.011920931815134105,-0.014974811776716637,,0.008928233864773701,0.011920931815134105,-0.01908383412812989,,-0.007763526104553659,0.011920931815134105,-0.002288681170067539,,0.00412142553377594,-0.008296577658815196,0.0030969177334024805,,-0.005577549758074374,0.005577549758074707,,-0.01687590671259598,-0.007476847316257004,0.01338981376214145,0.008892157711367412,,0.009621619165506558,-0.004309977592649949,-0.0038992233059099457,-0.0014132343187560018,,0.007401243483569707,-0.0037565401125834205,0.014534714661658227,-0.009545694643933187,-0.0110914218443924,,0.018146692659221156,0.019891798683863378,-0.0025125432919236575,0.014017601125215181,0.0022797641575303218,0.020305063666434267,0.01459887844208764,0.02286334366126117,0.020135629296255307,-0.006369919869604169,0.02843886103011745,0.028926026151185717,-0.0031450934928322293,0.014458308161135917,0.0037705111220657198,0.033241095312751934,0.044594027696996025,0.021518558362841774,0.01134601732993763,0.04837696317274399,0.005016124412682519,0.013256009018504107,-0.0016839167176181738,-0.010744262748929225,0.01412250558955441,0.006055168825051161,0.011545281322697434,0.05847754172801899,-0.013895919092648687,0.006114069943756743,0.023064879830834627,-0.005991673295445045,0.0222093273529701,0.013316908310697276,0.011285617630800788,0.06541269877174066,0.04219529545886585,0.006334668195634333,0.036359521277652185,-0.004054464021223094,-0.010001526055255842,-0.00033654854234228435,-0.17210330027466628,-0.010807020154538558,-0.012563854528162161,0.005078611857837293,0.0046708041358591535,-1.653870980111443e-05,0.012130150311945736,-0.010167653690807256,0.0021084598155659963,0.0016951753443659372,-0.008034754238426901,0.012130150311945736,-0.024166618802464648,0.023305846072485557,0.005049755007689692,-0.01978418078061236,0.012130150311945736,0.08811564579966054,0.05649437396778139,-0.05358513147472385,-0.17210330027466628,
return_rate,0.009073432298764195,-0.0008162834432981748,0.002216829653257183,0.011041551396266428,0.0066211795281127745,-0.008403775166244304,,0.006617594119716721,0.01174137522689986,0.00611979364518664,0.008864836829808683,-0.001967531839557982,0.010722176723597425,-0.004474777414660947,0.01211269438557799,0.005765588070436588,-0.1990379694065477,-0.12070855989988423,-0.09685950253854389,-0.14374875275407398,-0.1504841570298566,0.1882420261567491,-0.2339131643823569,0.039034914936340114,0.02491607033731976,-0.11986643583780969,-0.24447473271575418,-0.13504308800506284,0.08741726285255436,-0.24980943114892437,1.0,0.05297090402203207,-0.19186015665553693,0.2486716881532257,-0.15132058083502778,-0.08098524330497542,-0.053846640728010396,-0.1537028778732988,-0.1548262187285808,-0.0017932767523064239,-0.001226997298092282,0.0009077129476751369,-0.013128159946369832,-0.011881329572700624,-0.009607965012743263,0.009133415083999357,0.004264287252340003,-0.001226997298092282,0.008609070454726057,0.009530741114132246,-0.016052486920552736,-0.017606639253517763,0.007104814197692528,0.003170851764036665,-0.0139284926626207,-0.01372732855728819,0.013813940437488192,-0.008212267734368348,0.08666026891259813,0.007032419049145717,-0.08666026891259807,-0.00296957464711285,0.005870326816880551,0.20614602525544812,-0.0682045935712346,-0.005526461970788368,0.005526461970788104,,0.0076279251443697235,-0.007627925144369752,,0.018732940078032206,-0.018732940078032067,,-0.0003595969702396903,0.00035959697024020085,,-0.011760653756584059,-0.0003595969702396903,0.012114074545453385,,0.003333724915381036,0.005010694588801207,-0.009880130674872999,,0.01211269438557799,-0.009880130674872999,-0.0043914682287960125,,0.015394800772487685,-0.009880130674872999,-0.0075073934389609485,,-0.003370423228625717,-0.009880130674872999,0.012090790308155557,,-0.004474777414660949,-0.009880130674872999,0.013897479799429546,,0.00033459972042172774,-0.009880130674872999,0.008030801542894242,,-0.007180176284908664,-0.009880130674872999,0.015558164624890472,,-0.0019675318395579802,-0.0004263068036373938,0.0026952274817545452,,-0.000974715320426726,0.0009747153204263092,,-0.017257504048239065,0.013777766083157785,0.010722176723597425,-0.008556409220200267,,-0.008599006395809941,0.010662898781063305,-0.0013502915837778089,-0.0007115818866072095,,-0.004107183774341549,-0.002961877810432201,0.020557394723986436,-0.0077465465411041805,-0.007587439219364405,,-0.0032792549411543932,-0.005413248402853053,-0.004702749407917871,-0.01825694798281784,-0.0019356740669695877,-0.00665116425954958,-0.010518655187218392,-0.004199964857770028,-0.009490667580635671,0.009384179600546065,-0.005927977017563716,-0.005991631750134715,-0.001935674066969584,-0.011763513128920405,-0.01844217980892069,-0.017595520647597125,-0.009267974167964429,0.014078301007679967,-0.004702749407917872,-0.0044837604416760905,-0.008559516616356153,0.005709405601317574,0.013116525355417252,0.032483969286391426,-0.004327855329466805,0.0010608558075485023,-0.004675944609926201,-0.010338968859092135,0.006395030337856489,-0.0027070311961992725,-0.0066511642595495826,0.0005798489702561038,-0.0035271422543936013,-0.009380093352923636,-0.008393101620262926,-0.013840872038554709,-0.004702749407917869,0.007245840038295804,0.08400773010714227,-0.010668250133914727,0.0230356760985301,-0.0047027494079178705,-0.08666026891259807,0.011587882760597735,-0.007044925788370579,-0.014185282407677352,0.022304429037501277,-0.003968526579966899,-0.007032419049145844,-0.014112385641223,0.001243228587719046,0.006193645402284415,0.019798175418105423,-0.007032419049145844,0.005437986516144109,-0.008430584631465593,0.007477564447820948,0.004780657021200005,-0.007032419049145844,-0.13049569932172414,-0.04361319680928845,0.19045187072141284,-0.08666026891259807,
purchase_frequency_per_active_day,0.011205062738869292,-0.0008413604945373684,-0.01621959896921745,0.002046913960103461,-0.011030446170212305,0.006697371648964601,,-0.011028014013346575,0.0027966193110659865,-0.011334434698143507,0.009835680311462074,0.016116030962070912,0.017059849064864595,0.004259899956301829,0.014726164858616766,0.01929845110303004,0.2745462131591026,0.3318036759644255,0.23871499549540406,0.2545748861192026,0.25753174684564034,0.10092416714606398,0.24666977153021027,0.19403599466104254,0.4960315141504533,0.03993246827035945,0.5454231120251699,0.27748317818871143,0.2058236147676857,0.13689172025985152,0.05297090402203207,1.0,0.30972174106036854,0.1077649201336901,0.44892010372622543,0.26219255671674035,0.1642610664989589,0.4574022784176222,0.461114468334859,0.006531809352143694,-0.0015614456767047875,0.011525654701192467,-0.012905600884716551,0.0032488978508874032,-0.001438123310527849,0.0052840004366266685,0.008001478786142067,-0.0015614456767047875,0.005779425411045704,0.0033199456307967624,0.02022172587070165,0.02166675137133838,-0.004259360554159304,-0.010407251746639689,-0.0159743606431301,-0.006435783347228769,0.0022296654077886514,-0.009961696653098,0.7641366128647581,-0.0029054315752143757,-0.764136612864758,0.009916493245493175,0.009085155877959175,-0.40295330235269167,0.18997053409919445,-0.002821002952618758,0.002821002952619102,,-0.020745733709608506,0.020745733709608555,,-0.014792511901583207,0.014792511901583,,0.03251153527224478,-0.03251153527224535,,-0.0048695482451350455,0.03251153527224478,-0.014541985937224697,,0.013381127552448063,0.004539624528289144,-0.020896034365698205,,0.014726164858616771,-0.020896034365698205,0.0027547895610317364,,0.012982103274765011,-0.020896034365698205,0.00455887065362085,,0.01659730223851375,-0.020896034365698205,0.0007812260153456177,,0.004259899956301838,-0.020896034365698205,0.01427502724048844,,0.026148281666295126,-0.020896034365698205,-0.00862560391375148,,0.018360228983188558,-0.020896034365698205,-0.0007561427445932403,,0.01611603096207089,-0.006988779846046469,-0.012105621571651319,,-0.003759606839696505,0.003759606839696995,,0.00467031727518351,-0.007107122266209864,0.017059849064864595,-0.016814202561034285,,0.006796407089545111,0.008867762364364162,-0.015087200184112836,-0.0005752902463289833,,-0.0012311630677652443,0.00462312062472887,0.002948064506480937,-0.020048818841587306,0.023237833280643914,,0.012771077509036569,0.012548496576834618,-0.0010225096634422287,0.010635469916749822,-0.0010225096634421153,-0.0014461497176694658,-0.002287050753169649,0.023399192001127195,0.041079153952559726,0.00475527736184623,0.0023912418392227157,0.012771327140849473,-0.0010225096634422046,0.006571466174706564,0.017462904391005504,0.025754010325699298,0.003743773761713442,-0.002505516580852183,-0.0010225096634422141,-0.0020454550709129446,0.0022071503683334195,0.01206858335482077,-0.0014461497176694515,-0.0014461497176693442,0.015155294007365244,0.019289297962491524,0.009739388221233967,0.014916283583493,-0.00038257985373288633,0.01741763971474826,-0.001446149717669512,-0.0010225096634421866,0.02931087221932194,0.008679915349076719,0.03893980892026582,0.015396506004966126,-0.001022509663442187,0.012586644560855243,0.4430906954765014,0.014771373715490662,0.00035216129489627643,-0.0010225096634421333,-0.764136612864758,0.010757236761276632,-0.009229309527003826,-0.010326924612738198,0.009022350195363467,-0.005661113548087438,0.0029054315752145518,-0.010341108752325055,0.025814919124368625,-0.0027214400603006797,-0.017567537115458273,0.0029054315752145518,0.008088078462982247,-0.01707283605142228,0.0034096640098256244,0.0020598117964464226,0.0029054315752145518,0.1640443604311989,0.07360111847606185,0.1123601503918714,-0.764136612864758,
activity_span_days,0.005596936549055439,0.022003677883105584,-0.021583575780697237,-0.0005422156231259092,-0.007862933311973876,0.003796092448333986,,-0.007861233026501688,-0.0005209587992269209,-0.007929774587876866,0.007502000974747142,0.015092262585061562,-0.016269224534299413,-0.0004994260693445282,0.013037734156272754,-0.002179888835880651,0.4610750884721003,0.5542835849581247,0.4527324807888946,0.4090099146469429,0.42585743601629145,-0.03907356841193918,0.4378986580250199,0.24375610028745476,0.2680446132406814,0.13431155859818175,0.3429402942468504,0.4234430955115002,0.13480550135962702,0.12850303136774846,-0.19186015665553693,0.30972174106036854,1.0,-0.5553191543289913,0.7003213090535106,0.37991379305995426,0.182620530004529,0.7116698649251004,0.7147658540787424,0.024170645667244216,0.03039597165369773,-0.0004966703164596702,-0.019952508515648688,0.009061958634189791,0.00013340903002332586,0.02739997018182484,0.02899733724397694,0.03039597165369773,-0.0022656357461036916,-0.003048282894122275,0.010120979322336653,0.009971336789951902,0.00590993823105733,0.019065627017636644,-0.02968452546469562,-0.0034475572502922305,0.011559022490292248,0.007879974222019406,0.3182643696642855,0.007926082035484856,-0.31826436966428556,0.02697103452631434,0.023897183907824936,-0.6430605497838632,0.3063588346048017,-0.014267645184106434,0.014267645184106833,,-0.015627581550661514,0.01562758155066152,,-0.003899328488950237,0.0038993284889500632,,0.003849307278697864,-0.003849307278698527,,0.005743754654656034,0.003849307278697864,-0.008116253860320327,,-0.0018317170456361807,0.0030088930571109123,-0.0015132860460341565,,0.013037734156272749,-0.0015132860460341565,-0.013036756793518806,,-0.003641134371461399,-0.0015132860460341565,0.005112571411978184,,0.0018076333206035922,-0.0015132860460341565,-0.0005762625605849642,,-0.0004994260693445302,-0.0015132860460341565,0.001923766819529136,,0.012064706748535008,-0.0015132860460341565,-0.010863592433538996,,-0.005409112546456774,-0.0015132860460341565,0.006707094639380413,,0.015092262585061562,0.0011217060872670975,-0.018630298172691243,,-0.0006257601685583909,0.0006257601685588392,,0.007466955106281093,0.013029359972059139,-0.01626922453429943,-0.0018292507495675807,,-0.004578213465280417,-0.022883519496463948,0.0030272973923605134,0.024430102800340647,,0.020086723525548262,-0.007204971168424777,-0.020574952769056302,-0.006028800200449386,0.019228969163093926,,0.010246266625831548,0.008208322672696671,-0.0075388952017729745,0.012323323182114489,0.005723609832843502,-0.024426748579953212,-0.03229197039037617,0.004378987534774639,0.0025403153660420934,0.004530938516780889,0.00800618751925631,0.010266324685680455,0.0034813877586457303,-0.008842174329037703,0.02189673978691507,0.0374796765919802,0.0008082542056537912,-0.0118487317149856,0.009492451191601366,-0.0020065402334862002,0.008946965833517319,-0.0030072361172573583,-0.015891481262457065,-0.015115547869957396,-0.008254497991410578,0.0003693837455790534,-0.010431058616760849,-0.003217727118225406,0.005503321524239608,-0.0023929587608064263,-0.015250492807783504,-0.008922393928405605,0.00844290043346626,-0.013308142745069576,-0.02093644193752208,0.007156619450558504,-0.016603197203848955,-0.007507509021219666,0.19512232218731992,0.00445246866056585,-0.013550634999195638,-0.01092608173939083,-0.31826436966428556,0.018041632056690765,0.002437197204874293,-0.0023266835157436,0.006774563187304893,-0.019955047358841616,-0.007926082035484675,-0.026430383016492386,0.025601600816909677,0.03489134227483069,-0.02112577420397632,-0.007926082035484675,0.0005667146545408176,-0.005735872549172276,0.013803946783211,0.002029643365864619,-0.007926082035484675,0.4244562332226304,0.22998365534039847,-0.43864770441463447,-0.31826436966428556,
inactivity_days,0.013400379725472608,0.00565606708157629,0.010568416608651645,0.0033322230971844446,0.006024980675871614,-0.005503437181677618,,0.006023081027018393,0.00360250781131071,0.006251213403003007,0.0017100724467322315,0.008239091759534344,0.02826597113818323,0.009320638943988956,0.008061961016060751,0.029313006372172042,-0.2964318905089827,-0.32235849584633336,-0.2630751631062584,-0.2604427204235386,-0.26882915491209586,0.08913422606487786,-0.2763448855461379,-0.13545935993147892,0.07032361877898997,-0.07212591454755196,-0.041519185459741634,-0.26268261703619794,-0.05922334924193019,-0.08360108300394309,0.2486716881532257,0.1077649201336901,-0.5553191543289913,1.0,-0.7191159431189377,-0.22554494570985156,-0.1153850069588098,-0.7201076333316146,-0.7192821890845142,-0.01985306835789554,-0.03292327828714164,0.011400781735949063,0.009279238770707727,-0.013284592026294553,0.001743013084735397,-0.024474492376658472,-0.022258080737928475,-0.03292327828714164,0.005011888529784488,0.002074312517320617,-0.008924850918818918,-0.0064086179058428306,-0.01871947558683657,-0.03277710573566919,0.010112480804339555,0.000661345978569703,-0.019296619800816768,-0.02172962640323197,0.192300837690042,-0.01905063239633695,-0.19230083769004194,-0.01644542195752325,-0.013381114610586551,0.32322140034635105,-0.3237045621670505,0.006607249824617361,-0.00660724982461748,,0.004450045759775714,-0.004450045759775682,,0.01098494750145612,-0.01098494750145602,,0.012954488564266719,-0.012954488564266493,,-0.017687618097719415,0.012954488564266719,0.010137826392605161,,0.02321579859473644,-0.008003450578464962,-0.017122656781030123,,0.00806196101606076,-0.017122656781030123,0.006685506940594044,,0.021194721970147726,-0.017122656781030123,-0.007284732832633117,,0.012601826883853265,-0.017122656781030123,0.0016833103604503089,,0.009320638943988973,-0.017122656781030123,0.005275237125191556,,0.010035100709197739,-0.017122656781030123,0.00439937304809863,,0.005908098300542813,-0.017122656781030123,0.008548383290570229,,0.008239091759534344,-0.011947344993551384,0.0017783361778311226,,-0.029392251548042814,0.02939225154804249,,-0.013671667085786744,-0.01334611319141141,0.028265971138183264,-0.005236206487733199,,0.0004352157582586247,0.009919561151765606,0.0012516814292112266,-0.011604580168026325,,-0.009360401811573391,-0.007990861945736448,0.004546852548115866,0.007291439756241768,0.004442028915620363,,0.0028815153060084975,-0.007073466330624143,0.002518745008957982,-0.020905982352465758,9.381371074562202e-05,0.016017211200041626,0.009087822554175623,0.0008345282843919133,0.014581355185674414,-0.009159213611380779,-0.019200224412586037,0.0022093464564936077,-0.001437721846020106,-0.0013252507643105665,-0.04418918568858357,-0.04528235408848416,-0.006527161518756069,0.01581447648352687,-0.010371679260486977,-0.00013147049337480836,-0.009532160592592076,0.0016875681251253666,0.020168849502405373,0.007894440608460377,0.012856610017126818,-0.009208504137146701,0.031383357152641934,-0.015042461289115898,-0.015290964279981022,-0.01224563871424694,0.01818328335779661,0.007496235568446705,-0.007180980183891691,-0.0016643676345483888,0.022529392997962323,-0.012970787520518112,0.02287540511763598,0.03323361306385707,0.1503456348915257,0.0020097816351790938,0.016632379661283114,0.011197446497297267,-0.19230083769004194,-0.010544298842077192,0.0005193797968079016,-0.007857394092154536,-0.010966554649284638,0.004582837892725259,0.019050632396336822,0.015692044941178502,-0.0285483353155026,-0.008453553679297707,-0.0048329167130094644,0.019050632396336822,-0.02218731889432273,-0.006420232229778468,0.0037660331118624228,0.004991194675434028,0.019050632396336822,-0.5147632772103824,-0.2932558440909901,0.786678741524563,-0.19230083769004194,
activity_recency_score,0.0026474106453113484,0.0023701622445093887,-0.023515246182286672,-0.00307697579972703,-0.016404213749480076,0.010857014440264804,,-0.016400495586488,-0.003278581472911617,-0.01676601984122115,0.009942609185289015,0.0038180408929529876,-0.012186789942186313,-0.008193697901487053,0.0007058770489021057,-0.009782874223713017,0.3609139392277026,0.3985123529260756,0.3225673560505839,0.3038626891482011,0.31877998995954904,-0.031933653032542156,0.3582345454109634,0.1635894037163436,0.39562124819837263,0.11710652557534244,0.45749683157467597,0.31407725360754735,0.08796869798357408,0.19337019339891146,-0.15132058083502778,0.44892010372622543,0.7003213090535106,-0.7191159431189377,1.0,0.2621796838918938,0.13223257759786414,0.9980431156151187,0.9954565140976848,0.020039638515159205,0.02405896971990211,0.0012075727402166786,-0.017580069976821277,0.010051233857834282,0.0005410139251215872,0.022430734138555754,0.024875034831240796,0.02405896971990211,-0.006042038064504383,-0.00759252532513966,0.013447354780119054,0.012772908856142297,0.01577659178515123,0.020262858535822242,-0.01962293148877569,-0.00045571109151004415,0.019009523406203616,0.011534697390321879,0.5436340946628064,0.01617475036101453,-0.5436340946628063,0.02620814678702835,0.023026734363602957,-0.5420154094479154,0.4330305049939989,-0.008090274739100064,0.008090274739100414,,-0.017734433149524335,0.017734433149524366,,-0.017846583823657294,0.017846583823657107,,0.0008872675584928906,-0.0008872675584936077,,0.01604102103209076,0.0008872675584928906,-0.016760681017248272,,-0.016447284584830656,0.009190699771747931,0.007889015357789943,,0.0007058770489021084,0.007889015357789943,-0.007967647271506357,,-0.0035636771652580927,0.007889015357789943,-0.0031173999093096123,,-0.004609219871656257,0.007889015357789943,-0.0020261585465189006,,-0.008193697901487064,0.007889015357789943,0.0018648416088203215,,0.0024612362625106043,0.007889015357789943,-0.009158988759685282,,-0.003955041959266893,0.007889015357789943,-0.0027013457035154173,,0.003818040892952985,-0.0006822502277703506,-0.0037940534610248753,,0.015490853500446568,-0.015490853500445916,,0.014046653278317112,0.007936138431791862,-0.012186789942186334,-0.007908285003942634,,0.002965374539217724,-0.005196809456119701,-0.014357246761909519,0.01658769771412284,,0.016403621735154784,0.00834192319552273,-0.0012177309529974652,-0.020664054797755998,0.0016890420600100726,,0.003398865158414755,0.011913215168213174,-0.000301266445469314,0.027161305351039406,0.001772741782403024,-0.011078591673473095,-0.0036281166589155313,0.005972951681668319,-0.007566607323703492,0.009686720546653475,0.021326282998166537,0.007575572075509306,0.0030826417157961373,0.0072834727842221265,0.05548541757126367,0.05671670333439282,0.009727150547719308,-0.00898542420572225,0.010723724660589698,0.003819192988317533,0.015336419646924579,0.0038002713626807943,-0.014629427115532995,-0.004131304939008292,-0.009143090995873338,0.010496593240781706,-0.01854374860796859,0.018427694963215446,0.017222702709395476,0.018977017246986656,-0.012931201469330479,-0.004558441228997033,0.00799476646602065,0.01209233283504256,-0.011181767952992491,0.019597226401673665,-0.017712019726820148,-0.023519610337136312,0.29742567728951325,0.003185675431792209,-0.009320818521816996,-0.007724032734697401,-0.5436340946628063,0.009413091476947794,0.0019122812026922168,-0.0013647553999913745,0.018963083153478853,-0.008994846378928832,-0.016174750361014366,-0.021142735501269362,0.0355873656359843,0.014290468185654583,-0.006361166247093961,-0.016174750361014366,0.015355343276766171,0.0032926703421740145,0.008152724860441423,-0.009879609293370076,-0.016174750361014366,0.5393569149703502,0.3298878378729606,-0.5293917066976608,-0.5436340946628063,
activity_frequency_score,0.017857066708069635,0.017256960568456547,-0.005194110008366523,0.00968546322154265,0.010292977238504758,-0.00342903962987434,,0.01029215182624296,0.011414631579820242,0.009922029529958805,0.005374060611949405,0.013304163422972446,-0.012632393537997439,0.011854837852288514,0.028922900354157576,-0.000691367939895024,0.5856104216574979,0.7909801691451804,0.9735839099694127,0.6628715873185121,0.6750999211038949,-0.02565967562780337,0.42231604835879716,0.7460680362839269,0.09342964158951814,0.020789501125460758,0.20192865360758017,0.6711563608522918,0.38195442420019854,0.08901555175622078,-0.08098524330497542,0.26219255671674035,0.37991379305995426,-0.22554494570985156,0.2621796838918938,1.0,0.6099039960384626,0.3220086081489441,0.34944017458424015,0.016092390461345786,0.02220745565735485,-0.005015457601190781,0.0017875457581320283,0.01413139156832336,0.00014354665521708907,0.008694522274600278,0.011606246400745535,0.02220745565735485,0.0002850488035337016,0.0050116962163368585,0.019467361887743537,0.014923102326502909,0.005331494007265514,0.011076730301875634,-0.004161939027412105,-0.004549182190274187,-0.0024618706581794195,0.010438268965350437,0.09783051785961171,0.006558522879474308,-0.09783051785961175,0.020649139351980803,0.018405228167150924,-0.3014754850346199,0.14955824197202697,-0.009914762833337646,0.00991476283333776,,-0.01795882753825277,0.017958827538252772,,0.003916581901048517,-0.003916581901048668,,0.039155263329021285,-0.039155263329021514,,-0.012893473542391726,0.039155263329021285,-0.010402277575402826,,0.014057854961747643,0.01027042403991862,-0.028580532349772036,,0.028922900354157562,-0.028580532349772036,-0.005941239416367819,,0.0037320153389145106,-0.028580532349772036,0.020875315261710176,,0.027602758983643127,-0.028580532349772036,-0.004053255549631774,,0.011854837852288531,-0.028580532349772036,0.01288410782210293,,0.018375321308396458,-0.028580532349772036,0.005707346519109205,,0.016412003081124112,-0.028580532349772036,0.007695791447691085,,0.01330416342297244,-0.0010668917901044117,-0.014467292918939507,,-0.0012669483925155474,0.0012669483925157581,,0.010066720124515705,0.004269177097224687,-0.012632393537997446,0.00010456017289442327,,-0.019207066863773572,-0.0019306961645538284,0.010097112023870689,0.01104028544615272,,0.0135663223802448,-0.005671911884450973,-0.015514535896440702,0.004956891253411404,0.002181682103293936,,0.009939513662109194,-0.00595225432231277,-0.004511744172546841,0.0024768153465761934,-0.0029173930921802095,-0.00750847939945041,-0.010091433144206956,-0.0025615120877928547,-0.0016933374811654188,0.00027130906855308065,-0.005310527183128623,0.09754885702799959,-0.0005258664716302204,-0.0036695679407810432,0.010962295656837264,0.03475218120529689,-0.005455515694818175,-0.010729835426346966,0.0018656601489197245,-0.005836029435807676,-0.000390421657861819,0.000485775312607079,-0.0052535663681384185,-0.005253566368138399,-0.000525866471630231,0.0009474444679696324,0.019956928418145156,-0.005566639979687456,0.000963446927412599,-0.003632690938166014,-0.006944751141622434,-0.0037145686323635223,0.005054362309653022,-0.008173972599432642,0.0010010043488955047,-0.0022390467688154034,-0.004511744172546845,-0.00802341945960094,0.03648431706854389,-0.0086262844099282,-0.009229149360255403,-0.00451174417254682,-0.09783051785961175,-0.0008081616877160415,0.011797875508556169,0.0175345140981887,-0.009382060620000868,-0.013465209666954444,-0.006558522879474289,-0.007320137047466976,0.007052368905822447,0.018464278107262724,-0.00895510933373064,-0.006558522879474289,0.00433040951541307,-0.01361276521804536,0.00223365853110613,0.017690117181832252,-0.006558522879474289,0.2983431029801875,-0.015246129799014834,-0.21781807496888125,-0.09783051785961175,
activity_monetary_score,0.01988873668555387,0.00770228014557978,0.0025301405110857715,0.0021860861943460807,0.008909673996239813,-0.004015156324328948,,0.008908488400112782,0.003313701595776022,0.00851809632478157,-0.0035914385091624958,0.018304856705478243,-0.007001713509254364,-0.0035661013897358763,0.014143703018765793,0.0042419471686721815,0.3798268212131894,0.4437568218641447,0.5528349224227632,0.5256328867389922,0.5527875609271983,-0.001857175388796442,0.289505970091841,0.41917774478664416,0.0855415652854647,0.10730185565880976,0.06821340803753694,0.5439829441759878,0.36233330919982665,0.2999745337739342,-0.053846640728010396,0.1642610664989589,0.182620530004529,-0.1153850069588098,0.13223257759786414,0.6099039960384626,1.0,0.16924793740690422,0.20669209867408747,-0.003172967268190882,-7.379662283913236e-05,-0.006327187588061375,-0.003050140250851145,-0.002232708558311063,-0.008877321094863984,-0.008451419604485599,-0.009733323809782334,-7.379662283913236e-05,0.012340787222005871,0.01616213810558681,0.02608383123720669,0.02139011716679281,-0.00728398307120101,-0.002652351926334537,-0.005854351241102969,-0.013999244041901622,-0.013339634898466518,-0.006511852279632231,0.047373503566809416,-0.003106971290741038,-0.04737350356680944,0.002427948557991021,0.0026827565863851615,-0.13789824746671778,0.09240557550158014,-0.0071240270318702,0.007124027031870256,,0.012328789250150619,-0.012328789250150638,,0.008257283537937967,-0.008257283537938042,,0.031251133597324454,-0.031251133597324496,,-0.011987151944716036,0.031251133597324454,-0.006586052781470143,,0.010552624484755031,0.0045742438677163115,-0.017676821943914102,,0.014143703018765804,-0.017676821943914102,0.0004659793693888169,,0.003916656336932638,-0.017676821943914102,0.011232161282940521,,0.02758127222394802,-0.017676821943914102,-0.01348768754428463,,-0.003566101389735879,-0.017676821943914102,0.01997365561614371,,0.011955840708607944,-0.017676821943914102,0.0029351464372560808,,0.019019440956188516,-0.017676821943914102,-0.004139369306618706,,0.018304856705478247,-0.005079131941534245,-0.016469575703692972,,0.0020778592337113828,-0.002077859233711303,,-0.0004642611751600486,0.0007810955949784815,-0.0070017135092543615,0.00756291670538574,,-0.01005033258610718,0.007942034660137272,0.0005220453959739906,0.0015877562760398963,,0.004504479214441527,-0.00772010697465775,0.0037467329534816448,0.005369353159559397,-0.010603413000700572,,0.040810882768808496,-0.0017639441055137062,-0.002189933129649447,-0.0005567205444177774,-0.0012743628402161675,-0.0027010667388166166,-0.0035835488333857534,0.0016550518755622135,0.0022663595664878826,-0.001908135645109345,0.0025329520189219298,0.09772904911171981,-0.0013612915964120158,-0.000531858450732292,0.007446437230907481,0.015311711950371816,0.0022063071614684287,-0.003334526160918973,0.003199237769866712,0.0010788836601074048,-0.0021101532528344413,0.003925219567468077,-0.002978897068173297,-0.003308380266913001,0.002010362497171795,0.0007806385895106345,0.10428666644934612,0.004386427790256518,-0.002054206492415991,-0.003038169869453471,-0.002228986924895202,-0.0022906446442598,0.009749568612657257,-0.0011128142557969198,0.007725294076784881,0.009286946801190505,0.0003042405258802723,-0.002425916139342954,-0.018547601877683836,-0.0038165779047845067,-0.005452564348459335,-0.0020685381141303675,-0.04737350356680944,-0.006829798147829572,-0.0062856782613942615,0.01530471087507977,-0.010926571488614985,0.0067131672485192485,0.0031069712907410263,-0.00800411917570181,-0.005251998422664117,0.01793124453588013,-0.006823725640330739,0.0031069712907410263,-0.011525639027985132,0.0033664353292344623,-0.008741118868967156,0.016301558325858084,0.0031069712907410263,0.16153939452603,-0.015825446213442004,-0.11415428980713525,-0.04737350356680944,
recency_frequency_metrics,0.003751059668862021,0.0034436832232662687,-0.023405559092368917,-0.0023940359391549015,-0.01542649148675984,0.01043117503236692,,-0.015422896506386582,-0.002479677613633685,-0.01580551014571961,0.010100045964543445,0.004605844570998294,-0.012776350304578578,-0.007272026419674037,0.0025650788240449167,-0.009645234090071236,0.3920199659342231,0.4422130455610856,0.3795401741163775,0.3410578616837273,0.356483866507715,-0.032993849602084735,0.3788102565755214,0.20883057641064193,0.3941790236666679,0.11623251729996809,0.4619149328858843,0.3516140333481366,0.11104747135622164,0.19547596298126818,-0.1537028778732988,0.4574022784176222,0.7116698649251004,-0.7201076333316146,0.9980431156151187,0.3220086081489441,0.16924793740690422,1.0,0.9992398712713217,0.02070412688639137,0.0250432380809597,0.0008602799817378035,-0.017130868405940955,0.010777860594509097,0.0005402805921541679,0.022569214274821177,0.025157763027111663,0.0250432380809597,-0.005907956371124654,-0.007122571178226502,0.014454899307330038,0.013498293878713622,0.01582401769467563,0.020597852602836093,-0.019520831865610763,-0.000741714996420933,0.01849009677570521,0.011993701034463951,0.5396727360975639,0.016294510254004316,-0.5396727360975638,0.0270496329566812,0.023782055630347108,-0.5512826672628651,0.4345190647630485,-0.0085797847731343,0.008579784773134645,,-0.018564472257518345,0.018564472257518345,,-0.017257444354532685,0.017257444354532425,,0.0034114082222070044,-0.0034114082222077026,,0.014902589088420615,0.0034114082222070044,-0.01712040008069472,,-0.015223159096050877,0.009679159579150307,0.00588926392352658,,0.0025650788240449054,0.00588926392352658,-0.008201462056167326,,-0.0032539414150673037,0.00588926392352658,-0.0017075192471549883,,-0.002736907540299751,0.00588926392352658,-0.002248086846026053,,-0.007272026419674031,0.00588926392352658,0.002664766560780923,,0.0036042311020223904,0.00588926392352658,-0.008615990946495114,,-0.0028166399521949714,0.00588926392352658,-0.002152915259859231,,0.004605844570998294,-0.000737681515248295,-0.0046580995330774205,,0.015118146694699755,-0.015118146694699144,,0.014431068881750926,0.008065662429453413,-0.01277635030457859,-0.007750995280417756,,0.001665148768434246,-0.005223134683569189,-0.013432018411679108,0.016989015377702914,,0.01697123482668631,0.007815057462300002,-0.002196995844229335,-0.01995190772403206,0.0017975490739718229,,0.003978292056895136,0.011303619018236661,-0.0005907989700180003,0.026809232324688917,0.0015496621514558308,-0.01135655183456612,-0.004211665110606863,0.005690875625536616,-0.007535628240470377,0.009518763557558436,0.020577911525011792,0.013754017143944818,0.002992003645618175,0.0069079129068103,0.05514686767580445,0.057894200310238744,0.009190602845428653,-0.009511367432929083,0.010638389374944737,0.0033700696330729676,0.015019235383753117,0.00376093423235725,-0.014691221705007607,-0.0043937984039656396,-0.00900116466885521,0.010360718564691644,-0.016898417239880618,0.017716963425032133,0.01695973465463197,0.018380765853230657,-0.01314032077364304,-0.004713656391687599,0.008168626542474937,0.011334377722594486,-0.010905392583297622,0.019081673655697528,-0.017668385702269394,-0.02359339282615808,0.2941532236286166,0.0025677140244389956,-0.009744567010244783,-0.007868366783029128,-0.5396727360975638,0.009182873118389324,0.0026414339790370917,-0.000201756967776429,0.01799755460684119,-0.009699808097643765,-0.016294510254004198,-0.02121670347609433,0.035372158726203966,0.015217194717085363,-0.006822375933749701,-0.016294510254004198,0.015348120949851635,0.002344400217184343,0.008143716571303944,-0.008544626968813526,-0.016294510254004198,0.5484702035500373,0.3226516601867471,-0.5334777733237279,-0.5396727360975638,
engagement_score,0.0045620358649324086,0.0038474956743507534,-0.023156841765079008,-0.002194458355980885,-0.014880560407040699,0.010161956978354163,,-0.014877048230844727,-0.002224312904254845,-0.01527253003180734,0.009949073985231352,0.005304321342280992,-0.013011394185376385,-0.0071874514573632515,0.0033111826602917837,-0.009415210924513496,0.40684315987002884,0.46083043646908756,0.4042712937305053,0.361952600182706,0.37824387744844695,-0.03300461080183474,0.3890732118628164,0.2284361272173275,0.39413317552199634,0.1188197054919256,0.4618081723057891,0.37309312130867855,0.12585729992954353,0.2042934537906012,-0.1548262187285808,0.461114468334859,0.7147658540787424,-0.7192821890845142,0.9954565140976848,0.34944017458424015,0.20669209867408747,0.9992398712713217,1.0,0.020567575389538132,0.025032856348296384,0.0005892357723255129,-0.01704828134771506,0.01074873311635169,0.00024508205483099926,0.022164970115160117,0.024716461466822798,0.025032856348296384,-0.005445891628401526,-0.006473362549581459,0.01537224667518883,0.014224110291935948,0.015485371392106553,0.020427838841834713,-0.019569389382648576,-0.0012425603270817083,0.01784649334272228,0.011772471557357677,0.5370169039910967,0.016100640388835213,-0.5370169039910967,0.02708966456412884,0.02383937729837565,-0.5536396600264314,0.4349022183646535,-0.008833523322621014,0.008833523322621368,,-0.018173738080094412,0.018173738080094398,,-0.016776240757229846,0.01677624075722957,,0.004811116173065845,-0.0048111161730665505,,0.014233071328508309,0.004811116173065845,-0.01728120095189082,,-0.014586781770630294,0.00984874621580837,0.004951284648425014,,0.00331118266029179,0.004951284648425014,-0.008171872406157204,,-0.003054069714080968,0.004951284648425014,-0.0011032050190783202,,-0.0015133448147922396,0.004951284648425014,-0.0027130379068834223,,-0.007187451457363271,0.004951284648425014,0.003423015385007936,,0.004153806508777267,0.004951284648425014,-0.008374844781400683,,-0.0019934165289773767,0.004951284648425014,-0.0021859248899450123,,0.005304321342280989,-0.000908825889421505,-0.0053081085452680345,,0.015022505275607893,-0.015022505275607338,,0.014384670934059466,0.008052333610829049,-0.0130113941853764,-0.00742802087079129,,0.0011146340372747744,-0.004934315257250166,-0.013179430147059464,0.016998177103037485,,0.017102533427715276,0.007430689805710887,-0.0022236977083822684,-0.019533297137467442,0.0014584500577134835,,0.005371710067878125,0.011070454438611753,-0.0007059865793902325,0.026553204791182033,0.001459326617322854,-0.011409528109073043,-0.004391618261972816,0.005666873907204194,-0.007402691898370201,0.00937272022780024,0.020398989529085313,0.017846992496834177,0.002911564785399475,0.0067824801311697335,0.05497247997177842,0.05820154228203452,0.00911088734443268,-0.009638896130624483,0.010659733694119605,0.0033063312271640792,0.0148028240585573,0.0038558842207174733,-0.014699490990095841,-0.004515979717247754,-0.008854173187101484,0.010298077442348294,-0.013126903788343993,0.017629161994495518,0.016735465560668707,0.018068574136834742,-0.013155975694513272,-0.0047844279017131425,0.008459636349668242,0.011096918438524082,-0.010534169633273076,0.01917646729620855,-0.017532818047822883,-0.023524707751571162,0.29107924132858154,0.0023270745527051756,-0.009924736801369405,-0.007906305161231066,-0.5370169039910967,0.008862705207228823,0.002534216020157509,0.0004833092354500593,0.01736506317455394,-0.009529550051469144,-0.016100640388835005,-0.021352729264481268,0.03493294151593881,0.01584869487935942,-0.007074157251487593,-0.016100640388835005,0.014870490588512695,0.0022861802214175584,0.007795891836066847,-0.007740399694768744,-0.016100640388835005,0.5515976884764912,0.31883379032408316,-0.5343430258730697,-0.5370169039910967,
support_ticket_count,-0.018719223791587174,-0.09909890663290821,0.019448654072698933,-0.027915227648098024,0.0025184879569249657,-0.00033861889024282916,,0.002518428712847373,-0.02691858520431987,0.001989092164034884,-0.015689421645401068,-0.0332761684201805,0.006652925565026195,-0.022952982530099548,-0.005626933750545453,-0.015110241332515371,-0.002908895487384435,0.01390908559865898,0.016169179702825765,0.013064980546944351,0.008553477595821403,-0.011395746420427013,-0.003204812180634919,0.010050745113585162,0.008905586420863539,0.0003027645547075287,0.010853430413931133,0.008247234810776388,-0.009381331808674025,-0.015660853451081622,-0.0017932767523064239,0.006531809352143694,0.024170645667244216,-0.01985306835789554,0.020039638515159205,0.016092390461345786,-0.003172967268190882,0.02070412688639137,0.020567575389538132,1.0,0.8218233708614464,0.5814089307074957,0.4969736687167259,0.7118829134028304,0.3577724279126557,0.8946380142192728,0.6435308850167094,0.8218233708614464,0.005799907471065623,-0.09525390372334473,-0.021800503283036607,0.07357797020813053,0.7197717758981753,0.5076233139530077,0.2521861156656373,0.17723960653617188,0.5898872425838908,0.7856166628109684,0.004320820730286945,0.739080266933056,-0.004320820730286954,0.42313224411882033,0.40129329107904593,-0.026568700610603884,-0.2391027229497431,0.012924411519555304,-0.012924411519555304,,0.0031835002999695506,-0.0031835002999695866,,-0.013636005099181694,0.013636005099181666,,0.01577322227186136,-0.01577322227186142,,0.006055437349474438,0.01577322227186136,-0.01557193042064971,,0.0248734693653627,-0.03760167192194175,0.016625392321529344,,-0.00562693375054545,0.016625392321529344,-0.008924814490239236,,-0.007421400348955507,0.016625392321529344,-0.006662265703332032,,-0.007508592456768016,0.016625392321529344,-0.006573815844330034,,-0.022952982530099555,0.016625392321529344,0.01019285184769484,,-0.0034788771240452008,0.016625392321529344,-0.01057820707575885,,-0.016652121707688282,0.016625392321529344,0.0026528903419746814,,-0.03327616842018048,0.02299339374317025,0.01684891539296773,,0.009615960130583254,-0.009615960130583185,,0.0028212424715294516,-0.0085399847509855,0.0066529255650261765,-0.0018905608957640102,,-0.008019022784763831,0.0044240035925461815,0.009198399322705617,-0.005602542488978557,,-0.017344678666421497,-0.012133520220908632,0.01043033456768033,0.016601106265382595,-0.0024988625148457053,,0.01073008687420588,-0.01706012295527034,0.03083603996546095,-0.017106134122500727,-0.0020980291054698663,-0.010730457656221076,-0.009603584750179662,0.004618408236862773,-0.005553229521532181,-0.00209802910546987,0.011051056413577683,6.706503596683424e-05,-0.013076052129113528,-0.0036509700624378473,0.023058376321717106,0.004843175868214156,0.010040079635361718,-0.009624277254121249,0.019858016941817384,0.006783409884948598,0.014564960360086874,0.013479164931517454,-0.0029672719065790484,-0.010730457656221118,0.008879993918173795,-0.01849364340586314,-0.009395354748061687,-0.006297665535752885,0.010040079635361705,-0.009628059243884922,-0.01073045765622107,-0.002098029105469862,-0.0020980291054698715,-0.0005874247374849313,0.013538998558952214,-0.0024310287562302694,0.008879993918173769,-0.018006443972864557,-0.0031511486492685242,0.02350427086491008,-0.026308586940419376,0.019858016941817356,-0.004320820730286954,0.31663649978463915,0.25297691235571795,0.18754372360640043,0.1278886508104548,0.07406474654137418,-0.7390802669330556,0.3616123601222828,0.2551482577582781,0.1532007142498621,0.11089784604802745,-0.7390802669330556,0.35899679884800073,0.24003311076404288,0.17899235971155233,0.1038751218447741,-0.7390802669330556,0.01682019923485662,0.003063023016881197,-0.015962522896177996,-0.004320820730286954,
open_ticket_count,-0.028101548748558965,-0.08298022919977636,0.021987636955916212,-0.03089137980341412,0.002124509778046032,-0.003561889105667608,,0.0021234282195115553,-0.030085052958463924,0.0017512519474705097,-0.01584598532770185,-0.027599475489094895,0.0023008834730139822,-0.02517309671469028,-0.006228617856390025,-0.018055069877565222,0.016401782130714908,0.028146211788970147,0.02531794334257344,0.024904951809592984,0.021557761579922893,-0.019406702628930676,0.014481261659157994,0.018181655730588758,0.00048357175481737903,-0.0017402775736811652,0.0070256369560272305,0.021937434800601455,-0.013335267029043993,-0.013353339700007218,-0.001226997298092282,-0.0015614456767047875,0.03039597165369773,-0.03292327828714164,0.02405896971990211,0.02220745565735485,-7.379662283913236e-05,0.0250432380809597,0.025032856348296384,0.8218233708614464,1.0,0.026725782909048975,0.4032482130818144,0.5824127649917711,0.0004420099011992341,0.7413382266398835,0.5452206369003806,1.0,0.014612066865052271,0.011412536096772116,-0.021362327986658936,-0.022064909163415792,0.5828107601910174,0.7762036544175429,0.19350130394276097,-0.13250925542973918,0.47660742543139506,0.7777562017927392,-0.005789849243701688,0.5983758925572273,0.005789849243701687,0.3513956004281905,0.33348883183683686,-0.030384320149005956,-0.2317468618238487,-0.0015237397704755923,0.001523739770475552,,0.010070232926910542,-0.010070232926910559,,-0.022234067064445025,0.02223406706444501,,0.009511677414017244,-0.009511677414017278,,0.010114463290792032,0.009511677414017244,-0.015929047113063158,,0.017933707484532928,-0.03662617227123173,0.02345084002432969,,-0.006228617856390036,0.02345084002432969,-0.01447778324359431,,-0.013243484165710084,0.02345084002432969,-0.006500302708488952,,-0.0125070241247748,0.02345084002432969,-0.007270855691918533,,-0.025173096714690296,0.02345084002432969,0.0064428983721651545,,-0.007057256617190178,0.02345084002432969,-0.012756524446393764,,-0.01528175789868039,0.02345084002432969,-0.00449289779667529,,-0.027599475489094895,0.015666559538847956,0.01721335725070649,,0.020821384996176393,-0.02082138499617629,,0.00241814347816203,-0.004838119017453478,0.002300883473013983,-0.00022798018998810334,,-0.01374994391118411,0.01425821369911876,0.0017267982292319224,-0.0022323683648279675,,-0.01208387870565298,-0.006958579039986019,0.00519708131005223,0.018725197569129274,-0.011718819960565424,,0.007892925130078304,-0.016942460584505013,0.041737458006319166,-0.005851589666837155,0.002494366594094307,-0.014972866784198343,-0.006124195655377012,0.005370119027365097,0.006602286961479409,0.0024943665940942513,0.001656014536237409,0.002461592748540285,-0.010586663876647426,-0.0075087715743928345,0.026589924700003948,0.005098056086532951,0.011430834869987421,-0.004572314785818321,0.028656427535577483,0.02461552274795513,0.016431997486744298,0.01631292931818633,0.003527817559855794,-0.005722524612171273,0.0024943665940943037,-0.014972866784198345,-0.012261464632130431,-0.009963935506155312,-0.006124195655377118,-0.019997457460884677,-0.014972866784198343,-0.010586663876647416,-0.01058666387664742,0.0029501802371469255,0.004876940443717055,-0.00284599496074132,0.0024943665940942556,-0.013182802739488473,-0.011559284872902297,0.011548559386721417,-0.01812907516473046,0.015575397064836004,0.005789849243701687,0.24715944299380252,0.21846902204003318,0.15190006749906543,0.1018775046313551,0.05686872278575985,-0.5983758925572275,0.28022195513398085,0.2034214379597967,0.13435672106748262,0.09858127922284803,-0.5983758925572275,0.2864941622848584,0.18655695727017238,0.14457859334841244,0.09926605941148661,-0.5983758925572275,0.024711284159121917,0.005756435096133735,-0.029571885626770742,0.005789849243701687,
closed_ticket_count,0.00826589002840795,-0.05625450883732961,0.002490148015457197,-0.004545494868493043,0.001656543932748537,0.003854666564576089,,0.0016577219468246749,-0.004066743138511773,0.0012254695014207195,-0.0028509092579832047,-0.018342505653742475,0.009634468309298991,-0.004703445398902353,-0.00056842829494295,-0.000291597713398788,-0.02781493013275882,-0.016703003102166224,-0.009143141467364712,-0.014708237345569213,-0.017129759288298792,0.005790154537389946,-0.024284647741583336,-0.009398128884626268,0.015233733824214252,0.004723079824221156,0.006791799070272989,-0.01832108268220229,0.0019364549490815067,-0.008837552774615566,0.0009077129476751369,0.011525654701192467,-0.0004966703164596702,0.011400781735949063,0.0012075727402166786,-0.005015457601190781,-0.006327187588061375,0.0008602799817378035,0.0005892357723255129,0.5814089307074957,0.026725782909048975,1.0,0.30675001527328316,0.4333634650113395,0.6364523207844375,0.527154135535164,0.36392694899046873,0.026725782909048968,-0.008080129230222081,-0.18883355490317155,-0.007863451851276675,0.16877799499200274,0.40955666159880355,-0.2389867877471495,0.15878470316195442,0.49890818165423245,0.33592302777628236,0.2615847404386502,0.015475778398744125,0.4204076920281047,-0.015475778398744127,0.24593836070056638,0.23098215472440317,-0.002401151381270368,-0.08673430491254146,0.026451599296099863,-0.02645159929609985,,-0.0069838206213643185,0.006983820621364259,,0.008148880673874542,-0.008148880673874566,,0.015143430846530028,-0.015143430846530031,,-0.0035188859246058015,0.015143430846530028,-0.005508057597858036,,0.017165521387438352,-0.01281262204573305,-0.0043534605420030275,,-0.000568428294942951,-0.0043534605420030275,0.004594654938752942,,0.006329647210843363,-0.0043534605420030275,-0.0028343167847515592,,0.006440679420315066,-0.0043534605420030275,-0.0029539030433151318,,-0.004703445398902358,-0.0043534605420030275,0.009132759763353777,,0.0014871720134232488,-0.0043534605420030275,0.002189916183946597,,-0.007809905912519855,-0.0043534605420030275,0.011517406068229541,,-0.018342505653742472,0.01656153945307842,0.0055893964015160825,,-0.010616532147343438,0.010616532147343408,,0.0010715103389206146,-0.007330030843633369,0.009634468309298984,-0.004704531546425746,,0.005024164634551415,-0.01455470316259763,0.01491454871889999,-0.005386765980552387,,-0.011209382496552279,-0.008052368881528618,0.00824664898595508,0.0027703374544610425,0.008880986597110981,,0.00639612496157667,-0.005576740979788104,0.011480670479156496,-0.022092708248739993,-0.0074379917072495,0.0028588085636963856,-0.008173493820609801,-0.000583093444499135,-0.019687465260573127,-0.007437991707249496,0.01608068668448611,-0.004542240603385641,-0.007437991707249495,0.0038546665645760327,0.005249975781566449,-0.0011128278009535527,0.00028959306244732996,-0.010499501017282425,-0.007437991707249489,-0.014879153125834632,0.0053915870897058285,0.005720054823997822,-0.01051965569817323,-0.010519655698173218,0.011480670479156494,-0.010519655698173223,0.0005798043192481438,0.002912562658740099,0.02567885371161884,0.011343255471551393,0.002858808563696388,0.011480670479156513,0.011480670479156506,-0.006516351829775206,0.01534079104964557,-0.0010595413023262285,0.011480670479156511,-0.0125338348715613,0.010171173063564028,0.02323431707349802,-0.019687465260573127,0.011480670479156517,-0.015475778398744127,0.1881266284942798,0.1250456535745437,0.11190472273318436,0.0775841019303597,0.04368708746455552,-0.4204076920281046,0.22210665568805468,0.15061868427324093,0.07202503493650725,0.05170821905126968,-0.4204076920281046,0.2031210073482592,0.15145240642049407,0.10464329356510804,0.039330640729101356,-0.4204076920281046,-0.008296264730303992,-0.0016163828172443752,0.015359887593601964,-0.015475778398744127,
critical_ticket_count,-0.0017367477061846106,-0.06873875539565097,0.0033912497602126236,0.005339293574952679,0.007897436864176972,-0.002124131211121241,,0.007896833754133286,0.006583930274594129,0.007259453967144286,0.0044214483366963415,-0.010557177553065901,-0.0021338216299871234,-0.0019810058483863456,0.011662756724066886,-0.007649682116680513,-0.012951218248683642,-0.003810403241910651,-0.0018273939172049006,0.0055353523537451,0.0009665654392759608,0.006104665428355732,-0.015422434733494203,0.0020446813362477645,-0.016669054367008766,-0.00486141938622758,0.008678957404253694,0.0032427377566551026,0.011609461305968825,-0.016563697489090423,-0.013128159946369832,-0.012905600884716551,-0.019952508515648688,0.009279238770707727,-0.017580069976821277,0.0017875457581320283,-0.003050140250851145,-0.017130868405940955,-0.01704828134771506,0.4969736687167259,0.4032482130818144,0.30675001527328316,1.0,0.7103465365071718,0.21507745272562517,0.4423399420310032,0.31372132921747437,0.4032482130818144,-0.021308625684191233,-0.07025025567845278,-0.019741873161478466,0.02719974248977676,0.3562675830297537,0.2414350321792696,0.8474842203610919,0.11705812645887463,0.29412816460957175,0.6779203705732855,-0.013618964427122581,0.36993399827985013,0.013618964427122566,0.22109281571963071,0.2112190548355551,0.018662687205836425,-0.2303549648538944,0.013738732270314889,-0.013738732270314895,,0.007422067583214808,-0.007422067583214829,,-0.027131821146420647,0.02713182114642069,,0.012946337446110524,-0.012946337446110552,,0.012004632339393516,0.012946337446110524,-0.019898168302572457,,0.018014245458121886,-0.003574578420159466,-0.016461683351174206,,0.011662756724066872,-0.016461683351174206,0.002102048607835776,,0.014318797480029106,-0.016461683351174206,-0.0006798234365109449,,0.005418696891741913,-0.016461683351174206,0.008615506777842485,,-0.0019810058483863387,-0.016461683351174206,0.017124600035017735,,0.01031326465633598,-0.016461683351174206,0.003559564312141549,,0.0011257410158806325,-0.016461683351174206,0.01278829813363681,,-0.010557177553065901,0.015054247143995106,-0.0020365436355423796,,0.004112927129910205,-0.00411292712991017,,-0.007313983951402695,-0.002556825316322814,-0.002133821629987121,0.012106384940806443,,0.0027847676535695184,-0.0047807378375877094,0.005167747859400208,-0.003172682861007366,,-0.0035992765525859178,-0.005518814326696216,-0.004219248624930696,0.008410703910266869,0.004201799880331423,,0.020397095572930055,-0.013859091025731386,0.015106671081104094,-0.01109222468622745,-0.006544994450889425,-0.009256677189180627,-0.014639210780666405,0.00042241321056022253,-0.0009497116221414201,-0.006544994450889423,-0.009136760526354381,-0.007909661278274801,-0.00654499445088942,-0.015189857080052736,0.013308533893288206,-0.011554382885609603,0.014417800453218131,-0.016037591334918597,-0.006544994450889432,0.019391640404333145,-0.01418188682282971,0.01977288889092948,-0.00925667718918063,-0.009256677189180617,0.015106671081104094,-0.009256677189180615,0.0046263575563864675,-0.012424821066664623,-0.004953540369371559,-0.011109596817179334,-0.00925667718918063,0.015106671081104073,-0.006544994450889427,-0.007462535975765381,-0.0036975343524198383,-0.001646587760712747,0.015106671081104075,-0.00913676052635433,0.0034382820935206495,0.015424386186284368,-0.01732380943056716,0.015106671081104112,0.013618964427122566,0.16863035399062803,0.08913376842644209,0.104798954584373,0.07440899932882875,0.04660688122241332,-0.3699339982798502,0.8849473284625102,-0.22123346531175464,-0.1846907813763984,-0.1678791420592546,-0.3699339982798502,0.1431934240708208,0.14146439528684068,0.09272614150528381,0.0702133066766537,-0.3699339982798502,-0.005606716495324788,-0.006645449122448192,0.004761241722020401,0.013618964427122566,
high_priority_ticket_count,-0.006258693429350584,-0.07870509623124901,-0.004024057511264749,-0.016523840101877563,-0.009825135787344567,-0.016414929676333293,,-0.009831140190731317,-0.01573263728504971,-0.010396028347166023,0.0062109082259439825,-0.020194188455168745,0.007650112468597443,0.006160873175903986,0.008709440210566454,-0.007891759349813584,-0.006984341689477916,0.009049084017922359,0.012067868271090782,0.016891265156313586,0.009764385289151837,-0.004424888269392478,-0.009658719767119099,0.005609133167378152,0.0030544247249747448,-0.00478282155554775,0.009103907376656247,0.010840573000872438,0.005458749811897406,-0.012458249279974345,-0.011881329572700624,0.0032488978508874032,0.009061958634189791,-0.013284592026294553,0.010051233857834282,0.01413139156832336,-0.002232708558311063,0.010777860594509097,0.01074873311635169,0.7118829134028304,0.5824127649917711,0.4333634650113395,0.7103465365071718,1.0,0.2877157028758568,0.6476615277452845,0.46215209270804547,0.5824127649917711,-0.006002288433337218,-0.07966305192567355,-0.02059900080764566,0.04724305932489183,0.4957344867022782,0.3377821648701301,0.5161211301103044,0.1478941198434223,0.4143693775633178,0.6877239179214159,-0.0018512522359828978,0.5136947294159588,0.0018512522359828943,0.3197426292629378,0.30628321159067917,-0.010111191692330877,-0.22427253650805112,0.01485735880711636,-0.014857358807116378,,0.007424756110711223,-0.007424756110711308,,-0.010088876207206282,0.010088876207206261,,0.01954866972641002,-0.01954866972641009,,0.0031439848176964312,0.01954866972641002,-0.01488712470564809,,0.013891857455363173,-0.015100900173937854,0.002177532848902978,,0.008709440210566452,0.002177532848902978,-0.011613568082424348,,0.004148502538798153,0.002177532848902978,-0.006217926104556965,,0.003714170902006041,0.002177532848902978,-0.0057694331081458924,,0.0061608731759039805,0.002177532848902978,-0.008763080712616922,,0.011719039159436371,0.002177532848902978,-0.013641429219973437,,-0.0038251826954427775,0.002177532848902978,0.0019972503542104282,,-0.02019418845516876,0.02388289238996627,0.0007789346982303336,,0.009064265338584366,-0.009064265338584352,,-0.00648012169702705,-0.012158510129774288,0.007650112468597443,0.009693407816532648,,0.008087472320269403,-0.007963945881210214,-0.0036150766869316947,0.0034900423531546154,,-0.0009409740340199482,-0.005999214221032501,-0.006370640819317579,0.0013025136564303193,0.015184713103676544,,0.0048870523388875,-0.019145561557764652,0.05167091776184874,-0.01813148887932194,-0.009088456776376581,-0.012853931528590747,-0.013533146673636875,0.0009351371620812565,0.01040596508031638,0.006101386858179709,-0.001081372233268044,0.007292258968650177,-0.009088456776376574,-0.00266543317955452,0.02119072040825075,-0.0010213592533577893,0.01364699220778446,-0.01606655880178082,0.006101386858179689,0.012205373831531405,0.019728189211161325,0.01189281978254534,-0.012853931528590748,-0.012853931528590745,0.006101386858179685,-0.012853931528590759,-0.0032871766533977276,-0.007016231978819071,-0.0067381119532815194,-0.015152508717095715,-0.01285393152859075,0.006101386858179709,0.00610138685817971,-0.0019736636329371767,-0.0012846271312320283,0.00808338031125682,0.006101386858179699,-0.01256870954685231,-0.0031395229606301658,0.0161496337371086,-0.024056046860436872,0.02129123049273611,0.0018512522359828943,0.22890401588117248,0.15471166146505283,0.1291858907214105,0.09501598143000785,0.06091478683165597,-0.5136947294159592,0.5836772845979763,0.40231453643440235,-0.25330712209145095,-0.22762811371899072,-0.5136947294159592,0.23328766182795532,0.182753846721449,0.11907334641256756,0.08011056490475096,-0.5136947294159592,0.018373076220792775,0.0027881827697917986,-0.019746252631747965,0.0018512522359828943,
low_satisfaction_ticket_count,0.006072445548001947,-0.04490663756636329,-0.014220486928586679,-0.015227829633428598,-0.019786329733105054,-0.006474503365893966,,-0.019789096467809148,-0.015860116281975315,-0.019902132031563654,0.007521113611182909,-0.014475364750892072,0.011977356920813375,-0.003128274086478381,0.0004800453267300915,0.001554804566534439,-0.009092617987893473,-0.012900505333009836,-0.002087330126067203,-0.005979628435379899,-0.010830229873794481,-0.006533521851471938,4.435468762196361e-06,-0.004022108132511991,0.0022381044893004746,0.013300229170172484,-0.001856443920675597,-0.014044403804309265,-0.013625316153986518,-5.950180487562624e-06,-0.009607965012743263,-0.001438123310527849,0.00013340903002332586,0.001743013084735397,0.0005410139251215872,0.00014354665521708907,-0.008877321094863984,0.0005402805921541679,0.00024508205483099926,0.3577724279126557,0.0004420099011992341,0.6364523207844375,0.21507745272562517,0.2877157028758568,1.0,0.33230167198108945,0.22923092282227342,0.00044200990119923946,-0.6405556060176527,-0.7302054424678331,-0.019353675171444536,0.0942094266836545,0.2556434728086812,-0.1601954744187735,0.11926215208439815,0.8708443349942003,0.2206729942830795,0.2859128137046353,0.0028693260053589908,0.2631555717099406,-0.0028693260053589877,0.1582468060963335,0.1561683273968226,-0.00701655976803735,-0.10305656579407711,0.02995398648582665,-0.02995398648582663,,0.0002143671091373852,-0.00021436710913742794,,0.00011318906204203128,-0.00011318906204204352,,0.019528424320469327,-0.019528424320469463,,-0.008106540512334722,0.019528424320469327,-0.0034923802371434375,,0.016565838117108236,-0.013874155440069764,-0.002383191554960097,,0.00048004532673008685,-0.002383191554960097,0.00164040339629632,,0.007737187136761832,-0.002383191554960097,-0.0060113104670692745,,0.016953598615704273,-0.002383191554960097,-0.015647408455196455,,-0.0031282740864783842,-0.002383191554960097,0.005609197405530249,,0.02340474858840119,-0.002383191554960097,-0.021542572926345604,,0.011049468736917189,-0.002383191554960097,-0.009072420062332132,,-0.014475364750892087,0.023993653089624027,-0.005981539647536951,,-0.0053203099131099345,0.005320309913109946,,-0.012499225959482078,-0.007876140554012074,0.011977356920813375,0.006561049532314371,,0.008564680855739788,-0.004407792757188661,-0.006991265423544295,0.00283354275284572,,-0.000633583267489171,0.004805053416198885,0.0055842724057684435,-0.012433509637980029,0.006722013599668454,,0.004098886225369302,0.004098886225369324,-0.004655835269456013,-0.011396236109397186,-0.0046558352694560075,-0.006584812937389028,-0.010413722178231158,0.00797838802269784,-0.0123234333586345,-0.004655835269456008,-0.0010719501923312897,0.017139598087761394,-0.004655835269456003,0.01148175857779224,-0.0034156126550828245,-0.001712810696363492,-0.010413722178231152,0.0007436556659848759,-0.004655835269456016,-0.009313654630103748,0.005021875311697727,-0.013175240722986595,-0.0065848129373890325,-0.006584812937389021,0.025100106475352178,-0.006584812937389023,0.005800825962909602,-0.013975446403556635,-0.010413722178231125,-0.0018585221299140151,-0.006584812937389039,0.025100106475352237,-0.004655835269456008,-0.011231752125015749,0.02069103284902095,0.011146516480105678,0.025100106475352258,-0.012323433358634598,0.006114649068890787,-0.012323433358634568,-0.012323433358634514,-0.004655835269456007,-0.0028693260053589877,0.12528972725314597,0.0743126897720045,0.05896864094524064,0.05721263744365412,0.02537430327914293,-0.2631555717099405,0.16365245196418438,0.0962408534651368,0.024412140099134217,0.020374943421803557,-0.2631555717099405,0.11399329389569926,0.12138795653821378,0.06043852006396837,0.015359436098949665,-0.2631555717099405,-0.00019926704031427892,-0.003868339060244146,0.004523363116567033,-0.0028693260053589877,
complaint_ticket_count,-0.010635716981120369,-0.08977181761911059,0.015548288223477081,-0.02531757842520234,-0.0011110659524544231,-0.009616583063066493,,-0.0011142697470786162,-0.024588239200273605,-0.0014575846574533362,-0.013899022859224706,-0.018540594533742266,0.011528126221775013,-0.015390035258457682,-0.00433821087333592,-0.004527708473535571,-0.002725779721604892,0.011513618241601822,0.0105440116394133,0.00794278198261921,0.002846433880696671,-0.008869740229067544,-0.003346055681448857,0.007571840139742743,0.007579908732361414,-0.0008349549998582747,0.004887209609188899,0.004076845462763604,-0.0004970341466244536,-0.01671038376102615,0.009133415083999357,0.0052840004366266685,0.02739997018182484,-0.024474492376658472,0.022430734138555754,0.008694522274600278,-0.008451419604485599,0.022569214274821177,0.022164970115160117,0.8946380142192728,0.7413382266398835,0.527154135535164,0.4423399420310032,0.6476615277452845,0.33230167198108945,1.0,0.7144155408326942,0.7413382266398832,-0.0010762653621846727,-0.09843867739531885,-0.0160659401036378,0.07493775794681137,0.6389942420681022,0.4500107030306626,0.22297491249369392,0.16487881074113298,0.7547201738525302,0.704752167073177,0.002115585561844398,0.6555285366968094,-0.0021155855618444144,0.37952173869565575,0.4449865044897386,-0.023000364123387986,-0.2187748504349129,0.015245816563866553,-0.01524581656386665,,-0.0036659268443592482,0.00366592684435923,,-0.015997498621260077,0.015997498621260084,,0.013890461075678004,-0.013890461075678052,,0.0018502185853486474,0.013890461075678004,-0.010189893131988526,,0.020078763126358645,-0.032017494524349044,0.01542543990535638,,-0.004338210873335918,0.01542543990535638,-0.009256514676731536,,-0.00653040952211856,0.01542543990535638,-0.0065523554658602715,,-0.0033083372335981835,0.01542543990535638,-0.009921823360754563,,-0.015390035258457677,0.01542543990535638,0.0029510899525831144,,-0.00617664537637289,0.01542543990535638,-0.006846177837683849,,-0.011947491711555193,0.01542543990535638,-0.0010533389692790483,,-0.018540594533742266,0.014357624957803575,0.007916649220471307,,0.008316634729897,-0.008316634729896962,,0.00555836637033878,-0.007459046937754828,0.011528126221775008,-0.011125490340795704,,-0.009954644305830608,0.0058361977784473495,0.0055159788144967204,-0.001396427260543192,,-0.011119479276179914,-0.015665452519869595,0.011806212247562904,0.013269165766230637,-0.003551732667507308,,-0.0026298806735968595,-0.013986256874787334,0.036254251099096996,-0.010154376665078348,0.00036519227821898016,-0.016402969396470235,-0.0045347183418240535,-0.005323707735227373,-0.0035569040710471335,-0.011597827328740372,0.005490143734075407,-0.002835196917239043,-0.011597827328740404,-0.002397483242860133,0.026329664132407664,0.0010476380171553082,0.0008168267790651271,-0.008876381655506527,0.02429123149213762,0.006713324501847933,0.013783445188166722,0.013728443155161458,-0.007943236424931069,-0.007943236424931019,0.01232821188517842,-0.016402969396470266,-0.003721859854595078,-0.0028937405385562396,0.011519917020843682,-0.014009656713122983,-0.01640296939647023,0.00036519227821894107,0.00036519227821894985,0.002102652759002685,0.00434189384883155,-0.0009383571038545105,0.012328211885178431,-0.012603951876169564,-0.0027774557398768463,0.028107763246881693,-0.026174523583853398,0.012328211885178414,-0.0021155855618444144,0.37213509563590846,0.29378551607766457,-0.17126832535209074,0.21088478525537066,0.13946104067845017,-0.6555285366968092,0.31664808525845334,0.23527537561802508,0.13240151288799065,0.09692328980427295,-0.6555285366968092,0.3248534871901355,0.21691129998377712,0.15335537285651388,0.0849972421274606,-0.6555285366968092,0.014181818509336839,0.004999813779620265,-0.016060400868478795,-0.0021155855618444144,
refund_or_cancel_ticket_count,0.005598864583734171,-0.05844328896426395,0.007569418559383432,0.001756886641691787,0.0031118647185502126,-0.007059268249917925,,0.003109629049094348,0.0015604042833449443,0.0029206119791732998,-0.0005053789822402823,-0.009116586296983024,0.028376328824486236,0.0004984768369316795,0.010477323306157284,0.013021674944896838,0.0030838460640305082,0.008995993262038163,0.013439804093786157,0.0017962609812109238,0.002856901700632575,-0.008735367570541367,0.0033253975952655035,0.01369793761722544,0.014356387532259787,0.005727904967727522,0.007038824781275543,0.0011396210565167036,-0.007207421527088145,-0.011935932755242679,0.004264287252340003,0.008001478786142067,0.02899733724397694,-0.022258080737928475,0.024875034831240796,0.011606246400745535,-0.009733323809782334,0.025157763027111663,0.024716461466822798,0.6435308850167094,0.5452206369003806,0.36392694899046873,0.31372132921747437,0.46215209270804547,0.22923092282227342,0.7144155408326942,1.0,0.5452206369003804,-0.00939799289074642,-0.07544110258406471,-0.021428954544904733,0.036429186733008455,0.4557373613825044,0.3276884153450606,0.1517510526766082,0.11014223025867557,0.5351452991649153,0.50367523542199,0.008244560567611175,0.46775867667226145,-0.008244560567611175,0.2721231062029248,0.31518658240014125,-0.009791771899364579,-0.16315077747872817,0.0060023658392146335,-0.006002365839214641,,-0.0032197343611445333,0.0032197343611445055,,-0.012455392076756453,0.01245539207675644,,0.0021896646196638394,-0.002189664619663854,,0.004378615493713593,0.0021896646196638394,-0.005741251257045851,,0.026770133866392876,-0.013497101222900074,-0.014601771327607913,,0.010477323306157284,-0.014601771327607913,0.001718297563243663,,0.011638677293745634,-0.014601771327607913,0.0005059436043400135,,0.002938346897323906,-0.014601771327607913,0.009594041647149667,,0.0004984768369316698,-0.014601771327607913,0.012705064896025936,,0.013463508861520515,-0.014601771327607913,-0.0011868902738761348,,0.001631489977317316,-0.014601771327607913,0.010708311479940986,,-0.009116586296983056,0.009947920988380817,0.0011450078289191455,,-0.001484251236825867,0.0014842512368259623,,-0.004220971638726415,-0.0009302845132036496,0.028376328824486246,-0.026831009710269027,,-0.01762035869264959,0.023089033259854876,0.0019204133224137111,-0.0073847162085688076,,-0.01376120378754074,-0.011527295239641652,0.015340165135716885,0.004838768978301663,0.003327782900816887,,0.0005659780381887864,-0.015485766886495292,0.04245188619320473,0.005977274867099944,0.008633468089060202,-0.011704496187230464,0.004182153117201807,-0.006395205671295064,-0.009117276853643863,-0.008275740963011879,0.016457942057125634,0.0042357228894073316,-0.008275740963011879,-0.007059268249917806,0.01964525768857317,-0.006206090025466715,0.004182153117201845,-0.006467327617275255,0.04245188619320474,0.017270615343511417,0.0028785679258207584,-0.01743769102385009,0.0002529692387434689,0.0002529692387434334,-0.008275740963011879,-0.011704496187230459,0.0008009834666894655,-0.0022829079264872045,0.0041821531172018395,-0.004721892166721747,-0.011704496187230455,0.008633468089060223,-0.008275740963011882,0.014305853664060248,0.006606955497604718,-0.0010267492189193388,0.008633468089060223,-0.009117276853643936,-0.0029764880676444757,0.02285174678481787,-0.021904886309028582,0.025542677141132397,-0.008244560567611175,-0.06655357712823466,0.5535314180652356,-0.12212268511473635,0.40853310097953655,-0.1788410492308037,-0.46775867667226156,0.21864830740512595,0.1629109630253308,0.11421099529772277,0.06353681446292977,-0.46775867667226156,0.2221287579398698,0.16125624590540208,0.10302284005943889,0.07262702425617037,-0.46775867667226156,0.021567508512436478,0.0033939253729016686,-0.018898454281716836,-0.008244560567611175,
unresolved_ticket_count,-0.028101548748558965,-0.08298022919977636,0.021987636955916212,-0.03089137980341412,0.002124509778046032,-0.003561889105667608,,0.0021234282195115553,-0.030085052958463924,0.0017512519474705097,-0.01584598532770185,-0.027599475489094895,0.0023008834730139822,-0.02517309671469028,-0.006228617856390025,-0.018055069877565222,0.016401782130714908,0.028146211788970147,0.02531794334257344,0.024904951809592984,0.021557761579922893,-0.019406702628930676,0.014481261659157994,0.018181655730588758,0.00048357175481737903,-0.0017402775736811652,0.0070256369560272305,0.021937434800601455,-0.013335267029043993,-0.013353339700007218,-0.001226997298092282,-0.0015614456767047875,0.03039597165369773,-0.03292327828714164,0.02405896971990211,0.02220745565735485,-7.379662283913236e-05,0.0250432380809597,0.025032856348296384,0.8218233708614464,1.0,0.026725782909048968,0.4032482130818144,0.5824127649917711,0.00044200990119923946,0.7413382266398832,0.5452206369003804,1.0,0.014612066865052271,0.011412536096772116,-0.021362327986658936,-0.022064909163415792,0.5828107601910174,0.7762036544175429,0.19350130394276097,-0.13250925542973918,0.47660742543139506,0.7777562017927392,-0.005789849243701688,0.5983758925572273,0.005789849243701687,0.3513956004281905,0.33348883183683686,-0.030384320149005956,-0.2317468618238487,-0.0015237397704755923,0.001523739770475552,,0.010070232926910542,-0.010070232926910559,,-0.022234067064445025,0.02223406706444501,,0.009511677414017244,-0.009511677414017278,,0.010114463290792032,0.009511677414017244,-0.015929047113063158,,0.017933707484532928,-0.03662617227123173,0.02345084002432969,,-0.006228617856390036,0.02345084002432969,-0.01447778324359431,,-0.013243484165710084,0.02345084002432969,-0.006500302708488952,,-0.0125070241247748,0.02345084002432969,-0.007270855691918533,,-0.025173096714690296,0.02345084002432969,0.0064428983721651545,,-0.007057256617190178,0.02345084002432969,-0.012756524446393764,,-0.01528175789868039,0.02345084002432969,-0.00449289779667529,,-0.027599475489094895,0.015666559538847956,0.01721335725070649,,0.020821384996176393,-0.02082138499617629,,0.00241814347816203,-0.004838119017453478,0.002300883473013983,-0.00022798018998810334,,-0.01374994391118411,0.01425821369911876,0.0017267982292319224,-0.0022323683648279675,,-0.01208387870565298,-0.006958579039986019,0.00519708131005223,0.018725197569129274,-0.011718819960565424,,0.007892925130078304,-0.016942460584505013,0.041737458006319166,-0.005851589666837155,0.002494366594094307,-0.014972866784198343,-0.006124195655377012,0.005370119027365097,0.006602286961479409,0.0024943665940942513,0.001656014536237409,0.002461592748540285,-0.010586663876647426,-0.0075087715743928345,0.026589924700003948,0.005098056086532951,0.011430834869987421,-0.004572314785818321,0.028656427535577483,0.02461552274795513,0.016431997486744298,0.01631292931818633,0.003527817559855794,-0.005722524612171273,0.0024943665940943037,-0.014972866784198345,-0.012261464632130431,-0.009963935506155312,-0.006124195655377118,-0.019997457460884677,-0.014972866784198343,-0.010586663876647416,-0.01058666387664742,0.0029501802371469255,0.004876940443717055,-0.00284599496074132,0.0024943665940942556,-0.013182802739488473,-0.011559284872902297,0.011548559386721417,-0.01812907516473046,0.015575397064836004,0.005789849243701687,0.24715944299380252,0.21846902204003318,0.15190006749906543,0.1018775046313551,0.05686872278575985,-0.5983758925572275,0.28022195513398085,0.2034214379597967,0.13435672106748262,0.09858127922284803,-0.5983758925572275,0.2864941622848584,0.18655695727017238,0.14457859334841244,0.09926605941148661,-0.5983758925572275,0.024711284159121917,0.005756435096133735,-0.029571885626770742,0.005789849243701687,
avg_satisfaction_rating,-0.004280173932593295,0.006403312872245612,0.007166851857314266,0.010917315495385174,0.01757849631042255,0.007026236936811724,,0.017581516716471717,0.013186815991151044,0.016988473220938275,-0.01531456206507325,0.010220324131087373,0.0031087922643845477,0.0020430288503014015,0.003960007700937971,0.009375380437772352,0.0019617124188462524,0.0024713823534184697,-0.001293341326832338,0.005024557780906901,0.012233901518630047,0.013323086115750463,-0.005984316159611928,0.005888519188372706,0.00023928939380686364,-0.0013455904011530572,-0.003666118858533808,0.015807980525695826,0.025369889920053446,-0.0010819171077098406,0.008609070454726057,0.005779425411045704,-0.0022656357461036916,0.005011888529784488,-0.006042038064504383,0.0002850488035337016,0.012340787222005871,-0.005907956371124654,-0.005445891628401526,0.005799907471065623,0.014612066865052271,-0.008080129230222081,-0.021308625684191233,-0.006002288433337218,-0.6405556060176527,-0.0010762653621846727,-0.00939799289074642,0.014612066865052271,1.0,0.95232061914317,0.02191560992249382,0.014956565259726537,0.003368331564456205,0.008860007299290339,-0.02070744784307875,-0.6411492562499704,-0.005297359302410954,-0.1413657209623151,-0.0024790677413186486,0.0010473216460606305,0.002479067741318639,-0.003297014027275382,-0.012706301980326355,0.01506852453679604,0.04287674308062792,-0.012891778094688267,0.012891778094688252,,-0.00540486609059432,0.005404866090594341,,0.0015261210250228328,-0.0015261210250228276,,0.002224984383670266,-0.0022249843836702975,,-0.0023692914679843526,0.002224984383670266,0.001064734497395922,,-0.0036134946838034397,0.005264452610688778,-0.002176550191383837,,0.00396000770093797,-0.002176550191383837,-0.0023955401893929295,,0.0016343883980730568,-0.002176550191383837,0.00018030846029766216,,-0.010681577689468293,-0.002176550191383837,0.013048641739858098,,0.002043028850301411,-0.002176550191383837,-0.0002748251663372166,,-0.024732839624288537,-0.002176550191383837,0.02674124183545065,,-0.0177310153080339,-0.002176550191383837,0.01963200420531411,,0.010220324131087383,-0.010969685175713022,-0.001457374335281395,,-0.008789344151500178,0.008789344151500194,,0.0027841444459160932,0.007495043417413345,0.003108792264384546,-0.013579440324633728,,-0.013573374017131185,-0.0020826794156639746,0.01375265939530248,0.001902999702657034,,-0.01118116023061112,-0.004787904908121967,0.00016229719484065893,0.005149364019214542,0.012588925078536373,,0.004896801541330034,-0.005014067730835688,-1.852956039106169e-05,-0.0032302456888057343,-1.8529560390858465e-05,-2.620661641256241e-05,-4.1445129139526025e-05,-0.008761128162105199,-4.9045507288910926e-05,-1.8529560390969978e-05,0.017715797752654968,-0.020093407828413287,-1.852956039086116e-05,-0.014236971716387634,0.024742398093520763,-0.005901059558994534,0.013969661008309982,-0.01283664432768686,-1.8529560391061912e-05,-3.706701718199105e-05,-0.0041193705804597365,0.027645348201498967,-2.620661641255319e-05,-2.6206616412387248e-05,-0.03133941608029152,-2.6206616412317266e-05,-0.01410903962383043,0.026059956880288334,0.034986320214484605,-0.0017961600098915158,0.011048185347138917,-0.03133941608029163,0.03130235695950981,0.009456532648522349,-0.021664987547878684,-0.01890742059377284,-0.015678972820341468,0.005872568912692885,-0.004646298929345858,0.013768054806001153,-4.9045507288844173e-05,0.015641913699559563,0.002479067741318639,0.00556023792371423,0.005601003871908624,0.0010122309711791283,-0.01576262003551328,0.0035444614332623514,-0.0010473216460606003,-0.023868827725107455,0.011124769417050187,0.007108319933270639,0.011663742139244374,-0.0010473216460606003,0.015391572059590592,-0.029204070735544693,0.0021579632346446363,0.014277138546820901,-0.0010473216460606003,-0.007852847679917013,0.006213675905317875,0.0010615896713352284,0.002479067741318639,
min_satisfaction_rating,-0.0041030862378075685,0.016532037959907035,0.006560248313236741,0.011357768872956144,0.017676627439013652,-0.0020863767137573935,,0.0176765622339457,0.013592830040539362,0.017233732866441916,-0.018078081408690536,0.015701285318603153,-0.0008082556475263886,0.00518059616891328,0.0049021846065109365,0.008528480356313999,0.008661334517403287,0.007410501741394226,0.003503609412120301,0.011028695410116996,0.018452962689042115,0.012417438528493125,-0.0002665890753778363,0.010188092404653272,0.000977439166843619,-0.0012168967206078517,-0.004197358276886538,0.02191625937056041,0.024469052714951825,0.003426346630847309,0.009530741114132246,0.0033199456307967624,-0.003048282894122275,0.002074312517320617,-0.00759252532513966,0.0050116962163368585,0.01616213810558681,-0.007122571178226502,-0.006473362549581459,-0.09525390372334473,0.011412536096772116,-0.18883355490317155,-0.07025025567845278,-0.07966305192567355,-0.7302054424678331,-0.09843867739531885,-0.07544110258406471,0.011412536096772116,0.95232061914317,1.0,0.026736337414946486,-0.04234584852748643,-0.038132811660442315,0.042560842996964096,-0.0321934863713387,-0.6696813925684606,-0.04144414617295434,-0.17342899983921248,-0.008216841384886134,-0.04073946575642834,0.008216841384886132,-0.05339006746458137,-0.05711295663784391,0.018181689337618278,0.0534631439344053,-0.022860411470055263,0.02286041147005523,,-0.0018393878891067549,0.0018393878891067562,,-0.0001772823501365859,0.0001772823501365889,,0.002462183709375679,-0.002462183709375666,,-0.002614174277523891,0.002462183709375679,0.0011704517423231865,,-0.007610752656614651,0.008672304540384663,-0.0016738852179177426,,0.004902184606510934,-0.0016738852179177426,-0.0038952219259830593,,0.000694934983819321,-0.0016738852179177426,0.0007253377066782466,,-0.015931957391390063,-0.0016738852179177426,0.018098660293533984,,0.0051805961689132774,-0.0016738852179177426,-0.0041872882299087005,,-0.021145929151936235,-0.0016738852179177426,0.02270468033138528,,-0.017276729671761137,-0.0016738852179177426,0.018751172104055153,,0.01570128531860315,-0.015860621834240377,-0.0031825901933676703,,-0.004512629495706137,0.004512629495706181,,0.0025541289165877243,0.007264728125953483,-0.0008082556475263793,-0.008723944140463456,,-0.011226438894450429,-0.0010361063632143529,0.010827940528862795,0.0014344085522664375,,-0.011754527569473261,-0.0056573449527423155,0.00017024683365800063,0.0033130713854244258,0.017226513721959866,,0.006977634019124701,-0.002416129986743117,0.0007207760804571399,0.0006362954770075668,0.0007207760804571886,0.0010194036912541424,0.0016121622480585738,-0.0056396216014204985,0.001907807188171679,0.000720776080457135,0.007520457992806151,-0.016731618783133475,0.0007207760804572277,-0.011043616088943982,0.027351416755205974,-0.0007499207918648779,0.014892230918322265,-0.01035768923381883,0.000720776080457143,0.001441859320723324,-0.0010420192310646342,0.028292312712944395,0.001019403691254144,0.001019403691254212,-0.028965925291825123,0.0010194036912543336,-0.010066477173439429,0.02691653954121709,0.0281722995885862,-0.003179676908019043,0.011515982927370988,-0.0289659252918252,0.03040747745273959,0.009329556387593684,-0.017312138915917884,-0.016154453537900806,-0.014122574605684078,0.00752045799280628,-0.01603714887264321,0.013133108797440896,0.0019078071881716498,0.015564126766598511,0.008216841384886132,-0.023148296425861612,-0.010289702601699124,-0.0012206373003443446,-0.01881286647944108,0.0016063012691284989,0.040739465756428325,-0.04674104615060547,-0.007784378749975178,0.0008626120064570332,0.011090206249645075,0.040739465756428325,-0.011410362426098431,-0.045209213658664336,-0.0061311650949309494,0.017736597710773114,0.040739465756428325,-0.004382871563797275,0.004930885591256633,-0.0034657741564761936,0.008216841384886132,
avg_resolution_hours,0.004174775249605206,-0.006848527047565175,-0.02068241150587303,-0.021779308674037053,-0.028059225751224177,0.004009602703356278,,-0.028057929547399902,-0.020431846338606854,-0.028487840932786748,0.029352437127440668,0.00818684168415344,0.002358087337820771,0.008801480351692191,0.013407886205196576,-0.0005153022545839863,0.015516493073940981,0.006711372741858807,0.017155262762642835,0.01606806141058184,0.015293784378460787,0.005368686746925424,0.014934285489241042,0.025676084213136427,0.00875832878842738,0.024799313406890334,0.019309852742696674,0.017199039369617777,0.018339710590738804,0.008951327124998833,-0.016052486920552736,0.02022172587070165,0.010120979322336653,-0.008924850918818918,0.013447354780119054,0.019467361887743537,0.02608383123720669,0.014454899307330038,0.01537224667518883,-0.021800503283036607,-0.021362327986658936,-0.007863451851276675,-0.019741873161478466,-0.02059900080764566,-0.019353675171444536,-0.0160659401036378,-0.021428954544904733,-0.021362327986658936,0.02191560992249382,0.026736337414946486,1.0,0.954664280668083,0.003867431997304839,-0.01396069237377147,-0.011741737969188103,0.00750103499804025,0.0026206845736887526,0.04777557196683148,0.00821071840730934,0.003190773064535558,-0.008210718407309333,0.02373906837564399,0.02061950703890061,-0.018027981885155746,-0.017553799870499893,-0.004999784674133235,0.004999784674133232,,0.011796752005861565,-0.011796752005861541,,-0.00012020883820701146,0.00012020883820700021,,0.0005464517986924117,-0.0005464517986924329,,0.00647593386264131,0.0005464517986924117,-0.006879198496729166,,-0.0030714766449176593,-0.0076081482416769635,0.012707132657423084,,0.013407886205196576,0.012707132657423084,-0.026401343049733267,,0.011025401439056464,0.012707132657423084,-0.02252288799314707,,0.021259038345510156,0.012707132657423084,-0.03323401922809511,,0.00880148035169219,0.012707132657423084,-0.02122965814350761,,0.013134898139366332,0.012707132657423084,-0.02398441608206891,,0.00018576266799868684,0.012707132657423084,-0.010929928478978947,,0.008186841684153437,0.004686571685538597,-0.013985831154712825,,0.02145003728975121,-0.021450037289751218,,-0.011432711285310024,0.004125174099215428,0.002358087337820776,0.004566528620664707,,0.007623234511183854,-0.019143618889519827,-0.018404732319118006,0.0299214920417575,,0.02915965803849958,-0.007378584758894872,-0.002911179781345055,-0.018036373234278744,0.001116816643258653,,-0.014355061106229545,0.024727064111536096,0.012503520682097877,0.0050947405083310885,-5.6452210660655086e-05,0.0017186688895308203,-0.006252451612453463,0.02204025465686577,-0.00014942218007328248,-5.645221066065614e-05,-0.003175032947143186,-0.009751330136413626,-5.6452210660654754e-05,-0.025983065677725375,-0.0017879235524818765,-0.004152063621075018,-0.005447295900381239,-0.0014965828922030562,-5.6452210660653703e-05,-0.0001129284785156597,0.02777915948222762,-0.005702907085259696,-7.98411510693189e-05,-7.984115106931721e-05,-0.03994630007579915,-7.984115106931714e-05,0.0134844975157218,-0.0018267980718919745,0.021745613037904187,-0.002866283788350145,0.0033511626186909435,-0.018915975370503768,0.012112244267993226,-0.024696625622096954,0.01775656136867214,0.006628364800349686,-0.012812063310471527,0.0030611281204360953,0.0041086122279946355,0.004861206245913697,-0.00014942218007327803,-0.0008781326802803736,-0.008210718407309333,0.0052779914828763935,-0.012952177556913054,-0.0019477365180747643,0.0053758322335812,0.010776076602387795,-0.0031907730645355003,-0.004995822312264519,0.00012786333113795514,0.0023246401837975173,0.008198612189326502,-0.0031907730645355003,-0.0052512229113361375,0.004649902410642884,-0.007866219332583994,0.014656234041601577,-0.0031907730645355003,0.006294386774958912,0.0018384038818411055,-0.003762880159915814,-0.008210718407309333,
max_resolution_hours,0.00473923479812411,-0.010700238112629816,-0.018614427379188603,-0.018944272094050685,-0.02565555984040077,0.003708695896073593,,-0.025654401873872978,-0.01762388254833723,-0.026108834320786898,0.027232963119172688,0.00215199521550515,0.003641401308118364,0.0058547006202503415,0.011762298378257085,-0.001607241087051614,0.008062908779732439,0.001539721829859725,0.01147995277446857,0.010818663910787629,0.008827601575360281,0.00931165558254257,0.008401477239968076,0.019427263966604182,0.007720647014669823,0.02115426252355965,0.02072122960463627,0.01100508935441705,0.023495313639520312,0.004560831591765333,-0.017606639253517763,0.02166675137133838,0.009971336789951902,-0.0064086179058428306,0.012772908856142297,0.014923102326502909,0.02139011716679281,0.013498293878713622,0.014224110291935948,0.07357797020813053,-0.022064909163415792,0.16877799499200274,0.02719974248977676,0.04724305932489183,0.0942094266836545,0.07493775794681137,0.036429186733008455,-0.022064909163415792,0.014956565259726537,-0.04234584852748643,0.954664280668083,1.0,0.04383003677078163,-0.048712226821975714,0.0010658700947136742,0.06609730512759436,0.03726202539537871,0.08164961191668982,0.010297483577188175,0.0438724093224476,-0.010297483577188174,0.061038625892221345,0.05485058285816603,-0.016676976428013347,-0.028006145912372316,-0.00017301818468164998,0.00017301818468163906,,0.007926861417671299,-0.00792686141767129,,0.0032113041857143405,-0.00321130418571435,,-0.00010794319523481324,0.00010794319523479146,,0.006666388730890349,-0.00010794319523481324,-0.006680021693065587,,-0.001988393755262077,-0.007547210452804343,0.011385053277434902,,0.011762298378257085,0.011385053277434902,-0.023377405371897676,,0.010486335125708079,0.011385053277434902,-0.020814290350253676,,0.023791479434230395,0.011385053277434902,-0.03473344965112827,,0.005854700620250352,0.011385053277434902,-0.016783567269428746,,0.009466106117021023,0.011385053277434902,-0.01917145198916522,,-0.004398787938250861,0.011385053277434902,-0.005211882045438603,,0.0021519952155051544,0.00817526166606087,-0.010281996569227262,,0.017449264255502858,-0.01744926425550294,,-0.009962191345107861,0.002737573735612806,0.003641401308118363,0.003035177209538252,,0.008962698992074067,-0.019608214617885037,-0.014982795576707153,0.02562459858019616,,0.02566312071403465,-0.0027047112783792114,-0.0033199751514104456,-0.016279255533529033,-0.0017813054570050698,,-0.012152582861183401,0.021892974291883117,0.011293089352285537,0.0012797462917504736,-0.0007762051525346621,0.0006304501425778545,-0.007622994753953584,0.018573933088740367,-0.002054521244048942,-0.000776205152534663,0.0017556783051245692,-0.012068363083083466,-0.0007762051525346615,-0.027364156448424173,-0.0065498140005788765,-0.007446451428780464,-0.006849293927191449,-0.0032071738606545726,-0.0007762051525346617,-0.0015527410860606994,0.024235118763794344,-0.0049895071108086095,-0.0010977978031158882,-0.0010977978031158856,-0.03892946342612106,-0.001097797803115884,0.009724640475652229,-0.003922537216880292,0.03293877567654808,0.0005673482129350376,0.0021991675086690788,-0.018898946433915636,0.010917098869269339,-0.02257493520414493,0.013911895557328857,0.003068603296814779,-0.01303349489886282,0.0010306030177818257,0.010846292842211079,0.013982438052472401,-0.002054521244048937,-0.0015657851668686921,-0.010297483577188174,0.03171125288139493,0.00018358203475970486,0.005281869484462712,0.003899393039655139,0.016810680178593617,-0.043872409322447514,0.019075004196140465,0.014208456269660127,0.008454511999335418,0.01136463135608679,-0.043872409322447514,0.02191799818730901,0.01798339051988725,0.002743317096113245,0.009742159960850469,-0.043872409322447514,0.002907892640925263,0.001521126269184384,0.00045104086336433195,-0.010297483577188174,
avg_support_mapping_confidence,-0.005831051464994661,-0.10301113685246328,-0.0007389020868927245,-0.02033220623117319,-0.00960928316060247,-0.0012880039155837584,,-0.009610137400473609,-0.019545311923252727,-0.010150418330580587,-0.006046529644551201,-0.014535524788604114,-0.000815990608301306,-0.022999129295226416,0.001129768871876477,-0.008403917338533988,-0.021326023810284686,0.0001247556461006274,0.005998736016495731,0.002805599680710554,-0.0033122011050690254,-0.0038014661723675828,-0.019746420614007613,0.004781657150487139,-0.0005498594855044085,-0.005065568031037215,0.006603418455032503,-0.004534988125686295,-0.006279927275575244,-0.009126892556405112,0.007104814197692528,-0.004259360554159304,0.00590993823105733,-0.01871947558683657,0.01577659178515123,0.005331494007265514,-0.00728398307120101,0.01582401769467563,0.015485371392106553,0.7197717758981753,0.5828107601910174,0.40955666159880355,0.3562675830297537,0.4957344867022782,0.2556434728086812,0.6389942420681022,0.4557373613825044,0.5828107601910174,0.003368331564456205,-0.038132811660442315,0.003867431997304839,0.04383003677078163,1.0,0.6700727952217514,0.34622204363916653,0.23650739484331426,0.7819452082578083,0.8064987347248698,-0.00033031988010047414,0.9717720177256012,0.0003303198801004838,0.31851125531041213,0.31979487132955925,-0.009171553377346393,-0.26056265566045006,-0.00696187272545786,0.006961872725457834,,0.0019635257702649727,-0.0019635257702649866,,-0.009471476384669412,0.009471476384669442,,0.0039971894430209255,-0.003997189443020909,,0.012752240274056694,0.0039971894430209255,-0.015295583634206161,,0.01064264392449104,-0.023496296535830838,0.016038029970383363,,0.0011297688718764725,0.016038029970383363,-0.015860381096737673,,0.008003138915931119,0.016038029970383363,-0.02225488290758621,,-0.0011315029733749596,0.016038029970383363,-0.012727645170986693,,-0.022999129295226416,0.016038029970383363,0.01077683906754564,,-0.01512235479020832,0.016038029970383363,0.0016404166380087509,,-0.01285923195606762,0.016038029970383363,-0.0006564015379249788,,-0.0145355247886041,0.008523866486226548,0.008805925600143236,,0.0026190829915487936,-0.0026190829915487372,,-0.00386393058101383,-0.002718888310332358,-0.0008159906083012955,0.007386148165436048,,-0.006800792311617484,0.004620281825680079,-0.0008812004722692322,0.0030625857630664313,,-0.010332183354928592,-0.0034502178558512946,0.005024209462316423,-0.001497809590185556,0.01339979846409474,,-0.00018491718264131276,-0.01593306370432424,0.005416061056614641,-0.016174498394757136,0.0020033859658571862,-0.0047081365063274165,-0.006968732499671099,0.006637402399133666,0.007722257688675587,0.01053507369275077,-0.004644265375518369,0.0026906771992174015,-0.017192911419653387,0.0012862251402411713,0.00944293817390826,-0.0012574405172022004,0.011159979005234038,-0.012802761133855521,0.0076911777837862585,0.002087586912553263,0.018277616082746716,0.0020477606859272456,-0.00470813650632742,-0.004708136506327422,0.006269229829303984,-0.02431617507823574,0.005628461705449005,-0.0003888288230840955,0.021655548823863346,-0.009761166818859442,-0.004708136506327401,0.010535073692750781,0.010535073692750769,-0.001862245613627039,0.008090469110786645,0.00018238702088123473,0.010535073692750783,-0.017279625897629606,-0.0006612624799062128,0.008528770062427318,-0.024538237261395535,0.007691177783786232,0.0003303198801004838,0.31827581064925226,0.28491787413202374,0.25181901106185217,0.24019251856361823,0.20540950679983536,-0.9717720177256013,0.3627659871234662,0.3022652484013225,0.26598218643002114,0.2598171916601316,-0.9717720177256013,0.3575485767977364,0.30958771607484126,0.28390380740343746,0.2380417263697007,-0.9717720177256013,0.0036750884674977744,0.01647062232488217,-0.01683347029272925,0.0003303198801004838,
open_ticket_rate,-0.023460985118273468,-0.06498608591475008,0.014935979351950884,-0.019516667097930613,0.0013041446457077172,-0.002070896049418378,,0.0013035820192288559,-0.01920572225766604,0.001073331769921931,-0.014887027639410426,-0.013959436427785044,-0.0024355364680453614,-0.020964687550830283,-0.00253954666413342,-0.013254360829149079,4.3492023838464205e-05,0.016635366919311376,0.015223759931264451,0.014900615946436593,0.010898502567400674,-0.010969826568425297,-0.002890784606567439,0.00675726464541866,-0.011880423209865605,-0.010974226472237086,0.0049244482613259215,0.009681360045058983,-0.012424759927175176,-0.010666538907206454,0.003170851764036665,-0.010407251746639689,0.019065627017636644,-0.03277710573566919,0.020262858535822242,0.011076730301875634,-0.002652351926334537,0.020597852602836093,0.020427838841834713,0.5076233139530077,0.7762036544175429,-0.2389867877471495,0.2414350321792696,0.3377821648701301,-0.1601954744187735,0.4500107030306626,0.3276884153450606,0.7762036544175429,0.008860007299290339,0.042560842996964096,-0.01396069237377147,-0.048712226821975714,0.6700727952217514,1.0,0.23230501668254463,-0.22745152225980078,0.5547508151253914,0.7623450400572837,-0.010974229805618435,0.6878696076542969,0.010974229805618409,0.22096430304939207,0.22151958469617178,-0.022067203935103915,-0.23424300713244242,-0.022068126207591944,0.02206812620759185,,0.009219945021149686,-0.009219945021149697,,-0.01784588198420685,0.01784588198420687,,0.0030638274674742783,-0.0030638274674743143,,0.005697255721443536,0.0030638274674742783,-0.007598844290908578,,0.00982986403973217,-0.023252489932517495,0.016681334918338193,,-0.0025395466641334238,0.016681334918338193,-0.012389407756587974,,-0.008834897048917606,0.016681334918338193,-0.005235201280331774,,-0.006851071849039661,0.016681334918338193,-0.00730936141024816,,-0.020964687550830273,0.016681334918338193,0.007951864536988462,,-0.015123578169824707,0.016681334918338193,0.0010968233592046545,,-0.0029939185104735913,0.016681334918338193,-0.011099426480290133,,-0.013959436427785042,0.006300595742813953,0.010250669053721085,,0.0175299613661863,-0.0175299613661863,,-0.0019953240791139855,0.0038469794746986605,-0.0024355364680453693,0.0009339831200554618,,-0.018677749675522718,0.022930266408091517,-0.0008226557173995838,-0.003425519395058864,,-0.014258919959402157,0.00935617481321378,4.2204628857103257e-05,0.012269425748334811,-0.010723497225068983,,-0.001092497262604463,-0.013564860456474842,0.008851777730021706,-0.005677555177095812,0.014107226221337041,-0.01721222416947824,0.002166481998242063,0.005318887699225991,0.027404025196193556,0.014107226221337001,-0.011512358360505017,0.004517512494153617,-0.012170016235239573,-0.0033923157419810867,0.01649521007983114,-0.0022543845224319197,0.010003068037500945,-0.008358019046185817,0.014107226221337034,0.015079043508441354,0.010320251143554036,0.005529500029051721,0.0013699115884295745,0.0013699115884295311,0.0009686049930487501,-0.01721222416947826,-0.0005655052265410741,-0.010238623649412498,-0.0037109575312020402,-0.024266600666966415,-0.017212224169478242,-0.012170016235239558,-0.012170016235239558,-0.0005360482991462216,-0.008347817903912846,-0.0056040457083449385,0.0009686049930487408,-0.01234036652128603,-0.003487316219003489,0.002563780372768976,-0.012340366521285902,0.005348145402478147,0.010974229805618409,0.21906905378233343,0.21515884356687065,0.17479055719523007,0.1630941759959811,0.14856533017188223,-0.6878696076542966,0.24389970249589848,0.20705823621903208,0.20113789359188924,0.1947744214230904,-0.6878696076542966,0.2520427132228251,0.20449306124066943,0.20054749932670524,0.18799098435560044,-0.6878696076542966,0.017219326253615455,0.014339442107179969,-0.03189645159378322,0.010974229805618409,
critical_ticket_rate,0.007431978319210809,-0.05137455321284381,-0.0038965393452099423,0.0032085407664412887,-0.00012267305648623857,0.004375493449805674,,-0.00012099310244070304,0.003954518930102083,-0.000603864373303806,0.009835582989159243,0.00402625888703631,-0.008091525102132917,0.002706570826857411,0.014230941815955822,-0.0026873231089147584,-0.025367334449023785,-0.009858904357080398,-0.006836877693315265,0.0015380617657755045,-0.004032211799590555,0.012326533063093345,-0.031120673322132676,-0.0008548920055674453,-0.031960108620741993,-0.016400248488334775,0.0032651953846029877,-0.0012235717081784765,0.015880507921510665,-0.011300990809742792,-0.0139284926626207,-0.0159743606431301,-0.02968452546469562,0.010112480804339555,-0.01962293148877569,-0.004161939027412105,-0.005854351241102969,-0.019520831865610763,-0.019569389382648576,0.2521861156656373,0.19350130394276097,0.15878470316195442,0.8474842203610919,0.5161211301103044,0.11926215208439815,0.22297491249369392,0.1517510526766082,0.19350130394276097,-0.02070744784307875,-0.0321934863713387,-0.011741737969188103,0.0010658700947136742,0.34622204363916653,0.23230501668254463,1.0,0.11773679245279353,0.296656180077709,0.6348266004852365,-0.015497498792439559,0.3589918553790036,0.015497498792439548,0.12185658098495332,0.12563499106340748,0.0292017313182676,-0.22278518693244465,0.018128788534391774,-0.01812878853439176,,0.012584046011290073,-0.012584046011290075,,-0.018000578390631614,0.01800057839063158,,0.013464080715739997,-0.013464080715740012,,0.016679322648363602,0.013464080715739997,-0.024937782946086073,,0.02066777589025403,-0.004045882471680115,-0.018953067535996876,,0.014230941815955817,-0.018953067535996876,0.001532228490742454,,0.015168060481002953,-0.018953067535996876,0.0005929495332281428,,0.01366299317470228,-0.018953067535996876,0.0021620566722739183,,0.002706570826857415,-0.018953067535996876,0.014222449112983277,,0.017121050811467253,-0.018953067535996876,-0.001183660460684356,,0.007036329386042096,-0.018953067535996876,0.008963846659276933,,0.004026258887036301,-0.0009409078267370096,-0.003790282070180485,,-0.0007276277246874157,0.0007276277246873682,,-0.015726829871864134,0.009302901449020518,-0.00809152510213292,0.015469605731569443,,0.0009168304546638289,0.0008501396164765277,-0.0034368957870429956,0.0016700866814662123,,-0.0010604098788299316,-0.0020981296042153464,-0.0006891119405391322,-0.0007743253189991581,0.0060661251241325926,,0.0018313170656247609,-0.008656495270570429,0.0008800537962321314,-0.006457929481893475,-0.0063514024455590245,-0.008982877308493786,-0.014206202900713448,0.002172108030169932,0.0036965954008701075,-0.006351402445559032,-0.013393396421218848,-0.0034370074957043788,-0.006351402445559024,-0.015625401943915606,0.00021951584047899726,-0.01605143403417762,0.004664189600091084,-0.015563221266235883,-0.006351402445559034,-0.001856015916168709,-0.01683581140143284,-0.001772889803893535,-0.008982877308493783,-0.00898287730849378,0.011727238158918912,-0.008982877308493781,0.014735631222313209,-0.007005760813263171,-0.006118891828940039,-0.009393717464607853,-0.008982877308493785,0.029805878763396798,-0.006351402445559033,-0.012386534598437434,-0.004187837674368484,-0.00017542448377548872,0.01172723815891889,-0.009975398056801048,0.0133488803030218,0.0002785970364522866,-0.016811394785636646,0.0057010246240928805,0.015497498792439548,0.13074112467696533,0.07153687896152279,0.08695520269834053,0.10793250316084317,0.0865223825419081,-0.35899185537900347,0.908382913929403,-0.23243728722308302,-0.19900011224481817,-0.18507855245219787,-0.35899185537900347,0.10477337761561209,0.13187842125870544,0.10530043126679366,0.1018630412585675,-0.35899185537900347,-0.010291632665072568,-0.0015254152922887386,0.004081088192562948,0.015497498792439548,
low_satisfaction_rate,0.017591818284553484,-0.026854959248314676,-0.023068336161459257,-0.011798730398926335,-0.02348904724757832,-0.010845684740055738,,-0.023493468328604557,-0.01259480336742267,-0.02355458418832568,0.014042242344400558,-0.0020660586531703867,0.006662312078271178,0.0009177915264599417,0.003667881741315828,0.004030057933269763,-0.012413703578353927,-0.015328357739500014,-0.0058320634347104345,-0.010686727079859178,-0.017965457977143395,-0.006072711828934412,-0.0037611487493769613,-0.008217034726006385,-0.004684426778116757,0.009771843665213914,-0.00011798625433764023,-0.02029081278844775,-0.014470511132303887,-0.002363690971540547,-0.01372732855728819,-0.006435783347228769,-0.0034475572502922305,0.000661345978569703,-0.00045571109151004415,-0.004549182190274187,-0.013999244041901622,-0.000741714996420933,-0.0012425603270817083,0.17723960653617188,-0.13250925542973918,0.49890818165423245,0.11705812645887463,0.1478941198434223,0.8708443349942003,0.16487881074113298,0.11014223025867557,-0.13250925542973918,-0.6411492562499704,-0.6696813925684606,0.00750103499804025,0.06609730512759436,0.23650739484331426,-0.22745152225980078,0.11773679245279353,1.0,0.2091430565382655,0.20696573362281603,0.00015524287362339193,0.24672915612458707,-0.00015524287362337957,0.08778483142450641,0.09476347435027058,-0.0002684740889677274,-0.0821675405429822,0.027070741647947386,-0.02707074164794731,,-0.003998759513024108,0.00399875951302411,,0.003092689030960911,-0.0030926890309609903,,0.009998802849032033,-0.009998802849032042,,0.0014676888625730202,0.009998802849032033,-0.007472451112941103,,0.008478440521175159,-0.005252068758811471,-0.003447061857833088,,0.0036678817413158295,-0.003447061857833088,-0.0009150631152445848,,0.016409009116000704,-0.003447061857833088,-0.014141762472395129,,0.020173012557123,-0.003447061857833088,-0.01808858580267531,,0.0009177915264599475,-0.003447061857833088,0.002117935928749534,,0.022997351156045013,-0.003447061857833088,-0.020231448759272932,,0.017572560910871494,-0.003447061857833088,-0.014718398287195036,,-0.0020660586531703867,0.013768147540656354,-0.010694260994171968,,-0.0037048089063826633,0.0037048089063826907,,-0.003864375264835429,-0.010619806678283614,0.00666231207827118,0.0067204132435466695,,0.0017675705316000337,-0.002044804608979962,-0.012882099571341085,0.013158946485107032,,0.01287099370562647,0.006238916144267969,0.002178502313870899,-0.021363187787366712,0.005305029260677307,,-0.0036264722528607683,0.0014667152793878327,-0.004365213700867917,-0.012189391076387711,-0.004365213700867922,-0.006173782788346245,-0.00976368795255041,0.014406395406155932,-0.011554193184573255,-0.004365213700867917,-0.005467967666629032,0.01802088871527018,-0.004365213700867922,0.021935751348165968,-0.014442135754809298,-0.0007926951854352196,-0.009763687952550431,0.009023879177900608,-0.004365213700867922,-0.008732287644109682,0.014277138589682627,-0.012352829940852659,-0.006173782788346243,-0.00617378278834624,0.01977845286481061,-0.006173782788346248,0.018293682359027185,-0.013103086038453933,-0.009763687952550391,0.006347998585864206,-0.006173782788346246,0.04392211943048917,-0.00436521370086792,-0.008283594476801485,0.029013699703524576,0.0037099597819934007,0.019778452864810624,-0.011554193184573323,-5.621059988171926e-05,-0.011554193184573245,-0.011554193184573241,-0.004365213700867918,-0.00015524287362337957,0.09438544237478996,0.05820317197922368,0.05356445806549109,0.07689029070331929,0.045891470870237934,-0.2467291561245874,0.12235659126636403,0.08566935926962041,0.044484767559729514,0.04132355411821299,-0.2467291561245874,0.07416646977398379,0.11728663644028421,0.07261464519077342,0.03479590868804764,-0.2467291561245874,0.0020414708126441673,-0.003384304982185128,0.0009524650661660092,-0.00015524287362337957,
complaint_frequency,0.00129972899537001,-0.06908350923924875,0.0009528303728663939,-0.01870401297595141,-0.009480490197497119,-0.013135683707008272,,-0.009484971514857209,-0.018205404002012614,-0.009683699236569655,-0.00945739774723441,-0.003528552515045048,0.010525883147994033,-0.010901128376830858,0.006569535474917186,0.003543913372325601,-0.01694150403623627,-0.0007411744479569648,8.445581361045706e-05,-0.004316008087228724,-0.00932579938782008,0.0008973156865559126,-0.01866332469143121,0.003144817581570104,0.0028152750330037698,-0.006705413601775712,0.004151233972205067,-0.008433771806635243,0.004100243594502375,-0.014170541542037823,0.013813940437488192,0.0022296654077886514,0.011559022490292248,-0.019296619800816768,0.019009523406203616,-0.0024618706581794195,-0.013339634898466518,0.01849009677570521,0.01784649334272228,0.5898872425838908,0.47660742543139506,0.33592302777628236,0.29412816460957175,0.4143693775633178,0.2206729942830795,0.7547201738525302,0.5351452991649153,0.47660742543139506,-0.005297359302410954,-0.04144414617295434,0.0026206845736887526,0.03726202539537871,0.7819452082578083,0.5547508151253914,0.296656180077709,0.2091430565382655,1.0,0.6718947134499784,0.0035381799080161417,0.8044823058307222,-0.003538179908016148,0.25501641326123803,0.369307493001601,-0.012774706269784898,-0.22024269437869065,-0.0009957673677198546,0.0009957673677198193,,-0.0077246705864227085,0.0077246705864226954,,-0.011998280741685836,0.011998280741685807,,0.004828980534797627,-0.0048289805347976325,,0.002817411851550548,0.004828980534797627,-0.005742204516970991,,0.002597204429126144,-0.015821875359256977,0.01606750902405883,,0.006569535474917183,0.01606750902405883,-0.021901817702827415,,0.003123788566171861,0.01606750902405883,-0.017186873852630367,,0.0011202960841110014,0.01606750902405883,-0.015106058478921155,,-0.01090112837683085,0.01606750902405883,-0.0025764805620942686,,-0.012717833045580378,0.01606750902405883,-0.0008051173501797266,,-0.010136176229581044,0.01606750902405883,-0.003413714703937076,,-0.003528552515045046,0.001242165148304723,0.002924485526171694,,0.00380167419757293,-0.003801674197572867,,-0.00066507776697984,-0.0007620786996011259,0.01052588314799404,-0.0104310734220573,,-0.008615639444115463,0.004448223950157044,-0.0008146331886783799,0.004982890910032396,,-0.005235811026420363,-0.006091337610143658,0.007764942902504683,0.0006522859625421937,0.002424960739963321,,-0.008597210697077575,-0.008597210697077542,0.00624012712177167,-0.008908090813288498,0.01135845055152502,-0.0201301665813619,0.0025091420359807533,-0.0034109161151447778,0.010710755178513571,-0.014233166597241534,-0.013481358451873126,-0.0010573338014112097,-0.014233166597241501,0.008098846673909688,0.01025779281997244,0.0014067714770069554,0.0006011135394451451,-0.007005859328673313,0.011358450551524976,0.004803792452545272,0.013168125963763449,0.005890269192328608,-0.011081521067879673,-0.002032875554397111,0.011358450551525073,-0.020130166581361856,0.013618932976857743,-4.683115239193872e-05,0.019681398504800045,-0.014984919475486013,-0.020130166581361908,0.011358450551524969,0.011358450551524978,0.0017706240075578718,-0.00333400228745499,-0.0028678448545320463,0.01135845055152497,-0.008642935725795676,0.0032232845755126014,0.010710755178513668,-0.02799662663010527,0.002827911501936237,-0.003538179908016148,0.38919460332247147,0.3423765723709426,-0.290648780954836,0.33978300775008824,0.2903620522321376,-0.8044823058307218,0.30618742347815386,0.25779866582477545,0.21148884263353313,0.20804564570875145,-0.8044823058307218,0.2975574995944146,0.2644767873231999,0.2315199037695249,0.18911504513082633,-0.8044823058307218,-0.00099127540303796,0.012235377407773439,-0.007530464263390193,-0.003538179908016148,
support_burden_score,-0.012619293387022577,-0.09871570594393232,0.007527827814137794,-0.023892811856961425,-0.005316680411685461,-0.0017179140209099086,,-0.005317264072697013,-0.02316468528712041,-0.0058776334628908074,-0.004506633954390605,-0.018365896797017542,-9.576731567529257e-05,-0.018204380762205697,0.003710295455927367,-0.013026749726122598,-0.01214791711388906,0.007441993658782393,0.011291441801099674,0.011970175761540304,0.0044807714107784734,-0.006847481108739958,-0.014000087012940305,0.006812630832460026,-0.016004705972135592,-0.008040471072336252,0.008819836740907921,0.004433562845098677,-0.0061809723796591234,-0.016202123441303666,-0.008212267734368348,-0.009961696653098,0.007879974222019406,-0.02172962640323197,0.011534697390321879,0.010438268965350437,-0.006511852279632231,0.011993701034463951,0.011772471557357677,0.7856166628109684,0.7777562017927392,0.2615847404386502,0.6779203705732855,0.6877239179214159,0.2859128137046353,0.704752167073177,0.50367523542199,0.7777562017927392,-0.1413657209623151,-0.17342899983921248,0.04777557196683148,0.08164961191668982,0.8064987347248698,0.7623450400572837,0.6348266004852365,0.20696573362281603,0.6718947134499784,1.0,-0.009956605387322355,0.8300867987879061,0.009956605387322359,0.34774217167665333,0.34185652531371896,-0.01172150974468608,-0.3213979239993071,0.006255984838253936,-0.006255984838253963,,0.011534824111300338,-0.011534824111300357,,-0.02125041666586766,0.02125041666586768,,0.015473046879147826,-0.015473046879147906,,0.012655561306983443,0.015473046879147826,-0.02206979592659687,,0.024420617719264584,-0.02995030762997704,0.007929317061819242,,0.003710295455927364,0.007929317061819242,-0.011326255234769293,,0.0026014847787198124,0.007929317061819242,-0.009588149060913296,,0.005069573859719649,0.007929317061819242,-0.01217423067990251,,-0.01820438076220568,0.007929317061819242,0.012855533961548921,,0.0028865667283670586,0.007929317061819242,-0.00962128969416717,,-0.0013007972539465613,0.007929317061819242,-0.0053987622388542555,,-0.018365896797017545,0.014759335408097091,0.0073311758924479884,,0.01396681906934871,-0.013966819069348697,,-0.007938311878465843,0.0005040368340171714,-9.576731567527876e-05,0.0074314113237973324,,-0.011994885973003551,0.012181451077805924,-0.002131147564382453,0.0019468888973699435,,-0.009277240911891225,0.0011742087758324948,0.003276515435879804,0.006957603436986102,-0.004145886737680383,,0.002294027832779309,-0.015027933596500995,0.0206346004790334,-0.01422192276483238,0.0031563548310643654,-0.018139270076371252,-0.010635359370773916,0.009788066030134037,0.011284908569496438,0.003156354831064371,-0.008709460016467076,0.004237037549512872,-0.014686169741320865,-0.006461383917857638,0.015021510005135562,-0.006715556232157047,0.008315555052639069,-0.012273776711112083,0.011484771024579598,0.010011202026316042,0.009977078270162613,0.005546328979483479,-0.0052086403652888275,-0.008153389240898642,0.010070511670963823,-0.020770855263665736,0.006510767650443915,-0.01385265749820264,-0.0016024416376785402,-0.019350556520725558,-0.018033198504522528,0.012634749589893475,-0.010343393544359227,-0.009045549125908815,0.006205421438583161,-0.0029362553599092196,0.011841907224987645,-0.019550658922864273,0.002173929839088776,0.007776508624451608,-0.025379086237265088,0.011434771956522486,0.009956605387322359,0.30439269086772947,0.24742277184474426,0.20802068697284015,0.19235235891376157,0.14851866576011283,-0.8300867987879063,0.6475417810339462,0.13028797353289534,0.09269123402694084,0.07914474591630824,-0.8300867987879063,0.3217605464695616,0.27475038774839117,0.2283532340330508,0.18559515685873265,-0.8300867987879063,0.011995208806202428,0.00771407999876299,-0.021346952003259426,0.009956605387322359,
has_activity_flag,0.01992435524977852,0.010178859813025886,-0.020443592402459833,-0.0003205369302981215,-0.01588905201956301,0.008685145452750344,,-0.015886095653425726,-0.00027878488054202034,-0.01612674596548788,0.016106636754985578,0.015343483292094132,0.01693062635199929,-0.0003133596512469312,0.01073448361942636,0.021590138852757148,0.15164404236588905,0.173425758381474,0.13778021385533387,0.1145447477992378,0.1254816755803908,0.06256342077921027,0.17212222441542968,0.06740937713555399,0.6436435934864319,0.07826267905932871,0.5959361592895008,0.12626447834791715,0.05269807756571657,0.1721033002746661,0.08666026891259813,0.7641366128647581,0.3182643696642855,0.192300837690042,0.5436340946628064,0.09783051785961171,0.047373503566809416,0.5396727360975639,0.5370169039910967,0.004320820730286945,-0.005789849243701688,0.015475778398744125,-0.013618964427122581,-0.0018512522359828978,0.0028693260053589908,0.002115585561844398,0.008244560567611175,-0.005789849243701688,-0.0024790677413186486,-0.008216841384886134,0.00821071840730934,0.010297483577188175,-0.00033031988010047414,-0.010974229805618435,-0.015497498792439559,0.00015524287362339193,0.0035381799080161417,-0.009956605387322355,1.0,-0.00016802076635562372,-1.0,0.017148018864599157,0.016356392924637215,-0.37504103863082144,0.22054705453988133,-0.003444668009443555,0.0034446680094439228,,-0.019669894817641937,0.01966989481764194,,-0.011935101361334743,0.011935101361334507,,0.01690008104837027,-0.016900081048370975,,0.0012894397982951677,0.01690008104837027,-0.011424764726559568,,0.004814035021281457,0.003312307880865326,-0.009540577924781685,,0.01073448361942636,-0.009540577924781685,-0.003176968564254162,,0.020567336455181315,-0.009540577924781685,-0.013201304294139739,,0.008711882832408643,-0.009540577924781685,-0.0008281919556396187,,-0.0003133596512469318,-0.009540577924781685,0.009005252043507935,,0.015596687580735546,-0.009540577924781685,-0.007620706514991001,,0.0015507109248379183,-0.009540577924781685,0.0065102684273767525,,0.015343483292094137,-0.01539407460418023,-0.003210067386420451,,-0.013624946403373847,0.013624946403374404,,0.0033236210641794666,-0.004912535449547047,0.016930626351999285,-0.01749276590739205,,0.004713428966458778,0.00464230648059683,-0.018763714039743914,0.009408857567699522,,0.011859530844571744,0.0021288558496169664,0.0037722103016541433,-0.020375183069492656,0.007750595118495965,,0.00828037252859454,0.008280372528594532,0.0026168099002070867,0.013106402677072072,0.0026168099002070746,0.0037009908401644596,0.005853027376800917,0.009443091507511037,0.006926379597013832,0.0026168099002070867,0.0069263795970138,0.013366912965253233,0.0026168099002070733,0.008685145452750299,0.024983617636623958,0.025402078660801145,0.005853027376800911,0.006412125800196385,0.0026168099002070893,0.0052347349578827865,0.01014495062479121,0.0074051375029751025,0.0037009908401644596,0.0037009908401644453,0.0026168099002070733,0.0037009908401644414,0.011718549212013474,0.007854892708202174,0.005853027376800941,0.012008794674721872,0.003700990840164461,0.002616809900207084,0.0026168099002070867,0.015066700159407838,0.011421015832663457,0.012008794674721926,0.0026168099002070845,0.006926379597013792,0.601624595452284,0.006926379597013809,0.006926379597013816,0.00261680990020708,-1.0,0.000557412291878608,0.0033278894984638194,-0.011417877250286809,0.01353405712655895,-0.007167303928716333,0.00016802076635578353,-0.010904521702887485,0.01577502463342565,0.009970633881888973,-0.014820784451387979,0.00016802076635578353,-0.005113845538665183,-0.003104704224410282,0.016062220710063524,-0.007923548330513085,0.00016802076635578353,0.13993299935837783,0.1116646212518167,0.20257286771534821,-1.0,
has_support_flag,-0.004661825257503788,-0.08779512160775153,0.003753243389913843,-0.017957293127407493,-0.004232032519081271,-0.004400596532188141,,-0.004233728541587109,-0.0172962526919267,-0.004735952626988594,-0.010710603641759502,-0.014585662159047382,0.0019959620396097976,-0.017858324249536203,0.005311292164707509,-0.007272436517199375,-0.02154112485440082,0.00024319544740666413,0.0062747048681790546,0.0028373111928869784,-0.003503567711136077,-0.0034832451057546453,-0.021615473366683614,0.0038557579594088263,-0.0013801460275139892,-0.005449489440720332,0.005902817106808916,-0.005070843892403431,-0.005448407776901423,-0.01213015031194577,0.007032419049145717,-0.0029054315752143757,0.007926082035484856,-0.01905063239633695,0.01617475036101453,0.006558522879474308,-0.003106971290741038,0.016294510254004316,0.016100640388835213,0.739080266933056,0.5983758925572273,0.4204076920281047,0.36993399827985013,0.5136947294159588,0.2631555717099406,0.6555285366968094,0.46775867667226145,0.5983758925572273,0.0010473216460606305,-0.04073946575642834,0.003190773064535558,0.0438724093224476,0.9717720177256012,0.6878696076542969,0.3589918553790036,0.24672915612458707,0.8044823058307222,0.8300867987879061,-0.00016802076635562372,1.0,0.00016802076635562851,0.3228031119603812,0.3229754013003955,-0.010955524914594126,-0.2670291497307362,-0.0027303288563372613,0.0027303288563372183,,0.0020199054270994485,-0.002019905427099464,,-0.006351748394324487,0.006351748394324496,,0.00812435042053257,-0.008124350420532606,,0.009788924559592982,0.00812435042053257,-0.014768920525629135,,0.013260334306093075,-0.02209734877868924,0.011334735851249264,,0.005311292164707514,0.011334735851249264,-0.01619888817956352,,0.004145152754565337,0.011334735851249264,-0.01415111251421236,,-0.0025334842535067433,0.011334735851249264,-0.007183543714866224,,-0.017858324249536206,0.011334735851249264,0.009383205154200583,,-0.010667620189672855,0.011334735851249264,0.0011392463594172724,,-0.010559842965629302,0.011334735851249264,0.0010128329892261537,,-0.014585662159047393,0.010321185488551394,0.007154360063202109,,0.004553391918519893,-0.004553391918519851,,-0.0015880007555225419,-7.294107442693395e-06,0.001995962039609802,-0.0006727641817220987,,-0.010205703437185113,0.007973842697549596,0.00323963313372671,-0.001006262625508565,,-0.0141410549997548,-0.00037128289966480973,0.007660079336945523,0.0018120831014618488,0.006144853241228022,,0.000983328251063396,-0.015293007523884366,0.008026365693752627,-0.02162993187270902,0.008026365693752643,-0.006835354396074383,-0.005057438191810125,0.007546657298663345,0.011519922925880562,0.008026365693752587,-0.007929871432738024,0.0005768101603588653,-0.017692330203017033,0.003359393797356243,0.013880043424024019,6.365343718446896e-05,0.006447580278770882,-0.011842545461313848,0.00802636569375263,0.0031940638716943227,0.01782262835436169,0.004518372439766804,-0.006835354396074384,-0.006835354396074269,0.008026365693752665,-0.02502251004834138,0.007150275031670935,-0.0016405309354368476,0.017952598749352063,-0.008128359011288515,-0.006835354396074346,0.008026365693752617,0.008026365693752606,-0.0031467505190300037,0.005491772705281566,-0.002508092712790204,0.008026365693752636,-0.017654768612047324,-0.00038498906158474254,0.01151992292588071,-0.027379665791356766,0.008026365693752667,0.00016802076635562851,0.3254347865598772,0.2938227126676755,0.26108308593607094,0.24718904484637738,0.2111089317382405,-1.0,0.3765374268939874,0.31424304633219774,0.27447257109836914,0.2587932773695522,-1.0,0.36591892390875463,0.32181622217840894,0.2897746772593859,0.24634953208447488,-1.0,0.005258222333072081,0.015611810564807625,-0.01750865056895873,0.00016802076635562851,
no_activity_flag,-0.01992435524977853,-0.010178859813025902,0.020443592402459833,0.0003205369302981241,0.015889052019563022,-0.00868514545275034,,0.01588609565342573,0.0002787848805420111,0.016126745965487847,-0.01610663675498562,-0.015343483292094137,-0.01693062635199929,0.0003133596512469336,-0.010734483619426373,-0.021590138852757155,-0.151644042365889,-0.17342575838147398,-0.13778021385533387,-0.11454474779923784,-0.12548167558039075,-0.06256342077921023,-0.1721222244154297,-0.06740937713555399,-0.6436435934864317,-0.07826267905932871,-0.5959361592895007,-0.12626447834791718,-0.05269807756571655,-0.17210330027466628,-0.08666026891259807,-0.764136612864758,-0.31826436966428556,-0.19230083769004194,-0.5436340946628063,-0.09783051785961175,-0.04737350356680944,-0.5396727360975638,-0.5370169039910967,-0.004320820730286954,0.005789849243701687,-0.015475778398744127,0.013618964427122566,0.0018512522359828943,-0.0028693260053589877,-0.0021155855618444144,-0.008244560567611175,0.005789849243701687,0.002479067741318639,0.008216841384886132,-0.008210718407309333,-0.010297483577188174,0.0003303198801004838,0.010974229805618409,0.015497498792439548,-0.00015524287362337957,-0.003538179908016148,0.009956605387322359,-1.0,0.00016802076635562851,1.0,-0.017148018864599157,-0.016356392924637215,0.37504103863082155,-0.2205470545398813,0.003444668009443553,-0.003444668009443917,,0.019669894817641947,-0.019669894817641958,,0.011935101361334752,-0.01193510136133452,,-0.01690008104837027,0.016900081048370975,,-0.0012894397982951588,-0.01690008104837027,0.011424764726559563,,-0.0048140350212814535,-0.003312307880865318,0.009540577924781666,,-0.010734483619426378,0.009540577924781666,0.0031769685642541747,,-0.020567336455181263,0.009540577924781666,0.01320130429413975,,-0.008711882832408629,0.009540577924781666,0.0008281919556396125,,0.00031335965124692936,0.009540577924781666,-0.009005252043507926,,-0.01559668758073555,0.009540577924781666,0.00762070651499101,,-0.0015507109248379138,0.009540577924781666,-0.006510268427376761,,-0.015343483292094137,0.015394074604180236,0.0032100673864204504,,0.01362494640337386,-0.013624946403374421,,-0.003323621064179468,0.00491253544954705,-0.016930626351999288,0.017492765907392044,,-0.004713428966458775,-0.004642306480596841,0.018763714039743893,-0.009408857567699509,,-0.011859530844571746,-0.002128855849616972,-0.003772210301654131,0.02037518306949266,-0.007750595118495969,,-0.008280372528594544,-0.008280372528594534,-0.002616809900207084,-0.013106402677072075,-0.0026168099002070737,-0.0037009908401644566,-0.005853027376800919,-0.009443091507511043,-0.006926379597013829,-0.002616809900207084,-0.0069263795970137985,-0.013366912965253235,-0.0026168099002070724,-0.008685145452750297,-0.024983617636623958,-0.02540207866080114,-0.005853027376800912,-0.006412125800196386,-0.0026168099002070884,-0.005234734957882782,-0.010144950624791213,-0.007405137502975096,-0.0037009908401644566,-0.0037009908401644523,-0.002616809900207072,-0.00370099084016444,-0.011718549212013478,-0.007854892708202171,-0.005853027376800942,-0.012008794674721877,-0.0037009908401644575,-0.002616809900207082,-0.002616809900207084,-0.015066700159407838,-0.01142101583266346,-0.012008794674721933,-0.0026168099002070824,-0.0069263795970137725,-0.601624595452284,-0.0069263795970138054,-0.006926379597013812,-0.002616809900207079,1.0,-0.0005574122918786262,-0.003327889498463821,0.011417877250286824,-0.013534057126558932,0.007167303928716329,-0.0001680207663557814,0.010904521702887483,-0.015775024633425658,-0.00997063388188897,0.014820784451388,-0.0001680207663557814,0.005113845538665191,0.0031047042244102827,-0.016062220710063507,0.007923548330513074,-0.0001680207663557814,-0.13993299935837777,-0.11166462125181668,-0.20257286771534821,1.0,
support_to_tenure_ratio,0.2211831547997384,-0.06382331383586883,-0.45589432763955867,-0.14474803309928685,-0.35878029146094786,0.10353339781093163,,-0.35875182910225256,-0.14385663154827935,-0.3590063809801219,0.5784576541761044,0.29315601444798084,0.10607891339184082,0.11923916012893677,0.12175846770418422,0.2044249945782622,0.017741764118811787,0.014685493485806068,0.023886245233047262,0.017587672556110746,0.014828933609377027,0.007948432553755682,0.019339046481922792,0.012617668242202958,0.010478461289410743,0.01000722471859882,0.025604692823607108,0.013406147539260145,-0.00372780296313961,-0.0013322900291638214,-0.00296957464711285,0.009916493245493175,0.02697103452631434,-0.01644542195752325,0.02620814678702835,0.020649139351980803,0.002427948557991021,0.0270496329566812,0.02708966456412884,0.42313224411882033,0.3513956004281905,0.24593836070056638,0.22109281571963071,0.3197426292629378,0.1582468060963335,0.37952173869565575,0.2721231062029248,0.3513956004281905,-0.003297014027275382,-0.05339006746458137,0.02373906837564399,0.061038625892221345,0.31851125531041213,0.22096430304939207,0.12185658098495332,0.08778483142450641,0.25501641326123803,0.34774217167665333,0.017148018864599157,0.3228031119603812,-0.017148018864599157,1.0,0.9294251499916658,-0.07779175906002878,-0.4102499128531287,0.004194697914313174,-0.004194697914313132,,0.19797077446983868,-0.19797077446983877,,0.08529097927283688,-0.08529097927283699,,0.005964539708041211,-0.005964539708041233,,0.174514930697637,0.005964539708041211,-0.18013567470401848,,0.0031983962066248475,-0.03112201791947361,0.03380760880350679,,0.12175846770418422,0.03380760880350679,-0.16542450271734982,,0.1421207632516397,0.03380760880350679,-0.17766156942916125,,0.15214613415110634,0.03380760880350679,-0.18829514477219073,,0.1192391601289368,0.03380760880350679,-0.1620354568055492,,0.1256203771053802,0.03380760880350679,-0.15509085578803794,,0.13194309555706352,0.03380760880350679,-0.16097874977283178,,0.29315601444798084,-0.15397015954254883,-0.19466879618245975,,0.01570849191343547,-0.01570849191343549,,-0.12993763002294628,-0.1280643746890541,0.10607891339184082,0.13417764591580472,,-0.11489661454111157,-0.19593773542969614,-0.23000094392087636,0.5407981950112176,,0.5864572672067848,-0.09387168157206831,-0.18505341925678934,-0.27383569926111984,-0.003150075074920592,,0.013533395463298957,-0.005735417611624863,-0.001979888610247909,-0.014040881061061774,-0.005047805800765942,-0.005479357670437834,-0.010659150025027628,0.005106200301423609,0.0026899922810729618,-0.0022997100934293324,-0.008732542691546706,-0.0026631811474220825,-0.005711139247364475,-0.0031637142549431406,0.008549661737240049,-0.01592543984275844,-0.007447987434741289,-0.010613100157778116,0.008616863199163237,0.00013583322351208712,0.020219993403685143,-0.002079664620975384,-0.006826461751592345,-0.007614688992815828,0.004902195898211695,-0.008077344112664411,-0.0014887595639125595,0.012621707480646635,0.014216145225585826,-0.013989803324787472,0.00036611182457183965,-0.00505689256030839,-0.0004044716745764284,-0.011746754591526723,-0.006575287833952767,0.0020681932570639984,-0.0026298483986488645,-0.011252507105271021,0.023160137337001473,-0.002263166193074423,-0.009816688945471457,0.006228862791408698,-0.01714801886459916,0.13900057784299577,0.10447185139321666,0.08091722727913185,0.06604093596793485,0.028743690259602113,-0.3228031119603811,0.17324903966278385,0.11286668860906537,0.05663718885351134,0.03805103803986248,-0.3228031119603811,0.1516018517036135,0.11586636271947298,0.06494306431697802,0.053717874362022,-0.3228031119603811,0.019063626728275412,0.005030653621866729,-0.014205862910741222,-0.01714801886459916,
complaints_per_tenure_month,0.21936897974029704,-0.060169832525073304,-0.4499153941043174,-0.13906147142857328,-0.35447343714666263,0.07397234221682973,,-0.35445493614720003,-0.13802584874754154,-0.354700651425514,0.5599867754780928,0.2918125169302472,0.10432146842497726,0.11924089745246476,0.12610311880913694,0.20280422697239436,0.016100189384445976,0.011481755240140572,0.021630004102705998,0.016329620634501545,0.013200652426369447,0.010204972928339297,0.018077397820596267,0.014154766063659964,0.012379208498722056,0.009410612182523448,0.02086453576150487,0.012404657761486096,0.003808507584602769,-0.00017661333044414432,0.005870326816880551,0.009085155877959175,0.023897183907824936,-0.013381114610586551,0.023026734363602957,0.018405228167150924,0.0026827565863851615,0.023782055630347108,0.02383937729837565,0.40129329107904593,0.33348883183683686,0.23098215472440317,0.2112190548355551,0.30628321159067917,0.1561683273968226,0.4449865044897386,0.31518658240014125,0.33348883183683686,-0.012706301980326355,-0.05711295663784391,0.02061950703890061,0.05485058285816603,0.31979487132955925,0.22151958469617178,0.12563499106340748,0.09476347435027058,0.369307493001601,0.34185652531371896,0.016356392924637215,0.3229754013003955,-0.016356392924637215,0.9294251499916658,1.0,-0.07184658724801733,-0.4063086314164825,-0.00203838102230886,0.0020383810223088966,,0.18847268416891924,-0.18847268416891913,,0.0857645624770731,-0.08576456247707312,,0.003413006323794387,-0.00341300632379444,,0.16969597583649648,0.003413006323794387,-0.1737322179880516,,0.0033373048903870125,-0.027863993810123704,0.029722283972428352,,0.12610311880913702,0.029722283972428352,-0.16650636771573812,,0.14282529719262463,0.029722283972428352,-0.17485622171246898,,0.15081511243203763,0.029722283972428352,-0.18336115724592378,,0.11924089745246472,0.029722283972428352,-0.15832908355759617,,0.1253729401781635,0.029722283972428352,-0.15138184342387934,,0.13273652402880892,0.029722283972428352,-0.15832086873799261,,0.2918125169302472,-0.15168589498257665,-0.19527851905355623,,0.015339883597122636,-0.015339883597122577,,-0.12731960294016062,-0.12831908081087584,0.10432146842497725,0.13382460541100297,,-0.11041971970421574,-0.1921162136967401,-0.22851594609947468,0.5310155041874666,,0.5739233723699095,-0.09117690245326494,-0.18192007408874294,-0.27194975441119845,0.003408323231896346,,0.011471682655262449,-0.00866695549347083,-0.001863933604484171,-0.010278730726222624,-0.004858575482197538,-0.00808165522440618,-0.010052906623635142,-0.0032658380025227863,0.006872910008235256,-0.005714187447258493,-0.009385848757830162,0.0003453265336298646,-0.005714187447258501,-0.0026089536616006152,0.005736874979194328,-0.015887342410649208,-0.007640063280452455,-0.00998509705738371,0.012767030998058298,0.00208036628050036,0.018227449315938955,0.0007552688437351331,-0.00727491924531063,-0.007484891623431388,0.007975603993716919,-0.008081655224406186,0.004434569855532481,0.020955045764568577,0.012846916854943049,-0.01383446436100478,-0.008081655224406181,-0.004870296194047674,0.001130708273229202,-0.007338242431059526,-0.009513332629868624,-0.003881818470161266,-0.0017397318676204792,-0.010140474387562872,0.02206191389829049,0.000886432273179592,-0.009301245589376318,0.0045531561334730755,-0.016356392924637215,0.18426578703280266,0.13954922266797945,-0.085278018620697,0.11099162576943683,0.0671495086953792,-0.3229754013003957,0.1713837945621615,0.118453026034948,0.05796318137312841,0.03288520184540416,-0.3229754013003957,0.1476180353830829,0.12070458052338896,0.0643591801261856,0.05396850552252435,-0.3229754013003957,0.009175437205971188,0.008782224253816539,-0.008588088607730032,-0.016356392924637215,
monthly_spend_per_invoice,0.09368495776169436,0.06949088537928694,0.10926470906052038,0.4248342078888931,0.2767529246954725,-0.018397398834235624,,0.27674963324267227,0.42550582879990645,0.27664094891133734,0.03557092848663176,0.022310199057245433,0.11920109099360199,0.14541241486170736,0.14507209619641026,0.12421615764519417,-0.3723645312514352,-0.45717782126135553,-0.3617200976504523,-0.32562277089267727,-0.33660478250245635,0.004912933285368541,-0.3608504619892488,-0.19707517134673885,-0.29901743752630117,-0.09659897640012859,-0.4217922252324322,-0.3382822355513497,-0.13002208311656174,-0.11128686003461137,0.20614602525544812,-0.40295330235269167,-0.6430605497838632,0.32322140034635105,-0.5420154094479154,-0.3014754850346199,-0.13789824746671778,-0.5512826672628651,-0.5536396600264314,-0.026568700610603884,-0.030384320149005956,-0.002401151381270368,0.018662687205836425,-0.010111191692330877,-0.00701655976803735,-0.023000364123387986,-0.009791771899364579,-0.030384320149005956,0.01506852453679604,0.018181689337618278,-0.018027981885155746,-0.016676976428013347,-0.009171553377346393,-0.022067203935103915,0.0292017313182676,-0.0002684740889677274,-0.012774706269784898,-0.01172150974468608,-0.37504103863082144,-0.010955524914594126,0.37504103863082155,-0.07779175906002878,-0.07184658724801733,1.0,-0.26693807735915703,0.013608060433258514,-0.013608060433258897,,-0.02540808960282339,0.025408089602823314,,0.03908869708640043,-0.03908869708640014,,-0.10867105672497038,0.1086710567249712,,-0.15104220370872537,-0.10867105672497038,0.21789054244581785,,-0.061469621972115196,0.3296212970574272,-0.32625187222050045,,0.1450720961964102,-0.32625187222050045,0.13682568070411338,,0.08914101122386761,-0.32625187222050045,0.18971292623383532,,0.07177218402663205,-0.32625187222050045,0.20796821304560406,,0.14541241486170736,-0.32625187222050045,0.13596268555570443,,0.002444826427807818,-0.32625187222050045,0.2738465706799465,,0.01752987043277234,-0.32625187222050045,0.25824697427678434,,0.022310199057245433,-0.005779848817949303,-0.02046402673896493,,-0.14813008953329604,0.14813008953329573,,0.00300491869680246,0.01313680320054021,0.11920109099360199,-0.14982895294884743,,-0.11392325017627314,0.049531322512478826,0.2260429830845616,-0.16164167715267005,,-0.0822731297724997,-0.016828732895902233,0.03203671532458711,0.07796698583164291,-0.0341619485585657,,-0.0027470914923536593,-0.016043175958236545,0.00970013518064179,-0.014218909330237596,-0.0004221068178672495,0.018672982322493915,0.00589180525580679,-0.01831487863184621,-0.002830518966546595,-0.00601128198738242,0.002825179064648041,-0.013156310806418301,-0.0037921755972211966,0.015459457479882883,-0.019815318191111885,-0.0327592733613587,-0.003421755896341002,-0.0008962028364441724,-0.00821291978561355,-0.0011448306304487359,-0.013806653260605935,-0.0010355995788194623,-0.005605514798677221,0.004252250992802709,-0.007267308803677942,-0.012353788707470382,-0.0031518317143366757,-0.008000839493679439,-0.001096811162096397,-0.009624251352235854,0.01762341572983272,-0.001225169991146292,-0.00956312148161842,0.00668211681908101,-0.010905167856421982,-0.00626321779935908,0.008704344885209485,0.01121636782334962,-0.21254205887917624,0.004091001476545591,-0.004060082071027447,-0.001715096684447493,0.37504103863082167,-0.03119950349917305,0.006014646578674179,0.003666075876239645,0.0055133168679062225,0.00673580047423232,0.010955524914593952,0.02492202401187058,-0.0256364329786951,-0.02842463618454654,0.01214187092240429,0.010955524914593952,-0.006716072036775253,0.015763635669269176,-0.01755296262932251,-0.006257631484750855,0.010955524914593952,-0.2959268314167985,-0.13162236061950242,0.21816142141816028,0.37504103863082167,
customer_health_score,-0.38763448941464407,-0.08098122012473283,0.6530989338100873,-0.05705924221665262,0.4573250738898314,0.009580583631793546,,0.4573351925548816,-0.056871386816222266,0.45750860515219016,-0.47774045537385257,-0.6807491249953298,-0.5620297044335764,-0.3821190484579154,-0.38049551148056965,-0.752688026123887,0.16954801331311387,0.20357229514080477,0.17262349551497175,0.1529501952774395,0.16188307268506225,-0.020265155052516304,0.15697077308798357,0.09354349582682966,0.17822677235267814,0.03612993001344021,0.18786843343725002,0.15826583873824052,0.051333994488715694,0.08579195911510107,-0.0682045935712346,0.18997053409919445,0.3063588346048017,-0.3237045621670505,0.4330305049939989,0.14955824197202697,0.09240557550158014,0.4345190647630485,0.4349022183646535,-0.2391027229497431,-0.2317468618238487,-0.08673430491254146,-0.2303549648538944,-0.22427253650805112,-0.10305656579407711,-0.2187748504349129,-0.16315077747872817,-0.2317468618238487,0.04287674308062792,0.0534631439344053,-0.017553799870499893,-0.028006145912372316,-0.26056265566045006,-0.23424300713244242,-0.22278518693244465,-0.0821675405429822,-0.22024269437869065,-0.3213979239993071,0.22054705453988133,-0.2670291497307362,-0.2205470545398813,-0.4102499128531287,-0.4063086314164825,-0.26693807735915703,1.0,-0.010699705775274331,0.010699705775274477,,-0.2792106028006379,0.2792106028006379,,-0.20100375443851756,0.2010037544385175,,-0.0031117238671223746,0.0031117238671220576,,-0.10409335022047608,-0.0031117238671223746,0.10717891749980972,,0.05513868260004535,-0.21363150015824334,0.19380928415152276,,-0.38049551148056954,0.19380928415152276,0.24413467383089207,,-0.3313889076619694,0.19380928415152276,0.17795985842467293,,-0.3525082065519002,0.19380928415152276,0.2002341148422867,,-0.3821190484579154,0.19380928415152276,0.24500102698766757,,-0.22422712339089965,0.19380928415152276,0.06158339377406498,,-0.2340275030343306,0.19380928415152276,0.07096928285771305,,-0.6807491249953298,0.28415312153206373,0.521866148096062,,0.27765598234269284,-0.27765598234269295,,0.29238931345651914,0.28765073755790244,-0.5620297044335764,0.06205065621880038,,-0.06883370989898914,0.06111435016400882,0.38055248508442463,-0.3728215539491416,,-0.41216794264662465,-0.14524381473775602,0.05163948784712363,0.5528911001423391,-0.19961085962131167,,-0.007854969349801458,0.007437141218915983,0.003924301651569786,0.020556256468207194,0.012381765356911113,-0.0026307691580168646,0.015732344770344835,0.002294597240773855,-0.007223611042481524,-0.007307364271469357,0.0136725521667915,0.000676175223900772,0.007083809732836076,0.006711950459275931,0.011937881087611273,0.03464958731868679,0.013207227107247662,0.002530982117303741,-0.0016818986633605187,-0.006948622125381342,-0.00043583208943410865,0.006634680432797954,0.007620979902858357,0.002988960393625428,-0.01390572718509028,0.026748495758630406,-0.022506765777273192,0.014298360665910037,0.010828617977504038,0.014525214405750645,0.002260098500261226,0.006621442696553402,-0.008020180119072174,0.004396698294792627,0.0034242223462407854,0.009054300798708276,-0.013934625124857793,-0.016354983042769385,0.1151042881984199,0.009196103747025173,-0.005967000216754076,-0.02200678296663063,-0.22054705453988124,-0.09633569062272676,-0.09194474455609314,-0.05642630445699407,-0.062075999608983086,-0.04625238106964686,0.26702914973073627,-0.23012843193141053,-0.03206166837275524,-0.009637315833449248,-0.03003626590813191,0.26702914973073627,-0.09261670416213184,-0.10289459213435485,-0.07581343103489598,-0.05371655094755931,0.26702914973073627,0.23569948840316626,0.14525558477124764,-0.23938679533517812,-0.22054705453988124,
gender_female,0.00861209507899781,0.0018737116382607489,-0.0051062226199498125,0.014525165207433114,-2.3587724683045844e-05,-0.0032194386717371553,,-2.4837636369236193e-05,0.015241179519976519,-5.015060550660408e-05,0.007436110181459064,0.0033859456136271717,-0.000752180701195113,-0.0033971478097874963,-0.010429088419201956,0.004497202549878045,-0.007757657724135168,-0.01852870867850331,-0.011811636550438745,-0.007298380989203066,-0.012150740864798282,0.010261771681417113,-0.0044935283428022485,-0.011939781813436719,-0.00659067344164965,-0.0012141730343936616,-0.008352350247534291,-0.010573922652363767,0.0071466106074935575,0.0054140175855873695,-0.005526461970788368,-0.002821002952618758,-0.014267645184106434,0.006607249824617361,-0.008090274739100064,-0.009914762833337646,-0.0071240270318702,-0.0085797847731343,-0.008833523322621014,0.012924411519555304,-0.0015237397704755923,0.026451599296099863,0.013738732270314889,0.01485735880711636,0.02995398648582665,0.015245816563866553,0.0060023658392146335,-0.0015237397704755923,-0.012891778094688267,-0.022860411470055263,-0.004999784674133235,-0.00017301818468164998,-0.00696187272545786,-0.022068126207591944,0.018128788534391774,0.027070741647947386,-0.0009957673677198546,0.006255984838253936,-0.003444668009443555,-0.0027303288563372613,0.003444668009443553,0.004194697914313174,-0.00203838102230886,0.013608060433258514,-0.010699705775274331,1.0,-1.0000000000000004,,-0.0018080796617890242,0.001808079661789023,,0.010516611922734027,-0.010516611922734061,,-0.006487672136208213,0.006487672136208206,,-0.004476122373780311,-0.006487672136208213,0.00841365587151641,,-0.006567778691102147,0.011286442720116504,-0.006025751154069744,,-0.01042908841920197,-0.006025751154069744,0.017020796813959464,,-0.008190988066357539,-0.006025751154069744,0.013773188729006094,,0.0029875414009697455,-0.006025751154069744,0.0021045826513886616,,-0.0033971478097875175,-0.006025751154069744,0.009211760356587715,,-0.0032674444881391307,-0.006025751154069744,0.008392549998357618,,-0.005374329036311338,-0.006025751154069744,0.010487356300500277,,0.0033859456136271756,-0.008025643075007421,0.003695050803476607,,-0.011753691221222232,0.011753691221222232,,0.016023595160041704,-0.001214779472968791,-0.0007521807011951105,-0.013744173305346231,,0.004509398171563837,-0.006315600959169977,0.004509398171563819,-0.0027043911807986647,,0.0010762373661392657,0.0007014261543211163,0.01057465543015403,-0.010885899763628772,-0.00013877831334027437,,0.00035872897586821463,0.00035872897586822455,-0.011803761484172146,-0.016144677904926248,0.01203049658148853,0.00016033730960838557,-0.015739479631294014,0.01033321119590876,0.013818584708035113,-0.011803761484172148,-0.004206101299686313,-0.018151315351663106,-0.011803761484172127,-0.0032194386717373166,0.0010823604297174098,-0.00014341154558627988,-0.005077446829216148,0.00027779128457082366,-0.011803761484172148,0.012146451693114308,-0.021120861105777156,-0.016540936838701264,0.01701489957187759,0.00016033730960837288,-0.011803761484172129,-0.016694224952660854,0.016517799824021108,0.012264199974807667,-0.005077446829216157,-0.002083976839992049,0.00016033730960836234,-0.011803761484172136,0.012030496581488453,0.023524321792771783,0.008707223749035937,0.003124486213259685,-0.011803761484172138,0.013818584708035039,-0.0025907270234769267,-0.00420610129968628,0.013818584708035143,-0.01180376148417213,0.00344466800944355,-0.0008406619408036451,-0.01599659042018028,0.004530341466241013,0.003491395376017419,0.007957079749578063,0.002730328856337228,0.011652411387486036,0.003326725180177953,-0.002217796002973264,-0.020094806033375094,0.002730328856337228,-0.015480300552749439,0.026081853415472728,-0.0021651785369744807,-0.012806113871919614,0.002730328856337228,-0.009603007956775407,-0.00043391870954622396,0.007636395081625495,0.00344466800944355,
gender_male,-0.008612095078997767,-0.0018737116382607493,0.005106222619949773,-0.014525165207433114,2.3587724683001456e-05,0.0032194386717372065,,2.4837636369222305e-05,-0.015241179519976552,5.0150605506566144e-05,-0.007436110181459043,-0.003385945613627121,0.0007521807011951202,0.0033971478097875327,0.010429088419202004,-0.004497202549878059,0.007757657724135334,0.018528708678503533,0.0118116365504389,0.0072983809892031865,0.012150740864798382,-0.010261771681417137,0.0044935283428024575,0.011939781813436813,0.006590673441649689,0.0012141730343937247,0.008352350247534817,0.010573922652363907,-0.007146610607493466,-0.005414017585587293,0.005526461970788104,0.002821002952619102,0.014267645184106833,-0.00660724982461748,0.008090274739100414,0.00991476283333776,0.007124027031870256,0.008579784773134645,0.008833523322621368,-0.012924411519555304,0.001523739770475552,-0.02645159929609985,-0.013738732270314895,-0.014857358807116378,-0.02995398648582663,-0.01524581656386665,-0.006002365839214641,0.001523739770475552,0.012891778094688252,0.02286041147005523,0.004999784674133232,0.00017301818468163906,0.006961872725457834,0.02206812620759185,-0.01812878853439176,-0.02707074164794731,0.0009957673677198193,-0.006255984838253963,0.0034446680094439228,0.0027303288563372183,-0.003444668009443917,-0.004194697914313132,0.0020383810223088966,-0.013608060433258897,0.010699705775274477,-1.0000000000000004,1.0,,0.0018080796617890242,-0.0018080796617890125,,-0.010516611922734091,0.010516611922734143,,0.006487672136208178,-0.006487672136208174,,0.004476122373780255,0.006487672136208178,-0.008413655871516353,,0.006567778691102166,-0.011286442720116504,0.0060257511540697355,,0.010429088419201999,0.0060257511540697355,-0.017020796813959457,,0.00819098806635755,0.0060257511540697355,-0.013773188729006102,,-0.0029875414009697056,0.0060257511540697355,-0.0021045826513887054,,0.0033971478097875388,0.0060257511540697355,-0.009211760356587665,,0.0032674444881391576,0.0060257511540697355,-0.00839254999835766,,0.005374329036311382,0.0060257511540697355,-0.010487356300500307,,-0.003385945613627135,0.008025643075007416,-0.003695050803476635,,0.011753691221222174,-0.01175369122122221,,-0.016023595160041728,0.0012147794729687807,0.0007521807011951235,0.013744173305346205,,-0.004509398171563824,0.006315600959169954,-0.004509398171563846,0.002704391180798746,,-0.0010762373661392442,-0.0007014261543211127,-0.010574655430154033,0.010885899763628686,0.00013877831334029454,,-0.0003587289758682805,-0.0003587289758682758,0.011803761484172148,0.016144677904926175,-0.012030496581488486,-0.0001603373096084002,0.015739479631294028,-0.01033321119590868,-0.01381858470803517,0.011803761484172143,0.004206101299686269,0.018151315351663058,0.01180376148417215,0.003219438671737276,-0.0010823604297175548,0.00014341154558613004,0.005077446829216133,-0.00027779128457087435,0.011803761484172157,-0.012146451693114334,0.021120861105777104,0.016540936838701226,-0.01701489957187761,-0.00016033730960839755,0.01180376148417215,0.01669422495266085,-0.016517799824021108,-0.012264199974807707,0.0050774468292161725,0.0020839768399920173,-0.0001603373096083911,0.01180376148417213,-0.012030496581488458,-0.023524321792771842,-0.008707223749036014,-0.0031244862132597355,0.01180376148417213,-0.013818584708035049,0.0025907270234774,0.0042061012996862795,-0.013818584708035195,0.011803761484172103,-0.0034446680094439184,0.0008406619408035812,0.01599659042018027,-0.004530341466241044,-0.0034913953760174576,-0.00795707974957806,-0.002730328856337216,-0.01165241138748604,-0.0033267251801779784,0.00221779600297331,0.020094806033375042,-0.002730328856337216,0.015480300552749474,-0.02608185341547266,0.0021651785369744855,0.012806113871919567,-0.002730328856337216,0.00960300795677553,0.0004339187095463595,-0.007636395081625549,-0.0034446680094439184,
gender_nan,,,,,,,,,,,,,,,,,,,,,,,,,,,,,,,,,,,,,,,,,,,,,,,,,,,,,,,,,,,,,,,,,,,,,,,,,,,,,,,,,,,,,,,,,,,,,,,,,,,,,,,,,,,,,,,,,,,,,,,,,,,,,,,,,,,,,,,,,,,,,,,,,,,,,,,,,,,,,,,,,,,,,,,,,,,,,,,,,,,,,,,,,,,,,,,,,,,,
partner_no,0.15044754495917712,-0.016478657597413966,-0.37969746116829545,-0.0967818793288882,-0.3176287323278755,-0.026526201188299927,,-0.317642524761314,-0.0958786559326499,-0.3176220882812585,0.2617114534426881,0.2808652261083157,0.08385168936271013,0.10944322601175255,0.1299364400615426,0.19347858113389424,-0.006283766579410722,-0.023451282401397322,-0.021090745105226048,-0.0001619742693340416,-0.006631277260493346,0.0004470380003219521,-0.001892469413551589,-0.023297656009802496,-0.014707968628846508,0.014258986712764038,-0.01775502320584687,-0.007963335491144172,-0.011781129878641447,0.005561746305552592,0.0076279251443697235,-0.020745733709608506,-0.015627581550661514,0.004450045759775714,-0.017734433149524335,-0.01795882753825277,0.012328789250150619,-0.018564472257518345,-0.018173738080094412,0.0031835002999695506,0.010070232926910542,-0.0069838206213643185,0.007422067583214808,0.007424756110711223,0.0002143671091373852,-0.0036659268443592482,-0.0032197343611445333,0.010070232926910542,-0.00540486609059432,-0.0018393878891067549,0.011796752005861565,0.007926861417671299,0.0019635257702649727,0.009219945021149686,0.012584046011290073,-0.003998759513024108,-0.0077246705864227085,0.011534824111300338,-0.019669894817641937,0.0020199054270994485,0.019669894817641947,0.19797077446983868,0.18847268416891924,-0.02540808960282339,-0.2792106028006379,-0.0018080796617890242,0.0018080796617890242,,1.0,-0.9999999999999999,,0.45267628292946427,-0.45267628292946394,,0.017705663223972108,-0.017705663223972073,,0.12992895796528267,0.017705663223972108,-0.1420570793622859,,0.0008509247739520957,-0.00030366541646427897,-0.0006151650863897049,,0.1299364400615426,-0.0006151650863897049,-0.14310622750264418,,0.13605809786457246,-0.0006151650863897049,-0.14149801947228205,,0.14769245022145286,-0.0006151650863897049,-0.15378643563077987,,0.10944322601175253,-0.0006151650863897049,-0.11999886976431626,,0.12435692810799089,-0.0006151650863897049,-0.1246658005649177,,0.1175291094422635,-0.0006151650863897049,-0.11741185447194569,,0.2808652261083157,-0.08278330748148327,-0.24809065453756407,,-0.014876622287891102,0.01487662228789105,,-0.11070636952477814,-0.08202919645732656,0.08385168936271009,0.09512485882293267,,0.053555236638032445,-0.06619303785105628,-0.25745856336048417,0.2700838315737078,,0.2735802298656154,0.048867935449769195,-0.02787054755203901,-0.3127063312648656,0.09517881448651815,,-0.01637208432814228,0.006265555209146952,-0.012328072349750994,0.005139763156185036,-0.012328072349750991,0.016291258724454437,-0.016906546006689376,0.008469273481797861,-0.005579532304400291,-0.012328072349750994,-0.014596660808276202,0.011988451178310978,0.011518841563815673,-0.012135749813819156,-0.006392729657471764,-0.005172272006650531,-0.006238851729220008,-0.010730373188956659,0.011518841563815658,-0.01273540076971988,0.007676435814233479,-0.018015696040781723,-0.0005722532091629685,-0.0005722532091629382,-0.012328072349750994,-0.017435765142780307,0.003527599126470248,0.0027622089103657116,-0.006238851729220059,0.005960023754964903,0.016291258724454433,0.011518841563815649,0.011518841563815668,-0.012731335234012476,-0.00450486734853886,-0.020096119824313977,0.011518841563815649,0.012454724703351426,-0.0008390672084998848,-0.0055795323044002445,0.0034375961994755153,0.011518841563815663,0.019669894817641947,-0.014592050257642462,-0.00783428726063968,0.024780286181447016,0.0007163368795784703,0.0032960537395792426,-0.002019905427099385,0.01470680023719295,-0.011021022068525328,0.006083072309054316,-0.009651298571921513,-0.002019905427099385,-0.009301825818650708,0.004594386895435394,-0.005215679148662158,0.01532567410009885,-0.002019905427099385,0.0034411187743012125,-0.02605633598895125,0.00972632105195474,0.019669894817641947,
partner_yes,-0.15044754495917698,0.016478657597413994,0.3796974611682955,0.09678187932888821,0.31762873232787514,0.02652620118829991,,0.31764252476131377,0.09587865593264984,0.3176220882812585,-0.2617114534426878,-0.28086522610831577,-0.08385168936270998,-0.10944322601175256,-0.12993644006154242,-0.19347858113389435,0.0062837665794107786,0.023451282401397308,0.021090745105226065,0.00016197426933400798,0.006631277260493313,-0.00044703800032197777,0.001892469413551633,0.02329765600980248,0.01470796862884625,-0.014258986712764014,0.017755023205846886,0.007963335491144157,0.011781129878641439,-0.005561746305552621,-0.007627925144369752,0.020745733709608555,0.01562758155066152,-0.004450045759775682,0.017734433149524366,0.017958827538252772,-0.012328789250150638,0.018564472257518345,0.018173738080094398,-0.0031835002999695866,-0.010070232926910559,0.006983820621364259,-0.007422067583214829,-0.007424756110711308,-0.00021436710913742794,0.00366592684435923,0.0032197343611445055,-0.010070232926910559,0.005404866090594341,0.0018393878891067562,-0.011796752005861541,-0.00792686141767129,-0.0019635257702649866,-0.009219945021149697,-0.012584046011290075,0.00399875951302411,0.0077246705864226954,-0.011534824111300357,0.01966989481764194,-0.002019905427099464,-0.019669894817641958,-0.19797077446983877,-0.18847268416891913,0.025408089602823314,0.2792106028006379,0.001808079661789023,-0.0018080796617890125,,-0.9999999999999999,1.0,,-0.45267628292946416,0.452676282929464,,-0.01770566322397208,0.017705663223972035,,-0.12992895796528262,-0.01770566322397208,0.14205707936228604,,-0.000850924773952061,0.00030366541646428136,0.0006151650863897117,,-0.12993644006154242,0.0006151650863897117,0.14310622750264407,,-0.13605809786457249,0.0006151650863897117,0.14149801947228202,,-0.14769245022145283,0.0006151650863897117,0.15378643563077982,,-0.1094432260117526,0.0006151650863897117,0.11999886976431623,,-0.12435692810799089,0.0006151650863897117,0.12466580056491769,,-0.11752910944226368,0.0006151650863897117,0.11741185447194566,,-0.28086522610831577,0.08278330748148327,0.24809065453756382,,0.014876622287891087,-0.01487662228789096,,0.11070636952477801,0.08202919645732651,-0.08385168936271002,-0.09512485882293278,,-0.05355523663803249,0.06619303785105615,0.257458563360484,-0.270083831573708,,-0.2735802298656153,-0.04886793544976912,0.02787054755203899,0.31270633126486536,-0.09517881448651815,,0.01637208432814224,-0.006265555209146985,0.012328072349750975,-0.005139763156185107,0.012328072349750968,-0.016291258724454444,0.016906546006689376,-0.008469273481797875,0.0055795323044002506,0.012328072349750982,0.01459666080827615,-0.011988451178310976,-0.011518841563815671,0.012135749813819078,0.006392729657471532,0.005172272006650245,0.006238851729219948,0.010730373188956659,-0.011518841563815671,0.012735400769719829,-0.007676435814233613,0.018015696040781678,0.000572253209162941,0.0005722532091629231,0.01232807234975099,0.017435765142780297,-0.003527599126470291,-0.0027622089103657493,0.0062388517292200265,-0.005960023754964965,-0.016291258724454447,-0.011518841563815673,-0.01151884156381567,0.012731335234012292,0.004504867348538741,0.020096119824313884,-0.011518841563815675,-0.01245472470335142,0.0008390672085002727,0.0055795323044002445,-0.0034375961994755964,-0.01151884156381567,-0.019669894817641947,0.014592050257642486,0.007834287260639675,-0.024780286181446964,-0.0007163368795784677,-0.003296053739579212,0.002019905427099398,-0.014706800237192896,0.011021022068525316,-0.006083072309054338,0.009651298571921502,0.002019905427099398,0.00930182581865063,-0.004594386895435382,0.00521567914866218,-0.015325674100098866,0.002019905427099398,-0.003441118774301203,0.026056335988951226,-0.009726321051954721,-0.019669894817641947,
partner_nan,,,,,,,,,,,,,,,,,,,,,,,,,,,,,,,,,,,,,,,,,,,,,,,,,,,,,,,,,,,,,,,,,,,,,,,,,,,,,,,,,,,,,,,,,,,,,,,,,,,,,,,,,,,,,,,,,,,,,,,,,,,,,,,,,,,,,,,,,,,,,,,,,,,,,,,,,,,,,,,,,,,,,,,,,,,,,,,,,,,,,,,,,,,,,,,,,,,,
dependents_no,0.1642214015797257,0.21118508849395795,-0.15971233121691739,0.11400872276746178,-0.062028807586524334,-0.06047435452864464,,-0.06205032866091048,0.11418917676880007,-0.062259157405544205,0.15680613083288647,0.23172016612971572,0.15064248847911255,0.1726445096176981,0.18843382069112605,0.2363876672779153,0.003986020605694845,0.0033546358781927975,0.0032070222238413126,0.008421698720698895,0.004232947563882208,0.029900802342007562,0.0006925036446748931,-0.0013155209592395902,-0.020253668912540445,0.0050523144059186585,-0.009647166848822528,0.005092492926907526,0.008075226739078826,-0.004232210217717895,0.018732940078032206,-0.014792511901583207,-0.003899328488950237,0.01098494750145612,-0.017846583823657294,0.003916581901048517,0.008257283537937967,-0.017257444354532685,-0.016776240757229846,-0.013636005099181694,-0.022234067064445025,0.008148880673874542,-0.027131821146420647,-0.010088876207206282,0.00011318906204203128,-0.015997498621260077,-0.012455392076756453,-0.022234067064445025,0.0015261210250228328,-0.0001772823501365859,-0.00012020883820701146,0.0032113041857143405,-0.009471476384669412,-0.01784588198420685,-0.018000578390631614,0.003092689030960911,-0.011998280741685836,-0.02125041666586766,-0.011935101361334743,-0.006351748394324487,0.011935101361334752,0.08529097927283688,0.0857645624770731,0.03908869708640043,-0.20100375443851756,0.010516611922734027,-0.010516611922734091,,0.45267628292946427,-0.45267628292946416,,1.0,-0.9999999999999996,,-0.0017616785446836955,0.001761678544683687,,-0.023198487672255522,-0.0017616785446836955,0.02452580441410061,,-0.0520103480646735,0.16581835875542209,-0.1398118853116779,,0.18843382069112602,-0.1398118853116779,-0.08097166023248317,,0.13875648512127584,-0.1398118853116779,-0.023671013010513386,,0.12941524522972364,-0.1398118853116779,-0.013962535653790183,,0.17264450961769806,-0.1398118853116779,-0.0632681413996535,,0.10117591361448428,-0.1398118853116779,0.016557742951037423,,0.07819808202669923,-0.1398118853116779,0.03974096205892368,,0.2317201661297157,-0.06836848043821993,-0.20461344694774086,,-0.11137722919364418,0.11137722919364397,,-0.052020980947400375,-0.06026700017636719,0.15064248847911255,-0.05907101281466711,,-0.04181975775932392,0.0030607774582398694,-0.05184073468838327,0.09060029451753411,,0.13211227425941843,0.002443078964430155,-0.02330056895022524,-0.1212922300813176,0.03842788948522445,,-0.01649733480956677,0.008197825459036657,0.007793591876522018,-0.0026595282088485066,-0.018220752951129533,-0.007373639870245744,-0.0058425957377366295,0.006460458715979875,0.0009553167245859638,-0.018220752951129526,-0.008881372882517497,0.004034014699578991,0.007793591876522036,0.0180175974359067,-0.008381208210723527,0.007770556821615447,-0.01747986999703501,-0.02339923235433844,0.007793591876522003,-0.02343932677663695,0.0033202538300488617,-0.023955601749645426,0.011022585990944751,0.011022585990944776,0.007793591876522058,-0.025769865731436328,0.011601726944225314,0.006041311641508268,0.00579467852156184,-0.009713442235812428,0.011022585990944748,0.007793591876522045,0.007793591876522021,0.013100963949139562,-0.001839473097300072,-0.021083190227640224,0.007793591876522041,0.020628695938792976,-0.004868503548996348,0.0009553167245859447,0.0009553167245859865,0.007793591876522049,0.011935101361334749,-0.01554767237356986,0.007896208756735912,0.012528518659095744,-0.012979894350795834,0.0008043404368302671,0.006351748394324547,-0.025172483837171338,0.01470841804335393,0.014622910631566923,-0.008862762812789455,0.006351748394324547,-0.01194176420213792,-0.006246292165799083,-0.008071016378086198,0.02301930223223717,0.006351748394324547,0.005035405939427998,-0.03183406114495797,0.01621181923157985,0.011935101361334749,
dependents_yes,-0.1642214015797256,-0.21118508849395812,0.15971233121691758,-0.11400872276746168,0.06202880758652431,0.06047435452864459,,0.06205032866091033,-0.11418917676880001,0.06225915740554422,-0.15680613083288655,-0.23172016612971616,-0.15064248847911274,-0.17264450961769803,-0.18843382069112607,-0.23638766727791521,-0.00398602060569495,-0.0033546358781929224,-0.003207022223841441,-0.00842169872069901,-0.004232947563882328,-0.02990080234200758,-0.0006925036446749928,0.0013155209592394914,0.02025366891254028,-0.005052314405918671,0.009647166848822195,-0.005092492926907672,-0.008075226739078902,0.004232210217717789,-0.018732940078032067,0.014792511901583,0.0038993284889500632,-0.01098494750145602,0.017846583823657107,-0.003916581901048668,-0.008257283537938042,0.017257444354532425,0.01677624075722957,0.013636005099181666,0.02223406706444501,-0.008148880673874566,0.02713182114642069,0.010088876207206261,-0.00011318906204204352,0.015997498621260084,0.01245539207675644,0.02223406706444501,-0.0015261210250228276,0.0001772823501365889,0.00012020883820700021,-0.00321130418571435,0.009471476384669442,0.01784588198420687,0.01800057839063158,-0.0030926890309609903,0.011998280741685807,0.02125041666586768,0.011935101361334507,0.006351748394324496,-0.01193510136133452,-0.08529097927283699,-0.08576456247707312,-0.03908869708640014,0.2010037544385175,-0.010516611922734061,0.010516611922734143,,-0.45267628292946394,0.452676282929464,,-0.9999999999999996,1.0,,0.0017616785446837224,-0.001761678544683704,,0.023198487672255547,0.0017616785446837224,-0.02452580441410065,,0.05201034806467343,-0.1658183587554222,0.13981188531167787,,-0.18843382069112613,0.13981188531167787,0.08097166023248324,,-0.13875648512127586,0.13981188531167787,0.023671013010513414,,-0.1294152452297237,0.13981188531167787,0.013962535653790197,,-0.17264450961769803,0.13981188531167787,0.06326814139965355,,-0.10117591361448433,0.13981188531167787,-0.01655774295103749,,-0.07819808202669928,0.13981188531167787,-0.03974096205892357,,-0.23172016612971608,0.06836848043821994,0.2046134469477408,,0.11137722919364407,-0.1113772291936441,,0.05202098094740012,0.06026700017636722,-0.1506424884791128,0.05907101281466719,,0.04181975775932395,-0.0030607774582398543,0.051840734688383315,-0.0906002945175343,,-0.1321122742594185,-0.0024430789644301633,0.023300568950225226,0.12129223008131752,-0.03842788948522443,,0.016497334809566715,-0.0081978254590367,-0.007793591876522041,0.0026595282088484593,0.018220752951129505,0.007373639870245738,0.005842595737736627,-0.006460458715979943,-0.0009553167245860017,0.018220752951129536,0.008881372882517443,-0.004034014699578986,-0.007793591876522049,-0.018017597435906706,0.008381208210723518,-0.007770556821615521,0.017479869997034988,0.02339923235433846,-0.007793591876522038,0.023439326776636942,-0.003320253830048858,0.0239556017496454,-0.011022585990944765,-0.011022585990944765,-0.007793591876522053,0.02576986573143632,-0.011601726944225326,-0.006041311641508304,-0.0057946785215618355,0.009713442235812426,-0.011022585990944772,-0.007793591876522047,-0.007793591876522038,-0.013100963949139559,0.0018394730973000676,0.021083190227640186,-0.007793591876522049,-0.020628695938792956,0.004868503548996273,-0.0009553167245859271,-0.0009553167245859943,-0.007793591876522048,-0.01193510136133452,0.015547672373569877,-0.007896208756735886,-0.012528518659095758,0.012979894350795862,-0.0008043404368302824,-0.006351748394324518,0.025172483837171335,-0.01470841804335387,-0.014622910631566984,0.008862762812789485,-0.006351748394324518,0.011941764202137927,0.006246292165799125,0.008071016378086169,-0.02301930223223718,-0.006351748394324518,-0.005035405939428136,0.031834061144957904,-0.0162118192315798,-0.01193510136133452,
dependents_nan,,,,,,,,,,,,,,,,,,,,,,,,,,,,,,,,,,,,,,,,,,,,,,,,,,,,,,,,,,,,,,,,,,,,,,,,,,,,,,,,,,,,,,,,,,,,,,,,,,,,,,,,,,,,,,,,,,,,,,,,,,,,,,,,,,,,,,,,,,,,,,,,,,,,,,,,,,,,,,,,,,,,,,,,,,,,,,,,,,,,,,,,,,,,,,,,,,,,
phone_service_no,-0.01194198002900311,-0.008576401079279415,-0.008448206732743777,-0.24749135892917357,-0.11318043638894318,0.01136577785507945,,-0.11317768259554051,-0.2475952376326194,-0.11330440728635748,-0.08043349043550053,0.0007424302790415949,-0.0030618298454301355,0.05444676293913852,0.057879699960114724,-0.006082529300370042,0.0014564723761284384,0.015652336813009073,0.03157633180829988,0.009576106459624322,0.01011867820839022,0.007708457541096787,-0.00045734003668526955,0.03698272363260576,0.007107503614708699,-0.009440713654385889,0.017293415548188494,0.008306269390183344,0.024036282751472893,0.0027128083602694707,-0.0003595969702396903,0.03251153527224478,0.003849307278697864,0.012954488564266719,0.0008872675584928906,0.039155263329021285,0.031251133597324454,0.0034114082222070044,0.004811116173065845,0.01577322227186136,0.009511677414017244,0.015143430846530028,0.012946337446110524,0.01954866972641002,0.019528424320469327,0.013890461075678004,0.0021896646196638394,0.009511677414017244,0.002224984383670266,0.002462183709375679,0.0005464517986924117,-0.00010794319523481324,0.0039971894430209255,0.0030638274674742783,0.013464080715739997,0.009998802849032033,0.004828980534797627,0.015473046879147826,0.01690008104837027,0.00812435042053257,-0.01690008104837027,0.005964539708041211,0.003413006323794387,-0.10867105672497038,-0.0031117238671223746,-0.006487672136208213,0.006487672136208178,,0.017705663223972108,-0.01770566322397208,,-0.0017616785446836955,0.0017616785446837224,,1.0,-1.0,,-0.31543109424028687,1.0,-0.27968999474291106,,0.4524254899613099,-0.28999893457308346,-0.17220876982805244,,0.05787969996011471,-0.17220876982805244,0.092892700112209,,0.09286669818149731,-0.17220876982805244,0.05231224294763571,,0.07477580293541503,-0.17220876982805244,0.0712268867174751,,0.0544467629391385,-0.17220876982805244,0.09633961826825976,,0.1224554789985335,-0.17220876982805244,0.022573591794937186,,0.11225408873034287,-0.17220876982805244,0.03295889236478109,,0.0007424302790415981,0.0027906430986324613,-0.003518907568508228,,0.01650480573256952,-0.016504805732569662,,-0.0075562129251458094,0.007721160009099416,-0.003061829845430147,0.003318789543607618,,0.0016362473302488486,0.09378556004925666,-0.13030205396724737,0.03489800395987001,,0.006585099616088212,-0.012473238106292164,0.014510708977243335,-0.011146266978997765,0.002770985604775346,,0.00040371944655741087,0.02590502942058339,-0.0039019480159748726,0.02082110770934328,-0.003901948015974878,0.02297654973478869,0.009298242732256093,-0.002895225831087169,0.0049087133913386545,-0.003901948015974874,0.004908713391338676,-0.004098258675997466,-0.003901948015974876,-0.0007923590576369015,-0.02015489155974259,0.008388703041633297,-0.008727500059728381,0.006895169135192811,-0.0039019480159748726,-0.0078055588529562766,-0.004712655270760085,-0.011041864976690983,-0.005518579651039258,-0.0055185796510392555,-0.003901948015974876,-0.005518579651039257,0.0005713518547616873,-0.011712498877369462,-0.00872750005972836,0.00851061227701969,-0.00551857965103926,0.03639338904635795,-0.0039019480159748748,-0.008405067924014808,0.02925113274749021,-0.00029506456550266286,-0.003901948015974876,0.0049087133913386346,0.0032470678109083138,0.020145411679218076,0.0049087133913386745,0.036393389046357985,-0.01690008104837027,0.009707992306117422,-0.005285710369308339,0.004150130582746604,-0.0014146631838114414,0.0033557502614794668,-0.008124350420532521,0.010832443512511765,0.01765117242331774,-0.00978750993107558,-0.012521107962721156,-0.008124350420532521,0.005244293150348904,-0.007103569349224873,0.004606207046649415,0.008231959718521562,-0.008124350420532521,0.006398848373305328,-0.019153671303569195,0.01681284906342135,-0.01690008104837027,
phone_service_yes,0.011941980029003044,0.008576401079279424,0.008448206732743765,0.24749135892917354,0.11318043638894323,-0.01136577785507952,,0.11317768259554076,0.24759523763261967,0.11330440728635748,0.08043349043550033,-0.0007424302790416022,0.0030618298454301537,-0.05444676293913852,-0.05787969996011479,0.0060825293003699665,-0.0014564723761287483,-0.015652336813009468,-0.03157633180830024,-0.009576106459624645,-0.010118678208390519,-0.007708457541096774,0.0004573400366849328,-0.03698272363260597,-0.007107503614709236,0.009440713654385903,-0.017293415548189583,-0.008306269390183713,-0.024036282751473,-0.002712808360269701,0.00035959697024020085,-0.03251153527224535,-0.003849307278698527,-0.012954488564266493,-0.0008872675584936077,-0.039155263329021514,-0.031251133597324496,-0.0034114082222077026,-0.0048111161730665505,-0.01577322227186142,-0.009511677414017278,-0.015143430846530031,-0.012946337446110552,-0.01954866972641009,-0.019528424320469463,-0.013890461075678052,-0.002189664619663854,-0.009511677414017278,-0.0022249843836702975,-0.002462183709375666,-0.0005464517986924329,0.00010794319523479146,-0.003997189443020909,-0.0030638274674743143,-0.013464080715740012,-0.009998802849032042,-0.0048289805347976325,-0.015473046879147906,-0.016900081048370975,-0.008124350420532606,0.016900081048370975,-0.005964539708041233,-0.00341300632379444,0.1086710567249712,0.0031117238671220576,0.006487672136208206,-0.006487672136208174,,-0.017705663223972073,0.017705663223972035,,0.001761678544683687,-0.001761678544683704,,-1.0,1.0,,0.3154310942402872,-1.0,0.2796899947429113,,-0.45242548996131016,0.289998934573083,0.1722087698280525,,-0.05787969996011485,0.1722087698280525,-0.09289270011220893,,-0.09286669818149748,0.1722087698280525,-0.05231224294763574,,-0.07477580293541505,0.1722087698280525,-0.07122688671747518,,-0.05444676293913847,0.1722087698280525,-0.09633961826825975,,-0.12245547899853344,0.1722087698280525,-0.02257359179493715,,-0.11225408873034289,0.1722087698280525,-0.03295889236478114,,-0.0007424302790416018,-0.0027906430986324457,0.003518907568508201,,-0.016504805732569648,0.016504805732569655,,0.007556212925145803,-0.007721160009099379,0.003061829845430144,-0.0033187895436076515,,-0.001636247330248823,-0.09378556004925655,0.13030205396724748,-0.034898003959870035,,-0.006585099616088221,0.012473238106292186,-0.014510708977243287,0.011146266978997746,-0.0027709856047754074,,-0.00040371944655742784,-0.025905029420583345,0.0039019480159748544,-0.02082110770934334,0.0039019480159748912,-0.022976549734788725,-0.009298242732256084,0.002895225831087162,-0.004908713391338666,0.003901948015974852,-0.004908713391338712,0.004098258675997493,0.003901948015974852,0.0007923590576368631,0.020154891559742493,-0.00838870304163348,0.00872750005972836,-0.006895169135192758,0.0039019480159748566,0.007805558852956224,0.004712655270760033,0.011041864976690921,0.005518579651039229,0.005518579651039259,0.0039019480159748605,0.005518579651039274,-0.0005713518547617258,0.011712498877369434,0.008727500059728345,-0.008510612277019713,0.005518579651039236,-0.036393389046357964,0.0039019480159748487,0.008405067924014728,-0.029251132747490298,0.0002950645655026062,0.0039019480159748613,-0.004908713391338614,-0.0032470678109085328,-0.020145411679218073,-0.004908713391338724,-0.036393389046357985,0.016900081048370985,-0.009707992306117474,0.005285710369308344,-0.0041501305827466445,0.0014146631838114752,-0.0033557502614794945,0.008124350420532573,-0.010832443512511798,-0.017651172423317665,0.009787509931075453,0.012521107962721142,0.008124350420532573,-0.005244293150348867,0.007103569349224839,-0.0046062070466494865,-0.008231959718521564,0.008124350420532573,-0.006398848373305633,0.01915367130356897,-0.016812849063421117,0.016900081048370985,
phone_service_nan,,,,,,,,,,,,,,,,,,,,,,,,,,,,,,,,,,,,,,,,,,,,,,,,,,,,,,,,,,,,,,,,,,,,,,,,,,,,,,,,,,,,,,,,,,,,,,,,,,,,,,,,,,,,,,,,,,,,,,,,,,,,,,,,,,,,,,,,,,,,,,,,,,,,,,,,,,,,,,,,,,,,,,,,,,,,,,,,,,,,,,,,,,,,,,,,,,,,
multiple_lines_no,-0.032568578450191475,-0.13621309673896842,-0.3230880898726128,-0.3380937798964018,-0.39614441142596185,-0.0021201063276547975,,-0.3961510963996635,-0.33683387090639033,-0.3963040626059714,0.17725369392978232,0.08674010596729108,-0.08083556522609445,-0.11348223452577706,-0.11803967172971933,-0.04824426857638163,-0.0014947595515939717,-0.00975134934463334,-0.012138588949448718,-0.006300601333142037,-0.01013237583178459,0.00019959334885172957,0.004588792455079889,-0.016916885936523986,0.009282269032705933,0.010618167652035137,0.004681768764995295,-0.010469413379891783,-0.014102116470785039,-0.0054690628378627456,-0.011760653756584059,-0.0048695482451350455,0.005743754654656034,-0.017687618097719415,0.01604102103209076,-0.012893473542391726,-0.011987151944716036,0.014902589088420615,0.014233071328508309,0.006055437349474438,0.010114463290792032,-0.0035188859246058015,0.012004632339393516,0.0031439848176964312,-0.008106540512334722,0.0018502185853486474,0.004378615493713593,0.010114463290792032,-0.0023692914679843526,-0.002614174277523891,0.00647593386264131,0.006666388730890349,0.012752240274056694,0.005697255721443536,0.016679322648363602,0.0014676888625730202,0.002817411851550548,0.012655561306983443,0.0012894397982951677,0.009788924559592982,-0.0012894397982951588,0.174514930697637,0.16969597583649648,-0.15104220370872537,-0.10409335022047608,-0.004476122373780311,0.004476122373780255,,0.12992895796528267,-0.12992895796528262,,-0.023198487672255522,0.023198487672255547,,-0.31543109424028687,0.3154310942402872,,1.0,-0.315431094240287,-0.8228533739770175,,-0.07017933361589213,-0.19019164164267593,0.3100460405974048,,-0.11803967172971933,0.3100460405974048,-0.15195048416833792,,-0.036276537396142346,0.3100460405974048,-0.2308523724215249,,-0.026745679380694314,0.3100460405974048,-0.24095976982491532,,-0.11348223452577703,0.3100460405974048,-0.15642521492470918,,0.004912604988265078,0.3100460405974048,-0.2675281328562985,,0.013076056768090774,0.3100460405974048,-0.27525622600610195,,0.0867401059672911,0.0020978506739200257,-0.10293688202926965,,0.1518636147069011,-0.1518636147069012,,-0.07017770331026618,-0.06392145833871933,-0.08083556522609449,0.22260525437916345,,0.1544625044730972,-0.12611068868892095,-0.3134273805778445,0.2850516869767963,,0.22883094207168417,0.051690227412408384,-0.032079349502434316,-0.2640504550122657,0.08300017376989784,,0.008955861586246863,0.01650265904400439,-0.011479606530005133,-0.014493085991592755,-0.01147960653000514,0.0006297945430274873,-0.025676473973025728,0.0049171187430743285,-0.00333045623924414,0.012370207272598481,-0.0033304562392441352,0.006960294541910609,-0.011479606530005133,-0.016512307643965562,0.02449167977148206,0.003077937937307752,-0.015007482457272323,0.020571354508105464,-0.011479606530005128,0.012818238317808898,-0.007519830944626553,0.018132879324929598,0.0006297945430274899,0.0006297945430275594,0.012370207272598448,0.0006297945430275371,0.007334325336665637,0.005313889336539129,-0.004338490941518921,-0.010986129426041968,0.000629794543027486,-0.011479606530005123,0.012370207272598481,0.004644480375161857,-0.011752817274540443,-0.005774267001980804,0.012370207272598445,0.005687768786898313,-0.004816798883706026,-0.021366906291528886,0.005687768786898207,-0.011479606530005135,-0.0012894397982951553,0.00028181121931339007,0.004670538420603104,0.013641560440625247,0.004049423492233431,-0.011189029430549375,-0.009788924559592967,0.013217647212622367,-0.016311508167165284,0.010755399217506779,0.004172514456552031,-0.009788924559592967,0.003703599727452759,0.006531149868013839,-0.0011443124972604917,0.0026563979981883475,-0.009788924559592967,0.01252590639636361,0.008803573591176828,-0.017985539678473692,-0.0012894397982951553,
multiple_lines_no_phone_service,-0.01194198002900311,-0.008576401079279415,-0.008448206732743777,-0.24749135892917357,-0.11318043638894318,0.01136577785507945,,-0.11317768259554051,-0.2475952376326194,-0.11330440728635748,-0.08043349043550053,0.0007424302790415949,-0.0030618298454301355,0.05444676293913852,0.057879699960114724,-0.006082529300370042,0.0014564723761284384,0.015652336813009073,0.03157633180829988,0.009576106459624322,0.01011867820839022,0.007708457541096787,-0.00045734003668526955,0.03698272363260576,0.007107503614708699,-0.009440713654385889,0.017293415548188494,0.008306269390183344,0.024036282751472893,0.0027128083602694707,-0.0003595969702396903,0.03251153527224478,0.003849307278697864,0.012954488564266719,0.0008872675584928906,0.039155263329021285,0.031251133597324454,0.0034114082222070044,0.004811116173065845,0.01577322227186136,0.009511677414017244,0.015143430846530028,0.012946337446110524,0.01954866972641002,0.019528424320469327,0.013890461075678004,0.0021896646196638394,0.009511677414017244,0.002224984383670266,0.002462183709375679,0.0005464517986924117,-0.00010794319523481324,0.0039971894430209255,0.0030638274674742783,0.013464080715739997,0.009998802849032033,0.004828980534797627,0.015473046879147826,0.01690008104837027,0.00812435042053257,-0.01690008104837027,0.005964539708041211,0.003413006323794387,-0.10867105672497038,-0.0031117238671223746,-0.006487672136208213,0.006487672136208178,,0.017705663223972108,-0.01770566322397208,,-0.0017616785446836955,0.0017616785446837224,,1.0,-1.0,,-0.315431094240287,1.0,-0.27968999474291106,,0.4524254899613099,-0.28999893457308346,-0.17220876982805244,,0.05787969996011471,-0.17220876982805244,0.092892700112209,,0.09286669818149731,-0.17220876982805244,0.05231224294763571,,0.07477580293541503,-0.17220876982805244,0.0712268867174751,,0.0544467629391385,-0.17220876982805244,0.09633961826825976,,0.1224554789985335,-0.17220876982805244,0.022573591794937186,,0.11225408873034287,-0.17220876982805244,0.03295889236478109,,0.0007424302790415981,0.0027906430986324613,-0.003518907568508228,,0.01650480573256952,-0.016504805732569662,,-0.0075562129251458094,0.007721160009099416,-0.003061829845430147,0.003318789543607618,,0.0016362473302488486,0.09378556004925666,-0.13030205396724737,0.03489800395987001,,0.006585099616088212,-0.012473238106292164,0.014510708977243335,-0.011146266978997765,0.002770985604775346,,0.00040371944655741087,0.02590502942058339,-0.0039019480159748726,0.02082110770934328,-0.003901948015974878,0.02297654973478869,0.009298242732256093,-0.002895225831087169,0.0049087133913386545,-0.003901948015974874,0.004908713391338676,-0.004098258675997466,-0.003901948015974876,-0.0007923590576369015,-0.02015489155974259,0.008388703041633297,-0.008727500059728381,0.006895169135192811,-0.0039019480159748726,-0.0078055588529562766,-0.004712655270760085,-0.011041864976690983,-0.005518579651039258,-0.0055185796510392555,-0.003901948015974876,-0.005518579651039257,0.0005713518547616873,-0.011712498877369462,-0.00872750005972836,0.00851061227701969,-0.00551857965103926,0.03639338904635795,-0.0039019480159748748,-0.008405067924014808,0.02925113274749021,-0.00029506456550266286,-0.003901948015974876,0.0049087133913386346,0.0032470678109083138,0.020145411679218076,0.0049087133913386745,0.036393389046357985,-0.01690008104837027,0.009707992306117422,-0.005285710369308339,0.004150130582746604,-0.0014146631838114414,0.0033557502614794668,-0.008124350420532521,0.010832443512511765,0.01765117242331774,-0.00978750993107558,-0.012521107962721156,-0.008124350420532521,0.005244293150348904,-0.007103569349224873,0.004606207046649415,0.008231959718521562,-0.008124350420532521,0.006398848373305328,-0.019153671303569195,0.01681284906342135,-0.01690008104837027,
multiple_lines_yes,0.04010212769982599,0.14294817476276214,0.33194055560918634,0.4902673654755854,0.46857089420519865,-0.0046611089152531525,,0.46857600862973053,0.489054868656648,0.4688066567262959,-0.13116932376786375,-0.08820313233782161,0.08361817831666905,0.08221059829550169,0.08476581836042289,0.05245308708919167,0.000640138386885332,0.0004928375470157523,-0.006627574418030118,0.0006401698579169742,0.004192028993984386,-0.004817951277049786,-0.004368804311286311,-0.005030654787137744,-0.01364740326890927,-0.005089506528943241,-0.015092462411364391,0.005618338887254075,-0.00012582525718599514,0.003908780158955691,0.012114074545453385,-0.014541985937224697,-0.008116253860320327,0.010137826392605161,-0.016760681017248272,-0.010402277575402826,-0.006586052781470143,-0.01712040008069472,-0.01728120095189082,-0.01557193042064971,-0.015929047113063158,-0.005508057597858036,-0.019898168302572457,-0.01488712470564809,-0.0034923802371434375,-0.010189893131988526,-0.005741251257045851,-0.015929047113063158,0.001064734497395922,0.0011704517423231865,-0.006879198496729166,-0.006680021693065587,-0.015295583634206161,-0.007598844290908578,-0.024937782946086073,-0.007472451112941103,-0.005742204516970991,-0.02206979592659687,-0.011424764726559568,-0.014768920525629135,0.011424764726559563,-0.18013567470401848,-0.1737322179880516,0.21789054244581785,0.10717891749980972,0.00841365587151641,-0.008413655871516353,,-0.1420570793622859,0.14205707936228604,,0.02452580441410061,-0.02452580441410065,,-0.27968999474291106,0.2796899947429113,,-0.8228533739770175,-0.27968999474291106,1.0,,-0.1999202093533645,0.36608324961178795,-0.2105635237791302,,0.08476581836042289,-0.2105635237791302,0.09810813969726408,,-0.018908397931389993,-0.2105635237791302,0.2022370163204949,,-0.017717886378631562,-0.2105635237791302,0.20113653254495942,,0.08221059829550169,-0.2105635237791302,0.10057130998573897,,-0.07829964554662043,-0.2105635237791302,0.2571516351082469,,-0.0804501027578193,-0.2105635237791302,0.25875149199377784,,-0.08820313233782161,-0.0037935880457818346,0.10625270251960515,,-0.16353017421292776,0.16353017421292748,,0.07552652675123044,0.06004835777743568,0.08361817831666905,-0.22720630042805787,,-0.1572559189113552,0.07143028511768516,0.3951355054161587,-0.3092963470015002,,-0.23546103274004773,-0.044827854873702555,0.023766632146349265,0.2738254077084838,-0.08563403745626734,,-0.009302772121204162,-0.03220899192646189,0.013950974612307656,0.0021950608429433735,0.0139509746123077,-0.014396113662654133,0.020409931905378022,-0.003241119448583084,0.00043010148074563607,-0.01017886679105259,0.00043010148074565174,-0.004587879037785327,0.01395097461230768,0.01718066759181764,-0.012709997677980067,-0.008137439125182801,0.02040993190537809,-0.02494188605848113,0.01395097461230766,-0.008294579877756263,0.010430177643991316,-0.011733641725585687,0.002667472423860958,0.002667472423861006,-0.01017886679105259,0.0026674724238610016,-0.007762579362259832,0.0016374518684440654,0.009615672657080472,0.006018756287631294,0.002667472423860949,-0.010178866791052586,-0.010178866791052591,0.00033414934826362,-0.0056254890198521625,0.006018756287631189,-0.010178866791052588,-0.008694009148448109,0.0029289300516096247,0.009554212109939552,-0.008694009148448222,-0.010178866791052585,0.011424764726559558,-0.006098505211677591,-0.001560162870668708,-0.016286930493084967,-0.0032498337551533467,0.009310897079507982,0.014768920525629161,-0.01985957372608493,0.0059330690532015465,-0.005020679208630741,0.003276443021224446,0.014768920525629161,-0.006887496817119549,-0.0023540415177588044,-0.0016005621526079127,-0.0076170879962977394,0.014768920525629161,-0.01650476489027871,0.0025627517433023804,0.00812876455400732,0.011424764726559558,
multiple_lines_nan,,,,,,,,,,,,,,,,,,,,,,,,,,,,,,,,,,,,,,,,,,,,,,,,,,,,,,,,,,,,,,,,,,,,,,,,,,,,,,,,,,,,,,,,,,,,,,,,,,,,,,,,,,,,,,,,,,,,,,,,,,,,,,,,,,,,,,,,,,,,,,,,,,,,,,,,,,,,,,,,,,,,,,,,,,,,,,,,,,,,,,,,,,,,,,,,,,,,
internet_service_dsl,-0.12421382390260381,-0.10832221369858286,0.01327408764927388,-0.1600454625058219,-0.051808087247831466,0.009226597386132792,,-0.051803477815934806,-0.1593328165974777,-0.0518418056473514,-0.05815187714521341,-0.0655087607235972,-0.10441759819553886,0.029401784605644472,0.02306573206493737,-0.11293613860050682,-0.004854817885719524,0.002275865428246011,0.009100081964093199,-0.00444910275586216,-0.005409408770880009,0.009732143132132748,-0.008279737894932375,0.017259134450707578,0.012595882264034929,-0.016872674939420594,0.00887873036209829,-0.004787799209066212,0.015121723217783158,-0.010541944306814245,0.003333724915381036,0.013381127552448063,-0.0018317170456361807,0.02321579859473644,-0.016447284584830656,0.014057854961747643,0.010552624484755031,-0.015223159096050877,-0.014586781770630294,0.0248734693653627,0.017933707484532928,0.017165521387438352,0.018014245458121886,0.013891857455363173,0.016565838117108236,0.020078763126358645,0.026770133866392876,0.017933707484532928,-0.0036134946838034397,-0.007610752656614651,-0.0030714766449176593,-0.001988393755262077,0.01064264392449104,0.00982986403973217,0.02066777589025403,0.008478440521175159,0.002597204429126144,0.024420617719264584,0.004814035021281457,0.013260334306093075,-0.0048140350212814535,0.0031983962066248475,0.0033373048903870125,-0.061469621972115196,0.05513868260004535,-0.006567778691102147,0.006567778691102166,,0.0008509247739520957,-0.000850924773952061,,-0.0520103480646735,0.05201034806467343,,0.4524254899613099,-0.45242548996131016,,-0.07017933361589213,0.4524254899613099,-0.1999202093533645,,1.0,-0.6409871702805326,-0.38063454347538844,,0.023065732064937394,-0.38063454347538844,0.3212689079449039,,0.16478304367194765,-0.38063454347538844,0.1578843939740523,,0.17594183063698318,-0.38063454347538844,0.14629064131472233,,0.029401784605644472,-0.38063454347538844,0.3131179268609483,,0.30406241790051924,-0.38063454347538844,0.016273726794572944,,0.2951066172627952,-0.38063454347538844,0.025697831994172173,,-0.06550876072359718,0.04679527357238919,0.031714234510353136,,0.06312108493004107,-0.06312108493004101,,0.025475536146246085,0.05143757263283654,-0.10441759819553888,0.04189928198182478,,-0.041652637228910175,0.11186252881259882,-0.05476920017116863,-0.015419511344392763,,0.000669634836520513,-0.013565312774121685,-0.0006646993287220945,0.011782570284900597,-0.002331341584163072,,-0.011412202322387365,0.004466134492423924,-0.008624509676297321,0.007069121209888903,0.016465296870651118,0.023287099645276373,0.014380602698318402,0.0037003438242167457,-0.003853838908854852,-0.008624509676297321,-0.003853838908854896,-0.009549898647427424,-0.00862450967629734,0.0016563591067138411,-0.021125151988771924,0.01841490458998631,-0.019290469377564696,0.01985288381381547,0.016465296870651066,0.007842457875972519,-0.007497397957600825,-0.006655933698715763,-0.01219776465625575,0.005544667494510324,0.016465296870651087,0.005544667494510315,-0.010532942375339097,-0.025888238256361388,0.0031569120063574163,-0.0011988595180819558,0.005544667494510386,0.016465296870651073,0.016465296870651066,-0.010259200005211234,0.019992164954980372,-0.012164531707500138,-0.00862450967629732,-0.003853838908854913,0.005217330771287852,0.0056332591110909765,0.015120357131037158,0.01646529687065107,-0.00481403502128145,-0.016951814583589908,0.017898283093658603,0.010426966983099868,0.0079753022760886,0.00046119915854894283,-0.013260334306093106,0.01862657278498154,-0.0037260790085616316,-0.010929454146444214,0.010327753739530491,-0.013260334306093106,0.022298269582418786,-0.004582550244320191,-0.000922381073599328,-0.003384751448142228,-0.013260334306093106,-0.01001203766977408,-0.021012994129104946,0.0281632284201598,-0.00481403502128145,
internet_service_fiber_optic,0.30801974494482387,0.255337772955128,0.019720367686755873,0.7871850120668056,0.3614521606465236,-0.035028684228300196,,0.36144476608289344,0.783650393695666,0.3617929036860169,0.22958024784421327,0.2441641559739864,0.33640977802558625,0.40242972350687967,0.4115607549034035,0.4146527731741986,0.018526766643029147,0.020753996662962872,0.013843729288164798,0.014987985351248144,0.014190416251859735,-0.004597239413724925,0.014424024647308157,0.004553896798809154,-0.002356367888726274,0.008132659951742768,0.003241961040425528,0.016868843618652547,0.011373305881965862,0.00019310770841229153,0.005010694588801207,0.004539624528289144,0.0030088930571109123,-0.008003450578464962,0.009190699771747931,0.01027042403991862,0.0045742438677163115,0.009679159579150307,0.00984874621580837,-0.03760167192194175,-0.03662617227123173,-0.01281262204573305,-0.003574578420159466,-0.015100900173937854,-0.013874155440069764,-0.032017494524349044,-0.013497101222900074,-0.03662617227123173,0.005264452610688778,0.008672304540384663,-0.0076081482416769635,-0.007547210452804343,-0.023496296535830838,-0.023252489932517495,-0.004045882471680115,-0.005252068758811471,-0.015821875359256977,-0.02995030762997704,0.003312307880865326,-0.02209734877868924,-0.003312307880865318,-0.03112201791947361,-0.027863993810123704,0.3296212970574272,-0.21363150015824334,0.011286442720116504,-0.011286442720116504,,-0.00030366541646427897,0.00030366541646428136,,0.16581835875542209,-0.1658183587554222,,-0.28999893457308346,0.289998934573083,,-0.19019164164267593,-0.28999893457308346,0.36608324961178795,,-0.6409871702805326,1.0,-0.46579271044600346,,0.4115607549034035,-0.46579271044600346,-0.030695710962352876,,0.22804703338288404,-0.46579271044600346,0.1656508908339325,,0.21814804662159287,-0.46579271044600346,0.17604889095154402,,0.40242972350687967,-0.46579271044600346,-0.020492402500577454,,0.06470665733452481,-0.46579271044600346,0.32934852591155733,,0.07064998669449753,-0.46579271044600346,0.3229226980848268,,0.24416415597398633,-0.07632409089469198,-0.21152603536967918,,-0.3268532485196028,0.3268532485196031,,-0.02262401224386684,-0.05007665545044696,0.33640977802558625,-0.30683412957624884,,-0.14738850279560517,0.008807385959190799,0.3044683514319548,-0.1658855670037514,,-0.0217799150394721,-0.0009214693766922561,0.0063583507158218215,0.018287268998465975,-0.006583958068461625,,0.012187011543394329,-0.010604576959028925,0.013455042590825694,0.004859876286209483,-0.010554044048947565,-0.014926732105666533,-0.012866024571702028,-0.0047625939125982555,0.008378521376635709,0.013455042590825713,0.008378521376635672,-0.0020246114830697044,0.013455042590825658,0.015680417285072686,0.013848433989979285,-0.007221039826162182,0.019354697625227298,-0.025861205331464993,-0.010554044048947555,0.0029016166743205457,-0.0036845841820410305,-0.004388043982815881,0.0020514614053492026,0.0020514614053492807,-0.010554044048947558,-0.014926732105666519,0.011871450903718364,0.008357760980992723,0.008614456892917548,0.009279816004090226,-0.014926732105666541,-0.010554044048947565,-0.010554044048947565,0.023012889968333186,-0.01848734309293672,0.014526484071587135,0.013455042590825701,0.01745697153904256,-0.009790366982565973,0.008378521376635742,-0.009778378948178219,-0.01055404404894755,-0.0033123078808653217,0.00294497596737529,-0.012467938257380889,-0.009693026196498157,0.006639311502828791,-0.01998581529104934,0.02209734877868916,0.0012191996454158725,-0.013019487900157953,-0.013837202994434262,-0.002789212878321417,0.02209734877868916,-0.017413863452114108,0.0018993280944547334,0.0003593703889667479,-0.011789927389026317,0.02209734877868916,0.004344788332238159,0.01339583648274366,-0.01341858333528321,-0.0033123078808653217,
internet_service_no,-0.2278904497560931,-0.18274172290672458,-0.03906198211042814,-0.7638663663031591,-0.37573941940300615,0.03156447088559697,,-0.37573582474702605,-0.7604295472627041,-0.37611106424450963,-0.20955005941407356,-0.2186387661615456,-0.2849166458500232,-0.5187332164827482,-0.5224293380827277,-0.36936086205815194,-0.01672353500529692,-0.027627654673678722,-0.027169843801856663,-0.012927846640224568,-0.010859840475988784,-0.005681349677673645,-0.00783214435771545,-0.025384100673339266,-0.011682635304884049,0.009654136794301214,-0.014141926524018317,-0.014803378262647908,-0.031135765808294986,0.011920931815134105,-0.009880130674872999,-0.020896034365698205,-0.0015132860460341565,-0.017122656781030123,0.007889015357789943,-0.028580532349772036,-0.017676821943914102,0.00588926392352658,0.004951284648425014,0.016625392321529344,0.02345084002432969,-0.0043534605420030275,-0.016461683351174206,0.002177532848902978,-0.002383191554960097,0.01542543990535638,-0.014601771327607913,0.02345084002432969,-0.002176550191383837,-0.0016738852179177426,0.012707132657423084,0.011385053277434902,0.016038029970383363,0.016681334918338193,-0.018953067535996876,-0.003447061857833088,0.01606750902405883,0.007929317061819242,-0.009540577924781685,0.011334735851249264,0.009540577924781666,0.03380760880350679,0.029722283972428352,-0.32625187222050045,0.19380928415152276,-0.006025751154069744,0.0060257511540697355,,-0.0006151650863897049,0.0006151650863897117,,-0.1398118853116779,0.13981188531167787,,-0.17220876982805244,0.1722087698280525,,0.3100460405974048,-0.17220876982805244,-0.2105635237791302,,-0.38063454347538844,-0.46579271044600346,1.0,,-0.5224293380827276,1.0,-0.3334027048964526,,-0.4647198001961429,1.0,-0.3815932968077266,,-0.4656584942706531,1.0,-0.3807543379529562,,-0.5187332164827482,1.0,-0.33629828469845996,,-0.4285039212787433,1.0,-0.41555189388029795,,-0.4253393333341434,1.0,-0.4186750789702156,,-0.21863876616154565,0.03800394241916663,0.21827822340960557,,0.32101306523320816,-0.32101306523320816,,-0.002113399873882161,0.0010297293228974966,-0.2849166458500232,0.321360732317836,,0.22559014817608034,-0.13957482627082393,-0.30367305208337025,0.21763130305939535,,0.025467849142505387,0.016749321398149063,-0.006894052543636735,-0.03561588472369235,0.010619929906331566,,-0.0015256995896229721,0.007627198374358532,-0.006267260757547035,-0.014004887568506607,-0.0062672607575470305,-0.008863874542345693,-0.0010784492407798195,0.001471797784393511,-0.005651208898341692,-0.00626726075754704,-0.005651208898341629,0.013449072066495052,-0.006267260757547025,-0.02080092683282153,0.007670515808358556,-0.012530435923338218,-0.0010784492407798561,0.008268919420005745,-0.006267260757547037,-0.012537192317677418,0.013082678327016928,0.012960081606774752,0.011590997148919186,-0.008863874542345681,-0.00626726075754703,0.011590997148919239,-0.0021592006473143753,0.01977679182044045,-0.014018002908262581,-0.009797933591945281,0.011590997148919181,-0.006267260757547033,-0.00626726075754704,-0.015897699035010444,-0.0007754860803689589,-0.0034768887730325516,-0.006267260757547033,-0.016588681904942247,0.00578022188402318,-0.016588681904942316,-0.005651208898341669,-0.006267260757547032,0.009540577924781664,0.015995357581742937,-0.005613511661594947,-0.00034313018107851544,-0.01719342016912347,0.023546666984238383,-0.011334735851249209,-0.02294303757351965,0.019981246494316082,0.02927102527833622,-0.008546278272084777,-0.011334735851249209,-0.004727444379722738,0.0029948649667070584,0.0006304336752986627,0.01810639573719223,-0.011334735851249209,0.0063081804065838526,0.008086488728414743,-0.016302436575491654,0.009540577924781664,
internet_service_nan,,,,,,,,,,,,,,,,,,,,,,,,,,,,,,,,,,,,,,,,,,,,,,,,,,,,,,,,,,,,,,,,,,,,,,,,,,,,,,,,,,,,,,,,,,,,,,,,,,,,,,,,,,,,,,,,,,,,,,,,,,,,,,,,,,,,,,,,,,,,,,,,,,,,,,,,,,,,,,,,,,,,,,,,,,,,,,,,,,,,,,,,,,,,,,,,,,,,
online_security_no,0.3426367998511234,0.18553213243212024,-0.2637461471340643,0.3616216882535221,-0.0622132793487019,-0.032096647211635694,,-0.06222237799152577,0.35867737841073866,-0.0621331770933915,0.33229895865308395,0.40325527368952135,0.33636406349295933,0.470359313824754,1.0,0.47675479330867115,0.017692562046353586,0.023667487964589527,0.03061795644378158,0.0229964279719566,0.014858833708590287,0.02285376263491083,0.010121833546376684,0.029816886035420136,0.007798452245102048,0.004248742256781381,0.017273124737636886,0.017413887361873083,0.0311156404676585,-0.002223272593070703,0.01211269438557799,0.014726164858616771,0.013037734156272749,0.00806196101606076,0.0007058770489021084,0.028922900354157562,0.014143703018765804,0.0025650788240449054,0.00331118266029179,-0.00562693375054545,-0.006228617856390036,-0.000568428294942951,0.011662756724066872,0.008709440210566452,0.00048004532673008685,-0.004338210873335918,0.010477323306157284,-0.006228617856390036,0.00396000770093797,0.004902184606510934,0.013407886205196576,0.011762298378257085,0.0011297688718764725,-0.0025395466641334238,0.014230941815955817,0.0036678817413158295,0.006569535474917183,0.003710295455927364,0.01073448361942636,0.005311292164707514,-0.010734483619426378,0.12175846770418422,0.12610311880913702,0.1450720961964102,-0.38049551148056954,-0.01042908841920197,0.010429088419201999,,0.1299364400615426,-0.12993644006154242,,0.18843382069112602,-0.18843382069112613,,0.05787969996011471,-0.05787969996011485,,-0.11803967172971933,0.05787969996011471,0.08476581836042289,,0.023065732064937394,0.4115607549034035,-0.5224293380827276,,1.0,-0.5224293380827277,-0.6297165782520453,,0.37846754187005444,-0.5224293380827277,0.057714565735981944,,0.3718077741863532,-0.5224293380827277,0.06461530560084562,,0.47035931382475415,-0.5224293380827277,-0.04391070052521858,,0.2576991250070329,-0.5224293380827277,0.18303459893395604,,0.2653036710804411,-0.5224293380827277,0.17548650825380205,,0.40325527368952135,-0.12190399004147853,-0.3533000456734727,,-0.26779314581034935,0.2677931458103497,,-0.08432241177257094,-0.10550969525222308,0.33636406349295933,-0.19171501561255416,,-0.037133219680175904,0.0510772057270714,-0.06467614598160243,0.05074183090056601,,0.17312943637461134,0.036588393234425524,-0.001141049465652746,-0.21955781713815978,0.06419981726655208,,0.00025163991582216556,-0.007290061901776847,-0.01183733047541282,-0.011538911624509552,-0.011837330475412817,0.00011247284107829042,-0.005153020802183099,0.0035949354876901977,0.00471656010451287,-0.01183733047541282,0.022740831844113654,-0.004276274753666429,0.011996379798553034,0.0038595618406229238,0.005815893300493253,0.011966817943274428,0.01617055470297292,-0.019272191195790562,0.011996379798553038,0.012078477542533111,0.003388286208923929,0.00022504158737609922,0.0001124728410782924,0.00011247284107833249,0.011996379798553034,0.00011247284107832515,-0.0049804579523747205,-0.0037358336939027456,0.00550876695039491,0.008177461410070521,-0.016741702046463323,-0.011837330475412806,-0.01183733047541282,-0.009938062443825404,-0.007865160705698043,-0.0022392252803123775,-0.011837330475412806,0.022740831844113678,-0.0006724844504291629,0.022740831844113622,0.013728695974313249,0.011996379798553036,-0.010734483619426373,-0.009462195921123795,0.010659711134887095,-0.003311980030928752,0.014741163740802542,-0.004873599332280293,-0.0053112921647074885,0.014731695462706704,-0.00022172747231229118,-0.012313434522106216,0.0017159069119229743,-0.0053112921647074885,0.007348946231621574,-0.005206818339149229,0.002088826143944672,0.002000671046819741,-0.0053112921647074885,-0.000760226588234744,-0.0075007931146673385,0.011284391980164577,-0.010734483619426373,
online_security_no_internet_service,-0.2278904497560931,-0.18274172290672458,-0.03906198211042814,-0.7638663663031591,-0.37573941940300615,0.03156447088559697,,-0.37573582474702605,-0.7604295472627041,-0.37611106424450963,-0.20955005941407356,-0.2186387661615456,-0.2849166458500232,-0.5187332164827482,-0.5224293380827277,-0.36936086205815194,-0.01672353500529692,-0.027627654673678722,-0.027169843801856663,-0.012927846640224568,-0.010859840475988784,-0.005681349677673645,-0.00783214435771545,-0.025384100673339266,-0.011682635304884049,0.009654136794301214,-0.014141926524018317,-0.014803378262647908,-0.031135765808294986,0.011920931815134105,-0.009880130674872999,-0.020896034365698205,-0.0015132860460341565,-0.017122656781030123,0.007889015357789943,-0.028580532349772036,-0.017676821943914102,0.00588926392352658,0.004951284648425014,0.016625392321529344,0.02345084002432969,-0.0043534605420030275,-0.016461683351174206,0.002177532848902978,-0.002383191554960097,0.01542543990535638,-0.014601771327607913,0.02345084002432969,-0.002176550191383837,-0.0016738852179177426,0.012707132657423084,0.011385053277434902,0.016038029970383363,0.016681334918338193,-0.018953067535996876,-0.003447061857833088,0.01606750902405883,0.007929317061819242,-0.009540577924781685,0.011334735851249264,0.009540577924781666,0.03380760880350679,0.029722283972428352,-0.32625187222050045,0.19380928415152276,-0.006025751154069744,0.0060257511540697355,,-0.0006151650863897049,0.0006151650863897117,,-0.1398118853116779,0.13981188531167787,,-0.17220876982805244,0.1722087698280525,,0.3100460405974048,-0.17220876982805244,-0.2105635237791302,,-0.38063454347538844,-0.46579271044600346,1.0,,-0.5224293380827277,1.0,-0.3334027048964526,,-0.4647198001961429,1.0,-0.3815932968077266,,-0.4656584942706531,1.0,-0.3807543379529562,,-0.5187332164827482,1.0,-0.33629828469845996,,-0.4285039212787433,1.0,-0.41555189388029795,,-0.4253393333341434,1.0,-0.4186750789702156,,-0.21863876616154565,0.03800394241916663,0.21827822340960557,,0.32101306523320816,-0.32101306523320816,,-0.002113399873882161,0.0010297293228974966,-0.2849166458500232,0.321360732317836,,0.22559014817608034,-0.13957482627082393,-0.30367305208337025,0.21763130305939535,,0.025467849142505387,0.016749321398149063,-0.006894052543636735,-0.03561588472369235,0.010619929906331566,,-0.0015256995896229721,0.007627198374358532,-0.006267260757547035,-0.014004887568506607,-0.0062672607575470305,-0.008863874542345693,-0.0010784492407798195,0.001471797784393511,-0.005651208898341692,-0.00626726075754704,-0.005651208898341629,0.013449072066495052,-0.006267260757547025,-0.02080092683282153,0.007670515808358556,-0.012530435923338218,-0.0010784492407798561,0.008268919420005745,-0.006267260757547037,-0.012537192317677418,0.013082678327016928,0.012960081606774752,0.011590997148919186,-0.008863874542345681,-0.00626726075754703,0.011590997148919239,-0.0021592006473143753,0.01977679182044045,-0.014018002908262581,-0.009797933591945281,0.011590997148919181,-0.006267260757547033,-0.00626726075754704,-0.015897699035010444,-0.0007754860803689589,-0.0034768887730325516,-0.006267260757547033,-0.016588681904942247,0.00578022188402318,-0.016588681904942316,-0.005651208898341669,-0.006267260757547032,0.009540577924781664,0.015995357581742937,-0.005613511661594947,-0.00034313018107851544,-0.01719342016912347,0.023546666984238383,-0.011334735851249209,-0.02294303757351965,0.019981246494316082,0.02927102527833622,-0.008546278272084777,-0.011334735851249209,-0.004727444379722738,0.0029948649667070584,0.0006304336752986627,0.01810639573719223,-0.011334735851249209,0.0063081804065838526,0.008086488728414743,-0.016302436575491654,0.009540577924781664,
online_security_yes,-0.17122629194855238,-0.03865270449719497,0.32720277316824536,0.296076340527808,0.4110996118111844,0.006731875273786795,,0.41110639703365187,0.2962007043642983,0.41134962726921787,-0.17650482896051536,-0.24667886763136185,-0.11233777625407079,-0.047476707861271616,-0.6297165782520453,-0.19063165901740697,-0.0043263624773979105,-0.0009986003600094375,-0.009100598795437448,-0.013648692151246889,-0.006535237345479017,-0.02009277487746186,-0.004056025866794097,-0.009841757448825797,0.0020208021574948058,-0.013492972810326137,-0.006214543332107358,-0.005767573484813803,-0.006037772721906697,-0.008402201072284832,-0.0043914682287960125,0.0027547895610317364,-0.013036756793518806,0.006685506940594044,-0.007967647271506357,-0.005941239416367819,0.0004659793693888169,-0.008201462056167326,-0.008171872406157204,-0.008924814490239236,-0.01447778324359431,0.004594654938752942,0.002102048607835776,-0.011613568082424348,0.00164040339629632,-0.009256514676731536,0.001718297563243663,-0.01447778324359431,-0.0023955401893929295,-0.0038952219259830593,-0.026401343049733267,-0.023377405371897676,-0.015860381096737673,-0.012389407756587974,0.001532228490742454,-0.0009150631152445848,-0.021901817702827415,-0.011326255234769293,-0.003176968564254162,-0.01619888817956352,0.0031769685642541747,-0.16542450271734982,-0.16650636771573812,0.13682568070411338,0.24413467383089207,0.017020796813959464,-0.017020796813959457,,-0.14310622750264418,0.14310622750264407,,-0.08097166023248317,0.08097166023248324,,0.092892700112209,-0.09289270011220893,,-0.15195048416833792,0.092892700112209,0.09810813969726408,,0.3212689079449039,-0.030695710962352876,-0.3334027048964526,,-0.6297165782520453,-0.3334027048964526,1.0,,0.004916961154575818,-0.3334027048964526,0.28383223353272313,,0.013135642952554016,-0.3334027048964526,0.2754379787437874,,-0.04747670786127159,-0.3334027048964526,0.35493070789276365,,0.10545284137354148,-0.3334027048964526,0.176207307042395,,0.09416167701139454,-0.3334027048964526,0.18739833092624988,,-0.24667886763136182,0.10016245689105212,0.1917733991520225,,0.003635897148474211,-0.0036358971484742155,,0.0951580427350073,0.11572065517555391,-0.11233777625407078,-0.08079805377720035,,-0.1644638205573548,0.07068329142720257,0.348167634459756,-0.2543737221445127,,-0.21462595347915708,-0.055713887553503205,0.007542356372957218,0.2752055956318749,-0.08065887765820595,,0.001111737637297824,0.0011117376372978226,0.01879787015973223,0.025517178313357276,0.018797870159732246,0.0079509556594808,0.006680040868993401,-0.005315669463986949,-6.649560591335544e-05,0.018797870159732232,-0.01999537017815347,-0.007524452243277694,-0.007554319238156741,0.014683006844016666,-0.013418571646038161,-0.0018156523444772391,-0.016896770877596588,0.013775372629160275,-0.0075543192381567455,-0.0019329555555853925,-0.015665119948352468,-0.012055929033265926,-0.010684179352074332,0.007950955659480778,-0.0075543192381567386,-0.010684179352074332,0.00747384750763294,-0.013886784801114587,0.006680040868993392,-0.00011528852367964275,0.007950955659480775,0.01879787015973222,0.018797870159732246,0.025471589711520255,0.00940275878974055,0.005643414116573628,0.018797870159732215,-0.01003093289203342,-0.004522448135750958,-0.010030932892033457,-0.01003093289203346,-0.007554319238156741,0.0031769685642541795,-0.004110300185866295,-0.006671995723274064,0.003974557049452647,-0.0006350109671974122,-0.01606328678365051,0.01619888817956355,0.004613569212511292,-0.01795848801877232,-0.013052392702948121,0.005888746865012266,0.01619888817956355,-0.0038186259749072677,0.003028585147808799,-0.0028838979556082616,-0.01870766718238294,0.01619888817956355,-0.004906423885385507,0.000926306277349823,0.002375315065725274,0.0031769685642541795,
online_security_nan,,,,,,,,,,,,,,,,,,,,,,,,,,,,,,,,,,,,,,,,,,,,,,,,,,,,,,,,,,,,,,,,,,,,,,,,,,,,,,,,,,,,,,,,,,,,,,,,,,,,,,,,,,,,,,,,,,,,,,,,,,,,,,,,,,,,,,,,,,,,,,,,,,,,,,,,,,,,,,,,,,,,,,,,,,,,,,,,,,,,,,,,,,,,,,,,,,,,
online_backup_no,0.2680051809623607,0.08795164806618289,-0.31269380305204947,0.21129715376074742,-0.17583924743689403,-0.027701803773548042,,-0.17584966030941304,0.21041823102209498,-0.1760101887888826,0.33410282019994486,0.33879627049377525,0.2369469638712368,0.385340990355791,0.37846754187005444,0.350744698415842,-0.013442344643646456,-0.003161294404592723,0.004958011959072183,-0.0027378002442417274,-0.00813699846479434,0.015444522682238044,-0.010717231194153217,0.013480175855068563,0.01007418842068584,-0.0034658148299680975,0.014743291583389126,-0.005007380546870922,0.027778612382622404,-0.0017518557015140462,0.015394800772487685,0.012982103274765011,-0.003641134371461399,0.021194721970147726,-0.0035636771652580927,0.0037320153389145106,0.003916656336932638,-0.0032539414150673037,-0.003054069714080968,-0.007421400348955507,-0.013243484165710084,0.006329647210843363,0.014318797480029106,0.004148502538798153,0.007737187136761832,-0.00653040952211856,0.011638677293745634,-0.013243484165710084,0.0016343883980730568,0.000694934983819321,0.011025401439056464,0.010486335125708079,0.008003138915931119,-0.008834897048917606,0.015168060481002953,0.016409009116000704,0.003123788566171861,0.0026014847787198124,0.020567336455181315,0.004145152754565337,-0.020567336455181263,0.1421207632516397,0.14282529719262463,0.08914101122386761,-0.3313889076619694,-0.008190988066357539,0.00819098806635755,,0.13605809786457246,-0.13605809786457249,,0.13875648512127584,-0.13875648512127586,,0.09286669818149731,-0.09286669818149748,,-0.036276537396142346,0.09286669818149731,-0.018908397931389993,,0.16478304367194765,0.22804703338288404,-0.4647198001961429,,0.37846754187005444,-0.4647198001961429,0.004916961154575818,,1.0,-0.464719800196143,-0.6411215340096584,,0.36148772590564787,-0.464719800196143,0.0253464692556253,,0.385340990355791,-0.464719800196143,-0.0026421872822143476,,0.31668916399050795,-0.464719800196143,0.07477581218873368,,0.3072004853971061,-0.464719800196143,0.08465426824068718,,0.3387962704937752,-0.1117547979364769,-0.2879435336043483,,-0.14512045617343208,0.1451204561734322,,-0.08159008505664117,-0.08782179736769999,0.2369469638712368,-0.0999751663763158,,0.011821883424466688,0.06630937553689308,-0.17055760966731878,0.09243890573315511,,0.18724255199897594,0.06658771538748068,-0.016335516733686304,-0.2652697431061175,0.10191186172037227,,-0.018120573992463675,0.004677425762613491,0.013486106584875243,0.004997871902408093,-0.010529733788645848,0.019073589157605524,-0.0020653665601397296,0.0020009846383907647,-0.0006279211855759994,0.013486106584875188,-0.009708925107572368,-0.011322389730506087,0.013486106584875111,-0.005963218372199877,-0.01136364884577264,-0.016985286239106025,-0.0020653665601396754,-0.025801636446741067,0.013486106584875238,-0.009053476055787761,-0.0035798639619834273,-0.004312083003419025,-0.014892349764522245,0.019073589157605427,-0.010529733788645844,-0.014892349764522226,0.02275167987512924,-0.007577666485085221,-0.002065366560139696,0.01990390076071063,-0.014892349764522252,0.013486106584875215,0.013486106584875196,0.010605970035953179,0.031276515928873753,0.009407612860019227,-0.010529733788645839,0.017534086658416624,0.013358212119109172,-0.000627921185576062,0.00845308273642032,-0.010529733788645839,-0.020567336455181266,-0.017862763701124253,0.008046537289126948,0.004777528227980832,0.013674279412808549,-0.00022378952643533338,-0.004145152754565281,0.013248420249170388,-0.006727362253936933,-0.0022638728872680478,-0.0010557599968423327,-0.004145152754565281,0.016568744968815823,0.019912625695700258,-0.018361136159709877,-0.018939088232892413,-0.004145152754565281,0.0026478220803796953,-0.01659834265455378,0.01969380978662844,-0.020567336455181266,
online_backup_no_internet_service,-0.2278904497560931,-0.18274172290672458,-0.03906198211042814,-0.7638663663031591,-0.37573941940300615,0.03156447088559697,,-0.37573582474702605,-0.7604295472627041,-0.37611106424450963,-0.20955005941407356,-0.2186387661615456,-0.2849166458500232,-0.5187332164827482,-0.5224293380827277,-0.36936086205815194,-0.01672353500529692,-0.027627654673678722,-0.027169843801856663,-0.012927846640224568,-0.010859840475988784,-0.005681349677673645,-0.00783214435771545,-0.025384100673339266,-0.011682635304884049,0.009654136794301214,-0.014141926524018317,-0.014803378262647908,-0.031135765808294986,0.011920931815134105,-0.009880130674872999,-0.020896034365698205,-0.0015132860460341565,-0.017122656781030123,0.007889015357789943,-0.028580532349772036,-0.017676821943914102,0.00588926392352658,0.004951284648425014,0.016625392321529344,0.02345084002432969,-0.0043534605420030275,-0.016461683351174206,0.002177532848902978,-0.002383191554960097,0.01542543990535638,-0.014601771327607913,0.02345084002432969,-0.002176550191383837,-0.0016738852179177426,0.012707132657423084,0.011385053277434902,0.016038029970383363,0.016681334918338193,-0.018953067535996876,-0.003447061857833088,0.01606750902405883,0.007929317061819242,-0.009540577924781685,0.011334735851249264,0.009540577924781666,0.03380760880350679,0.029722283972428352,-0.32625187222050045,0.19380928415152276,-0.006025751154069744,0.0060257511540697355,,-0.0006151650863897049,0.0006151650863897117,,-0.1398118853116779,0.13981188531167787,,-0.17220876982805244,0.1722087698280525,,0.3100460405974048,-0.17220876982805244,-0.2105635237791302,,-0.38063454347538844,-0.46579271044600346,1.0,,-0.5224293380827277,1.0,-0.3334027048964526,,-0.464719800196143,1.0,-0.3815932968077266,,-0.4656584942706531,1.0,-0.3807543379529562,,-0.5187332164827482,1.0,-0.33629828469845996,,-0.4285039212787433,1.0,-0.41555189388029795,,-0.4253393333341434,1.0,-0.4186750789702156,,-0.21863876616154565,0.03800394241916663,0.21827822340960557,,0.32101306523320816,-0.32101306523320816,,-0.002113399873882161,0.0010297293228974966,-0.2849166458500232,0.321360732317836,,0.22559014817608034,-0.13957482627082393,-0.30367305208337025,0.21763130305939535,,0.025467849142505387,0.016749321398149063,-0.006894052543636735,-0.03561588472369235,0.010619929906331566,,-0.0015256995896229721,0.007627198374358532,-0.006267260757547035,-0.014004887568506607,-0.0062672607575470305,-0.008863874542345693,-0.0010784492407798195,0.001471797784393511,-0.005651208898341692,-0.00626726075754704,-0.005651208898341629,0.013449072066495052,-0.006267260757547025,-0.02080092683282153,0.007670515808358556,-0.012530435923338218,-0.0010784492407798561,0.008268919420005745,-0.006267260757547037,-0.012537192317677418,0.013082678327016928,0.012960081606774752,0.011590997148919186,-0.008863874542345681,-0.00626726075754703,0.011590997148919239,-0.0021592006473143753,0.01977679182044045,-0.014018002908262581,-0.009797933591945281,0.011590997148919181,-0.006267260757547033,-0.00626726075754704,-0.015897699035010444,-0.0007754860803689589,-0.0034768887730325516,-0.006267260757547033,-0.016588681904942247,0.00578022188402318,-0.016588681904942316,-0.005651208898341669,-0.006267260757547032,0.009540577924781664,0.015995357581742937,-0.005613511661594947,-0.00034313018107851544,-0.01719342016912347,0.023546666984238383,-0.011334735851249209,-0.02294303757351965,0.019981246494316082,0.02927102527833622,-0.008546278272084777,-0.011334735851249209,-0.004727444379722738,0.0029948649667070584,0.0006304336752986627,0.01810639573719223,-0.011334735851249209,0.0063081804065838526,0.008086488728414743,-0.016302436575491654,0.009540577924781664,
online_backup_yes,-0.08225486893814267,0.0665721351451349,0.3602769889846742,0.441480953125761,0.5092176872184804,0.0015605485633191668,,0.5092254416856149,0.4394197196176702,0.5097182431562501,-0.16715015190667343,-0.16417233309254134,-0.0004077158725883338,0.04733588235117589,0.057714565735981944,-0.046012240332776094,0.028527012865559108,0.02724537541551182,0.018372831469441395,0.014062748420073228,0.017906605625585055,-0.011198443772239256,0.017975964301267775,0.00792880559613838,-0.0003909431648934738,-0.004749415355045258,-0.0031335208247879357,0.018057516687827277,-0.0020122941814166417,-0.008503283865040559,-0.0075073934389609485,0.00455887065362085,0.005112571411978184,-0.007284732832633117,-0.0031173999093096123,0.020875315261710176,0.011232161282940521,-0.0017075192471549883,-0.0011032050190783202,-0.006662265703332032,-0.006500302708488952,-0.0028343167847515592,-0.0006798234365109449,-0.006217926104556965,-0.0060113104670692745,-0.0065523554658602715,0.0005059436043400135,-0.006500302708488952,0.00018030846029766216,0.0007253377066782466,-0.02252288799314707,-0.020814290350253676,-0.02225488290758621,-0.005235201280331774,0.0005929495332281428,-0.014141762472395129,-0.017186873852630367,-0.009588149060913296,-0.013201304294139739,-0.01415111251421236,0.01320130429413975,-0.17766156942916125,-0.17485622171246898,0.18971292623383532,0.17795985842467293,0.013773188729006094,-0.013773188729006102,,-0.14149801947228205,0.14149801947228202,,-0.023671013010513386,0.023671013010513414,,0.05231224294763571,-0.05231224294763574,,-0.2308523724215249,0.05231224294763571,0.2022370163204949,,0.1578843939740523,0.1656508908339325,-0.3815932968077266,,0.057714565735981944,-0.3815932968077266,0.28383223353272313,,-0.6411215340096584,-0.3815932968077266,1.0,,0.026235683743167582,-0.38159329680772647,0.30354620901132895,,0.04733588235117586,-0.38159329680772647,0.29423287840689427,,0.040798532040263985,-0.38159329680772647,0.2821064219717724,,0.047960978484236215,-0.38159329680772647,0.2745012019605022,,-0.16417233309254134,0.08372237279771927,0.11139959504621884,,-0.1267353730069733,0.1267353730069733,,0.08700369093869734,0.09078478545257054,-0.00040771587258832734,-0.17416391693980904,,-0.20786319390645322,0.05175113867176705,0.4412431937421226,-0.2851213399390144,,-0.21753605936678685,-0.08402787099796998,0.023027840466325493,0.30778417912481637,-0.11559035044257643,,0.020238432736250925,-0.011493375313930378,-0.008646233341512865,0.006920959390126823,0.016423927804751038,-0.012228488739793934,0.0030907462392410225,-0.0033644588824224505,0.005553473907852237,-0.008646233341512861,0.01503314349898248,0.0001629449691172603,-0.00864623334151286,0.024253480837490307,0.005214375561644149,0.028591272362116876,0.0030907462392410763,0.019767560817581863,-0.00864623334151285,0.020317103196162825,-0.007601926991074982,-0.006731306369583593,0.0055000510284993,-0.012228488739793921,0.016423927804751017,0.005500051028499286,-0.02187909153611005,-0.009230503865254827,0.014305648744637646,-0.012285689109211028,0.005500051028499325,-0.008646233341512863,-0.008646233341512865,0.0027071875094826377,-0.03197746277845644,-0.006807146093117895,0.016423927804750993,-0.003926195683277992,-0.018954455529405605,0.01503314349898236,-0.0039261956832779285,0.01642392780475103,0.013201304294139743,0.004783544960126956,-0.0035344752137351455,-0.0046898707642326586,0.000627196775567606,-0.020174630345041307,0.014151112514212305,0.006055030032575516,-0.010295341239958495,-0.023006371150293334,0.008509294731725627,0.014151112514212305,-0.013198784432766453,-0.023382504760520482,0.01862080325265093,0.004077453290316462,0.014151112514212305,-0.008231457507668445,0.010318348079790946,-0.006428825999096609,0.013201304294139743,
online_backup_nan,,,,,,,,,,,,,,,,,,,,,,,,,,,,,,,,,,,,,,,,,,,,,,,,,,,,,,,,,,,,,,,,,,,,,,,,,,,,,,,,,,,,,,,,,,,,,,,,,,,,,,,,,,,,,,,,,,,,,,,,,,,,,,,,,,,,,,,,,,,,,,,,,,,,,,,,,,,,,,,,,,,,,,,,,,,,,,,,,,,,,,,,,,,,,,,,,,,,
device_protection_no,0.252481360595685,0.09481048468668808,-0.3127402234192818,0.17234549031383453,-0.18766769949795786,-0.027774180951099584,,-0.1876780527168063,0.17040485534642003,-0.1871357217902731,0.3327367387340173,0.39745402965016463,0.23970498373588303,0.4198920913162262,0.3718077741863532,0.38752403852127437,0.017299735077006922,0.010531811004230887,0.025660954304929054,0.015686512878679806,0.010700515838808149,0.009354883144268925,0.02105602667365001,0.011377536793860213,-0.003152259532295626,0.0086166208656476,0.0025700096646983283,0.013374944740022206,0.020503900712256096,0.01392015575852711,-0.003370423228625717,0.01659730223851375,0.0018076333206035922,0.012601826883853265,-0.004609219871656257,0.027602758983643127,0.02758127222394802,-0.002736907540299751,-0.0015133448147922396,-0.007508592456768016,-0.0125070241247748,0.006440679420315066,0.005418696891741913,0.003714170902006041,0.016953598615704273,-0.0033083372335981835,0.002938346897323906,-0.0125070241247748,-0.010681577689468293,-0.015931957391390063,0.021259038345510156,0.023791479434230395,-0.0011315029733749596,-0.006851071849039661,0.01366299317470228,0.020173012557123,0.0011202960841110014,0.005069573859719649,0.008711882832408643,-0.0025334842535067433,-0.008711882832408629,0.15214613415110634,0.15081511243203763,0.07177218402663205,-0.3525082065519002,0.0029875414009697455,-0.0029875414009697056,,0.14769245022145286,-0.14769245022145283,,0.12941524522972364,-0.1294152452297237,,0.07477580293541503,-0.07477580293541505,,-0.026745679380694314,0.07477580293541503,-0.017717886378631562,,0.17594183063698318,0.21814804662159287,-0.4656584942706531,,0.3718077741863532,-0.4656584942706531,0.013135642952554016,,0.36148772590564787,-0.4656584942706531,0.026235683743167582,,1.0,-0.4656584942706531,-0.6410041479023166,,0.4198920913162262,-0.4656584942706531,-0.039849915013919594,,0.4207197491602455,-0.4656584942706531,-0.029154000956438164,,0.4295445476186706,-0.4656584942706531,-0.037315508234342105,,0.3974540296501645,-0.1296389551113826,-0.33919023519494845,,-0.16712125287119295,0.16712125287119314,,-0.07779080592046846,-0.1076182169847679,0.23970498373588295,-0.08742249237997893,,0.004056375270047682,0.05060053925000828,-0.16836869856583728,0.11372136475953816,,0.20932954829013398,0.060064336730937966,-0.03724054305431099,-0.24752689972083472,0.08120240909138109,,0.004600762641671482,-0.010594159414737639,0.013458920721210632,-0.009553445682070732,-0.010551002946339143,0.019035139810407425,-0.002118232921987872,0.0019143777826912017,0.00838783681426386,0.013458920721210632,-0.027927229841866994,-0.0020072683277680046,-0.010551002946339136,-0.027774180951099545,-0.01922972453977212,-0.0172127494461054,-0.002118232921987899,-0.006242769566764942,0.013458920721210644,0.014916057181666314,-0.009877003507142768,-0.0043785499237933906,0.00205635438934618,-0.014922431031715044,-0.01055100294633914,0.0020563543893461745,0.0172631706944292,0.00036042750608784125,0.008622382246882323,0.004048932995376223,-0.014922431031715058,-0.010551002946339148,0.01345892072121065,0.006276840031025193,-0.0019271861376577689,-0.0011979179864885388,-0.010551002946339146,0.008387836814263909,0.020303137225468216,-0.0006909298497687968,0.017466603478296688,0.013458920721210691,-0.00871188283240863,0.009656066929196424,0.002487490217373709,-0.013827034715508725,0.008513519404611468,-0.013882491311792464,0.0025334842535068014,0.008095729732117347,-0.006166704781059572,-0.021907072783372113,0.016118939222232783,0.0025334842535068014,0.00388281494745381,0.0005652238264732851,-0.005821734736240414,-0.002817770007671714,0.0025334842535068014,0.005158467694933273,-0.01124007499234303,0.00808339555773338,-0.00871188283240863,
device_protection_no_internet_service,-0.2278904497560931,-0.18274172290672458,-0.03906198211042814,-0.7638663663031591,-0.37573941940300615,0.03156447088559697,,-0.37573582474702605,-0.7604295472627041,-0.37611106424450963,-0.20955005941407356,-0.2186387661615456,-0.2849166458500232,-0.5187332164827482,-0.5224293380827277,-0.36936086205815194,-0.01672353500529692,-0.027627654673678722,-0.027169843801856663,-0.012927846640224568,-0.010859840475988784,-0.005681349677673645,-0.00783214435771545,-0.025384100673339266,-0.011682635304884049,0.009654136794301214,-0.014141926524018317,-0.014803378262647908,-0.031135765808294986,0.011920931815134105,-0.009880130674872999,-0.020896034365698205,-0.0015132860460341565,-0.017122656781030123,0.007889015357789943,-0.028580532349772036,-0.017676821943914102,0.00588926392352658,0.004951284648425014,0.016625392321529344,0.02345084002432969,-0.0043534605420030275,-0.016461683351174206,0.002177532848902978,-0.002383191554960097,0.01542543990535638,-0.014601771327607913,0.02345084002432969,-0.002176550191383837,-0.0016738852179177426,0.012707132657423084,0.011385053277434902,0.016038029970383363,0.016681334918338193,-0.018953067535996876,-0.003447061857833088,0.01606750902405883,0.007929317061819242,-0.009540577924781685,0.011334735851249264,0.009540577924781666,0.03380760880350679,0.029722283972428352,-0.32625187222050045,0.19380928415152276,-0.006025751154069744,0.0060257511540697355,,-0.0006151650863897049,0.0006151650863897117,,-0.1398118853116779,0.13981188531167787,,-0.17220876982805244,0.1722087698280525,,0.3100460405974048,-0.17220876982805244,-0.2105635237791302,,-0.38063454347538844,-0.46579271044600346,1.0,,-0.5224293380827277,1.0,-0.3334027048964526,,-0.464719800196143,1.0,-0.38159329680772647,,-0.4656584942706531,1.0,-0.3807543379529562,,-0.5187332164827482,1.0,-0.33629828469845996,,-0.4285039212787433,1.0,-0.41555189388029795,,-0.4253393333341434,1.0,-0.4186750789702156,,-0.21863876616154565,0.03800394241916663,0.21827822340960557,,0.32101306523320816,-0.32101306523320816,,-0.002113399873882161,0.0010297293228974966,-0.2849166458500232,0.321360732317836,,0.22559014817608034,-0.13957482627082393,-0.30367305208337025,0.21763130305939535,,0.025467849142505387,0.016749321398149063,-0.006894052543636735,-0.03561588472369235,0.010619929906331566,,-0.0015256995896229721,0.007627198374358532,-0.006267260757547035,-0.014004887568506607,-0.0062672607575470305,-0.008863874542345693,-0.0010784492407798195,0.001471797784393511,-0.005651208898341692,-0.00626726075754704,-0.005651208898341629,0.013449072066495052,-0.006267260757547025,-0.02080092683282153,0.007670515808358556,-0.012530435923338218,-0.0010784492407798561,0.008268919420005745,-0.006267260757547037,-0.012537192317677418,0.013082678327016928,0.012960081606774752,0.011590997148919186,-0.008863874542345681,-0.00626726075754703,0.011590997148919239,-0.0021592006473143753,0.01977679182044045,-0.014018002908262581,-0.009797933591945281,0.011590997148919181,-0.006267260757547033,-0.00626726075754704,-0.015897699035010444,-0.0007754860803689589,-0.0034768887730325516,-0.006267260757547033,-0.016588681904942247,0.00578022188402318,-0.016588681904942316,-0.005651208898341669,-0.006267260757547032,0.009540577924781664,0.015995357581742937,-0.005613511661594947,-0.00034313018107851544,-0.01719342016912347,0.023546666984238383,-0.011334735851249209,-0.02294303757351965,0.019981246494316082,0.02927102527833622,-0.008546278272084777,-0.011334735851249209,-0.004727444379722738,0.0029948649667070584,0.0006304336752986627,0.01810639573719223,-0.011334735851249209,0.0063081804065838526,0.008086488728414743,-0.016302436575491654,0.009540577924781664,
device_protection_yes,-0.06615979128028991,0.05942849428693292,0.360652866932472,0.4824286589518395,0.5219711339169513,0.0016443740084139673,,0.5219788340477864,0.4814755945407048,0.5217376151469507,-0.16592331446600936,-0.22566200253940158,-0.0033507734088713556,0.011167583362493332,0.06461530560084562,-0.08456382909881228,-0.003571572678348445,0.012957291860134751,-0.0032478171472699272,-0.005177992607102031,-0.001761854614092602,-0.004847188395142105,-0.015208003907408844,0.010127761215597681,0.013426164730488018,-0.017376398378904246,0.009580080175092065,-0.0011360306894211715,0.0055803317835829295,-0.02488393415968943,0.012090790308155557,0.0007812260153456177,-0.0005762625605849642,0.0016833103604503089,-0.0020261585465189006,-0.004053255549631774,-0.01348768754428463,-0.002248086846026053,-0.0027130379068834223,-0.006573815844330034,-0.007270855691918533,-0.0029539030433151318,0.008615506777842485,-0.0057694331081458924,-0.015647408455196455,-0.009921823360754563,0.009594041647149667,-0.007270855691918533,0.013048641739858098,0.018098660293533984,-0.03323401922809511,-0.03473344965112827,-0.012727645170986693,-0.00730936141024816,0.0021620566722739183,-0.01808858580267531,-0.015106058478921155,-0.01217423067990251,-0.0008281919556396187,-0.007183543714866224,0.0008281919556396125,-0.18829514477219073,-0.18336115724592378,0.20796821304560406,0.2002341148422867,0.0021045826513886616,-0.0021045826513887054,,-0.15378643563077987,0.15378643563077982,,-0.013962535653790183,0.013962535653790197,,0.0712268867174751,-0.07122688671747518,,-0.24095976982491532,0.0712268867174751,0.20113653254495942,,0.14629064131472233,0.17604889095154402,-0.3807543379529562,,0.06461530560084562,-0.3807543379529562,0.2754379787437874,,0.0253464692556253,-0.3807543379529562,0.30354620901132895,,-0.6410041479023166,-0.3807543379529562,1.0,,0.011167583362493344,-0.3807543379529562,0.3333125623154382,,-0.06795386778345003,-0.3807543379529562,0.39087402691958306,,-0.07991934327144774,-0.3807543379529562,0.40211053776617345,,-0.22566200253940158,0.1024951993167158,0.1650963913142376,,-0.10379680498154173,0.10379680498154202,,0.0831145461320671,0.11155436356101243,-0.0033507734088713674,-0.18737348746355073,,-0.19989469947678584,0.06818328336116196,0.43930232553569154,-0.30757799958687987,,-0.24081145061557688,-0.07728648481039221,0.044890940013056595,0.2895243424585253,-0.09405702848976633,,-0.003483963871042153,0.004454424205227785,-0.00862722400858445,0.022128706115190452,0.01646011649201852,-0.012201603574371675,0.0031486345247208115,-0.0032767862437631727,-0.0038628883689072195,-0.008627224008584455,0.0340817738099132,-0.009567155159721034,0.01646011649201851,0.047061339268256036,0.013439930480231963,0.02885290730034161,0.0031486345247208497,-0.000648799347368644,-0.008627224008584452,-0.004711781519377142,-0.0010264984732909256,-0.006665359433799606,-0.012201603574371675,0.023279772963324338,0.016460116492018517,-0.012201603574371707,-0.01616514147754567,-0.01752918495720321,0.0031486345247208627,0.004267209032313811,0.0055390846944763945,0.016460116492018555,-0.008627224008584457,0.0072297069768508995,0.002686252156460141,0.004267209032313873,0.016460116492018537,0.005623277175797815,-0.026227453170016676,0.0151094427205029,-0.013349053913612442,-0.008627224008584476,0.0008281919556396136,-0.023962284337684815,0.0022695341382657167,0.014745106283281429,0.0060164494888658325,-0.005916777603552468,0.007183543714866171,0.01143968019996285,-0.010886480672476684,-0.002496888337447152,-0.009429995955069237,0.007183543714866171,4.3102000285242636e-05,-0.0031880600296187948,0.005536197559885542,-0.012759620538348681,0.007183543714866171,-0.010861087588089725,0.004730977955897051,0.005693116806570819,0.0008281919556396136,
device_protection_nan,,,,,,,,,,,,,,,,,,,,,,,,,,,,,,,,,,,,,,,,,,,,,,,,,,,,,,,,,,,,,,,,,,,,,,,,,,,,,,,,,,,,,,,,,,,,,,,,,,,,,,,,,,,,,,,,,,,,,,,,,,,,,,,,,,,,,,,,,,,,,,,,,,,,,,,,,,,,,,,,,,,,,,,,,,,,,,,,,,,,,,,,,,,,,,,,,,,,
tech_support_no,0.3372807277351978,0.20562007664086282,-0.2621430446280375,0.3227616724228568,-0.0820383722766542,-0.031818168373130826,,-0.08204795704325991,0.320391505969184,-0.08171669607368444,0.33015218776673044,0.43910982854399083,0.339031317010925,1.0,0.47035931382475415,0.4855755564220352,0.004201797778917323,0.01332053985598511,0.013486824338854491,0.011719948397061064,0.01173228869545059,0.011230837337893278,-0.0008057528956619,0.01723317630367004,-0.017630174370638522,0.0016318319866085447,0.013594688919810199,0.012869501607319086,0.01626052123202249,0.0037711129948607178,-0.004474777414660949,0.004259899956301838,-0.0004994260693445302,0.009320638943988973,-0.008193697901487064,0.011854837852288531,-0.003566101389735879,-0.007272026419674031,-0.007187451457363271,-0.022952982530099555,-0.025173096714690296,-0.004703445398902358,-0.0019810058483863387,0.0061608731759039805,-0.0031282740864783842,-0.015390035258457677,0.0004984768369316698,-0.025173096714690296,0.002043028850301411,0.0051805961689132774,0.00880148035169219,0.005854700620250352,-0.022999129295226416,-0.020964687550830273,0.002706570826857415,0.0009177915264599475,-0.01090112837683085,-0.01820438076220568,-0.0003133596512469318,-0.017858324249536206,0.00031335965124692936,0.1192391601289368,0.11924089745246472,0.14541241486170736,-0.3821190484579154,-0.0033971478097875175,0.0033971478097875388,,0.10944322601175253,-0.1094432260117526,,0.17264450961769806,-0.17264450961769803,,0.0544467629391385,-0.05444676293913847,,-0.11348223452577703,0.0544467629391385,0.08221059829550169,,0.029401784605644472,0.40242972350687967,-0.5187332164827482,,0.47035931382475415,-0.5187332164827482,-0.04747670786127159,,0.385340990355791,-0.5187332164827482,0.04733588235117586,,0.4198920913162262,-0.5187332164827482,0.011167583362493344,,1.0,-0.5187332164827482,-0.6306917657939554,,0.34701599555381546,-0.5187332164827482,0.0899913922998938,,0.34599315917178225,-0.5187332164827482,0.09139547530347776,,0.4391098285439908,-0.11826170868058299,-0.398489798726209,,-0.23013613487111917,0.2301361348711192,,-0.0901766179872578,-0.10730963427620918,0.339031317010925,-0.18718484219620343,,-0.029101396433959932,0.05845866921803,-0.08222375282548143,0.05287754861468475,,0.16704889336075734,0.0516046240344809,-0.014268200877304267,-0.21655631925212582,0.06846490069039111,,0.008061628891644176,-0.01456511883040033,-0.011753582856994611,-0.015891224530381828,-0.011753582856994614,0.00023214164871724913,0.005698407220382799,-0.0027158904833376367,0.004940846555514309,0.012081857414186756,0.004940846555514343,-0.003844405371382818,-0.011753582856994611,0.01852417819181531,0.0066240871821346995,0.005325212521620708,-0.004964154430296327,-0.009332038744142103,0.012081857414186733,0.0003283445045399582,-0.014764693525672836,0.0004644812438504243,0.00023214164871724913,0.00023214164871720208,0.012081857414186796,-0.016623256618453108,0.006072007663181561,-0.011431803643305991,0.005698407220382828,0.013775045403025668,-0.01662325661845311,-0.011753582856994606,0.01208185741418675,0.00718306232429294,-0.0020212395907569553,0.003357602605483576,0.012081857414186761,0.02296642660756672,-0.006790933422274855,0.004940846555514294,0.013953636581540552,-0.011753582856994613,0.0003133596512469336,-0.003857436934972115,0.0029089653301331386,-0.008144800424696072,0.001542693325568052,-0.019565468511661067,0.017858324249536216,0.005366388672168765,0.00531437346245651,-0.017547557263161304,-0.019307281001331795,0.017858324249536216,-0.021291227446963032,-0.004735228359113282,0.009837311407979379,-0.003325527382111374,0.017858324249536216,0.0037640398228629144,-0.0102171567044742,0.004728412820355752,0.0003133596512469336,
tech_support_no_internet_service,-0.2278904497560931,-0.18274172290672458,-0.03906198211042814,-0.7638663663031591,-0.37573941940300615,0.03156447088559697,,-0.37573582474702605,-0.7604295472627041,-0.37611106424450963,-0.20955005941407356,-0.2186387661615456,-0.2849166458500232,-0.5187332164827482,-0.5224293380827277,-0.36936086205815194,-0.01672353500529692,-0.027627654673678722,-0.027169843801856663,-0.012927846640224568,-0.010859840475988784,-0.005681349677673645,-0.00783214435771545,-0.025384100673339266,-0.011682635304884049,0.009654136794301214,-0.014141926524018317,-0.014803378262647908,-0.031135765808294986,0.011920931815134105,-0.009880130674872999,-0.020896034365698205,-0.0015132860460341565,-0.017122656781030123,0.007889015357789943,-0.028580532349772036,-0.017676821943914102,0.00588926392352658,0.004951284648425014,0.016625392321529344,0.02345084002432969,-0.0043534605420030275,-0.016461683351174206,0.002177532848902978,-0.002383191554960097,0.01542543990535638,-0.014601771327607913,0.02345084002432969,-0.002176550191383837,-0.0016738852179177426,0.012707132657423084,0.011385053277434902,0.016038029970383363,0.016681334918338193,-0.018953067535996876,-0.003447061857833088,0.01606750902405883,0.007929317061819242,-0.009540577924781685,0.011334735851249264,0.009540577924781666,0.03380760880350679,0.029722283972428352,-0.32625187222050045,0.19380928415152276,-0.006025751154069744,0.0060257511540697355,,-0.0006151650863897049,0.0006151650863897117,,-0.1398118853116779,0.13981188531167787,,-0.17220876982805244,0.1722087698280525,,0.3100460405974048,-0.17220876982805244,-0.2105635237791302,,-0.38063454347538844,-0.46579271044600346,1.0,,-0.5224293380827277,1.0,-0.3334027048964526,,-0.464719800196143,1.0,-0.38159329680772647,,-0.4656584942706531,1.0,-0.3807543379529562,,-0.5187332164827482,1.0,-0.33629828469845996,,-0.4285039212787433,1.0,-0.41555189388029795,,-0.4253393333341434,1.0,-0.4186750789702156,,-0.21863876616154565,0.03800394241916663,0.21827822340960557,,0.32101306523320816,-0.32101306523320816,,-0.002113399873882161,0.0010297293228974966,-0.2849166458500232,0.321360732317836,,0.22559014817608034,-0.13957482627082393,-0.30367305208337025,0.21763130305939535,,0.025467849142505387,0.016749321398149063,-0.006894052543636735,-0.03561588472369235,0.010619929906331566,,-0.0015256995896229721,0.007627198374358532,-0.006267260757547035,-0.014004887568506607,-0.0062672607575470305,-0.008863874542345693,-0.0010784492407798195,0.001471797784393511,-0.005651208898341692,-0.00626726075754704,-0.005651208898341629,0.013449072066495052,-0.006267260757547025,-0.02080092683282153,0.007670515808358556,-0.012530435923338218,-0.0010784492407798561,0.008268919420005745,-0.006267260757547037,-0.012537192317677418,0.013082678327016928,0.012960081606774752,0.011590997148919186,-0.008863874542345681,-0.00626726075754703,0.011590997148919239,-0.0021592006473143753,0.01977679182044045,-0.014018002908262581,-0.009797933591945281,0.011590997148919181,-0.006267260757547033,-0.00626726075754704,-0.015897699035010444,-0.0007754860803689589,-0.0034768887730325516,-0.006267260757547033,-0.016588681904942247,0.00578022188402318,-0.016588681904942316,-0.005651208898341669,-0.006267260757547032,0.009540577924781664,0.015995357581742937,-0.005613511661594947,-0.00034313018107851544,-0.01719342016912347,0.023546666984238383,-0.011334735851249209,-0.02294303757351965,0.019981246494316082,0.02927102527833622,-0.008546278272084777,-0.011334735851249209,-0.004727444379722738,0.0029948649667070584,0.0006304336752986627,0.01810639573719223,-0.011334735851249209,0.0063081804065838526,0.008086488728414743,-0.016302436575491654,0.009540577924781664,
tech_support_yes,-0.16467355590159388,-0.06062459069356298,0.32422077199936444,0.33783019823798427,0.43143155898330277,0.006397964116838414,,0.4314388541871808,0.3373214244075695,0.4314145617885472,-0.1734688491343287,-0.28524131029556127,-0.11483871499569996,-0.6306917657939554,-0.04391070052521858,-0.1996138293142372,0.01055161361238139,0.010404626925313304,0.009805896991645177,-0.0011753916732531635,-0.0030661333906091834,-0.007214323123797168,0.007996887267022107,0.0040581649172433286,0.030024966415652155,-0.010560694582469544,-0.002138481884727253,-0.000739245463744316,0.010350433227497652,-0.014974811776716637,0.013897479799429546,0.01427502724048844,0.001923766819529136,0.005275237125191556,0.0018648416088203215,0.01288410782210293,0.01997365561614371,0.002664766560780923,0.003423015385007936,0.01019285184769484,0.0064428983721651545,0.009132759763353777,0.017124600035017735,-0.008763080712616922,0.005609197405530249,0.0029510899525831144,0.012705064896025936,0.0064428983721651545,-0.0002748251663372166,-0.0041872882299087005,-0.02122965814350761,-0.016783567269428746,0.01077683906754564,0.007951864536988462,0.014222449112983277,0.002117935928749534,-0.0025764805620942686,0.012855533961548921,0.009005252043507935,0.009383205154200583,-0.009005252043507926,-0.1620354568055492,-0.15832908355759617,0.13596268555570443,0.24500102698766757,0.009211760356587715,-0.009211760356587665,,-0.11999886976431626,0.11999886976431623,,-0.0632681413996535,0.06326814139965355,,0.09633961826825976,-0.09633961826825975,,-0.15642521492470918,0.09633961826825976,0.10057130998573897,,0.3131179268609483,-0.020492402500577454,-0.33629828469845996,,-0.04391070052521858,-0.33629828469845996,0.35493070789276365,,-0.0026421872822143476,-0.33629828469845996,0.29423287840689427,,-0.039849915013919594,-0.33629828469845996,0.3333125623154382,,-0.6306917657939554,-0.33629828469845996,1.0,,0.0067012500204422665,-0.33629828469845985,0.27807020363725454,,0.004955430498704227,-0.33629828469845985,0.27935847892842436,,-0.28524131029556127,0.09577473766009478,0.24082355652920368,,-0.03787990020728116,0.037879900207281256,,0.10125246802180804,0.11727230654467388,-0.11483871499570002,-0.08550850677032872,,-0.17271359321784865,0.06229816884305418,0.36622045930351693,-0.2557932393840121,,-0.20713022458415317,-0.07204862243699006,0.021974941502922916,0.2708766289953236,-0.08505736662435563,,-0.007495401264840407,0.009120938397819868,0.018636017615036544,0.030217354805383515,0.018636017615036474,0.007790104815400939,-0.005298166073050589,0.0016557266148908192,-0.00031293852046620146,-0.007619927986624242,-0.00031293852046622146,-0.007973039278686242,0.018636017615036467,-0.0015241282310681445,-0.014259365672748572,0.005508000652351726,0.006447186036642653,0.002773939327578813,-0.007619927986624229,0.011018436889981163,0.0043887906119359586,-0.012275635142549802,-0.010776970722625808,0.007790104815400993,-0.007619927986624253,0.007790104815400944,-0.004728697885934778,-0.005358865035357164,0.006447186036642689,-0.006280236109621919,0.007790104815400952,0.01863601761503652,-0.0076199279866242375,0.006517980683994062,0.002930413721168732,-0.0005425654752896113,-0.00761992798662424,-0.010240983563907183,0.002233796703210315,0.009615106522974693,-0.010240983563907168,0.018636017615036464,-0.00900525204350793,-0.010269971178596926,0.0018910635097157062,0.009283372929447403,0.013907271042803744,0.000178828659008442,-0.009383205154200608,0.01491425751165034,-0.023991213319667328,-0.00724005563967727,0.029025484194506186,-0.009383205154200608,0.027744511047395573,0.0024976275215368637,-0.011408547594930648,-0.012772105300062588,-0.009383205154200608,-0.009872274140845133,0.00391453564467516,0.009589285526380508,-0.00900525204350793,
tech_support_nan,,,,,,,,,,,,,,,,,,,,,,,,,,,,,,,,,,,,,,,,,,,,,,,,,,,,,,,,,,,,,,,,,,,,,,,,,,,,,,,,,,,,,,,,,,,,,,,,,,,,,,,,,,,,,,,,,,,,,,,,,,,,,,,,,,,,,,,,,,,,,,,,,,,,,,,,,,,,,,,,,,,,,,,,,,,,,,,,,,,,,,,,,,,,,,,,,,,,
streaming_tv_no,0.12891588111510918,0.049061697629501105,-0.24503868570619658,0.01729217227644744,-0.19554706060429008,-0.02488197018260694,,-0.19555681622338492,0.01753210948204891,-0.19551068541144415,0.24490473989211017,0.2954791429870414,0.09603303697421979,0.34701599555381546,0.2576991250070329,0.21720166683972011,0.009001336052034821,0.027195073862880555,0.022279657826545698,0.028486391035631563,0.022305714003986607,0.014722040859102305,0.0021653312467992576,0.0073061083757375534,0.0037999741129877257,-0.007880210283348602,0.007868752415481123,0.022659849753984877,0.03196017448702491,0.008928233864773701,0.00033459972042172774,0.026148281666295126,0.012064706748535008,0.010035100709197739,0.0024612362625106043,0.018375321308396458,0.011955840708607944,0.0036042311020223904,0.004153806508777267,-0.0034788771240452008,-0.007057256617190178,0.0014871720134232488,0.01031326465633598,0.011719039159436371,0.02340474858840119,-0.00617664537637289,0.013463508861520515,-0.007057256617190178,-0.024732839624288537,-0.021145929151936235,0.013134898139366332,0.009466106117021023,-0.01512235479020832,-0.015123578169824707,0.017121050811467253,0.022997351156045013,-0.012717833045580378,0.0028865667283670586,0.015596687580735546,-0.010667620189672855,-0.01559668758073555,0.1256203771053802,0.1253729401781635,0.002444826427807818,-0.22422712339089965,-0.0032674444881391307,0.0032674444881391576,,0.12435692810799089,-0.12435692810799089,,0.10117591361448428,-0.10117591361448433,,0.1224554789985335,-0.12245547899853344,,0.004912604988265078,0.1224554789985335,-0.07829964554662043,,0.30406241790051924,0.06470665733452481,-0.4285039212787433,,0.2576991250070329,-0.4285039212787433,0.10545284137354148,,0.31668916399050795,-0.4285039212787433,0.040798532040263985,,0.4207197491602455,-0.4285039212787433,-0.06795386778345003,,0.34701599555381546,-0.4285039212787433,0.0067012500204422665,,1.0,-0.4285039212787433,-0.643766712710495,,0.5377730397498398,-0.4285039212787433,-0.17732813454780402,,0.2954791429870414,-0.09317676318652253,-0.25520913958457336,,-0.04771151266520642,0.0477115126652063,,-0.04416763907677041,-0.04103136126367844,0.09603303697421979,-0.02426100724886448,,-0.0010711545174391663,0.0695148997099246,-0.17850946423395161,0.11007888100309306,,0.17724970952885477,0.03573767583927489,-0.022845619122832915,-0.19944530715888314,0.058660613325902465,,-0.007621623299135059,7.87199652184351e-05,0.014625912264336592,-0.0047507263871276245,-0.009709145632597607,0.0034769259062058548,0.010941704575815031,-0.014771421403803059,-0.007295518784635752,0.014625912264336563,-0.00729551878463573,0.007776663344133926,-0.009709145632597603,0.004488074816111022,-0.0075070013500490255,-0.0028065969938842503,5.564364525062983e-05,0.015962198291459524,0.014625912264336611,0.004917814275480708,-0.012482633975361855,-0.010259226692873833,0.0034769259062058565,0.0034769259062058877,0.014625912264336516,0.003476925906205884,-0.005337434011254947,-0.012911400990385702,5.5643645250640614e-05,0.003304906615963541,-0.013731780458803257,-0.009709145632597614,0.014625912264336577,-0.01768932415933382,0.02470455110890014,-0.00733089749472017,0.014625912264336604,0.011107897691076769,0.015621862239359638,0.0019061894532205333,0.001906189453220515,0.014625912264336554,-0.015596687580735558,-0.016904087879788587,0.008505764049906958,0.0008092207049018688,0.0057863956524606365,-0.01255324086887687,0.010667620189672917,0.0183220033499423,-0.004777323963098362,-0.017568210413485563,-0.0142669822992072,0.010667620189672917,-0.016837851936640672,0.014712579627161914,-0.003894022839032615,-0.006786384625094558,0.010667620189672917,0.007344231674551365,-0.01745356437341817,0.014027009784609858,-0.015596687580735558,
streaming_tv_no_internet_service,-0.2278904497560931,-0.18274172290672458,-0.03906198211042814,-0.7638663663031591,-0.37573941940300615,0.03156447088559697,,-0.37573582474702605,-0.7604295472627041,-0.37611106424450963,-0.20955005941407356,-0.2186387661615456,-0.2849166458500232,-0.5187332164827482,-0.5224293380827277,-0.36936086205815194,-0.01672353500529692,-0.027627654673678722,-0.027169843801856663,-0.012927846640224568,-0.010859840475988784,-0.005681349677673645,-0.00783214435771545,-0.025384100673339266,-0.011682635304884049,0.009654136794301214,-0.014141926524018317,-0.014803378262647908,-0.031135765808294986,0.011920931815134105,-0.009880130674872999,-0.020896034365698205,-0.0015132860460341565,-0.017122656781030123,0.007889015357789943,-0.028580532349772036,-0.017676821943914102,0.00588926392352658,0.004951284648425014,0.016625392321529344,0.02345084002432969,-0.0043534605420030275,-0.016461683351174206,0.002177532848902978,-0.002383191554960097,0.01542543990535638,-0.014601771327607913,0.02345084002432969,-0.002176550191383837,-0.0016738852179177426,0.012707132657423084,0.011385053277434902,0.016038029970383363,0.016681334918338193,-0.018953067535996876,-0.003447061857833088,0.01606750902405883,0.007929317061819242,-0.009540577924781685,0.011334735851249264,0.009540577924781666,0.03380760880350679,0.029722283972428352,-0.32625187222050045,0.19380928415152276,-0.006025751154069744,0.0060257511540697355,,-0.0006151650863897049,0.0006151650863897117,,-0.1398118853116779,0.13981188531167787,,-0.17220876982805244,0.1722087698280525,,0.3100460405974048,-0.17220876982805244,-0.2105635237791302,,-0.38063454347538844,-0.46579271044600346,1.0,,-0.5224293380827277,1.0,-0.3334027048964526,,-0.464719800196143,1.0,-0.38159329680772647,,-0.4656584942706531,1.0,-0.3807543379529562,,-0.5187332164827482,1.0,-0.33629828469845985,,-0.4285039212787433,1.0,-0.41555189388029795,,-0.4253393333341434,1.0,-0.4186750789702156,,-0.21863876616154565,0.03800394241916663,0.21827822340960557,,0.32101306523320816,-0.32101306523320816,,-0.002113399873882161,0.0010297293228974966,-0.2849166458500232,0.321360732317836,,0.22559014817608034,-0.13957482627082393,-0.30367305208337025,0.21763130305939535,,0.025467849142505387,0.016749321398149063,-0.006894052543636735,-0.03561588472369235,0.010619929906331566,,-0.0015256995896229721,0.007627198374358532,-0.006267260757547035,-0.014004887568506607,-0.0062672607575470305,-0.008863874542345693,-0.0010784492407798195,0.001471797784393511,-0.005651208898341692,-0.00626726075754704,-0.005651208898341629,0.013449072066495052,-0.006267260757547025,-0.02080092683282153,0.007670515808358556,-0.012530435923338218,-0.0010784492407798561,0.008268919420005745,-0.006267260757547037,-0.012537192317677418,0.013082678327016928,0.012960081606774752,0.011590997148919186,-0.008863874542345681,-0.00626726075754703,0.011590997148919239,-0.0021592006473143753,0.01977679182044045,-0.014018002908262581,-0.009797933591945281,0.011590997148919181,-0.006267260757547033,-0.00626726075754704,-0.015897699035010444,-0.0007754860803689589,-0.0034768887730325516,-0.006267260757547033,-0.016588681904942247,0.00578022188402318,-0.016588681904942316,-0.005651208898341669,-0.006267260757547032,0.009540577924781664,0.015995357581742937,-0.005613511661594947,-0.00034313018107851544,-0.01719342016912347,0.023546666984238383,-0.011334735851249209,-0.02294303757351965,0.019981246494316082,0.02927102527833622,-0.008546278272084777,-0.011334735851249209,-0.004727444379722738,0.0029948649667070584,0.0006304336752986627,0.01810639573719223,-0.011334735851249209,0.0063081804065838526,0.008086488728414743,-0.016302436575491654,0.009540577924781664,
streaming_tv_yes,0.06322774611875766,0.10537766784282401,0.27975608223591675,0.6295225684469751,0.5150714699525153,-0.0016844204231235382,,0.515078246304065,0.6263703353476953,0.515349603732435,-0.06906789335697269,-0.11228242714593177,0.14462638547453463,0.0899913922998938,0.18303459893395604,0.09416626797318438,0.005102013927552252,-0.0039782691839944625,0.0005822216197689034,-0.017727696415306436,-0.0132572002875267,-0.010008662619579743,0.0044533820747162615,0.014143320117885235,0.006068870635207824,-0.0002434395323762655,0.0040557517817807025,-0.010273856668566943,-0.0058040954289258675,-0.01908383412812989,0.008030801542894242,-0.00862560391375148,-0.010863592433538996,0.00439937304809863,-0.009158988759685282,0.005707346519109205,0.0029351464372560808,-0.008615990946495114,-0.008374844781400683,-0.01057820707575885,-0.012756524446393764,0.002189916183946597,0.003559564312141549,-0.013641429219973437,-0.021542572926345604,-0.006846177837683849,-0.0011868902738761348,-0.012756524446393764,0.02674124183545065,0.02270468033138528,-0.02398441608206891,-0.01917145198916522,0.0016404166380087509,0.0010968233592046545,-0.001183660460684356,-0.020231448759272932,-0.0008051173501797266,-0.00962128969416717,-0.007620706514991001,0.0011392463594172724,0.00762070651499101,-0.15509085578803794,-0.15138184342387934,0.2738465706799465,0.06158339377406498,0.008392549998357618,-0.00839254999835766,,-0.1246658005649177,0.12466580056491769,,0.016557742951037423,-0.01655774295103749,,0.022573591794937186,-0.02257359179493715,,-0.2675281328562985,0.022573591794937186,0.2571516351082469,,0.016273726794572944,0.32934852591155733,-0.41555189388029795,,0.18303459893395604,-0.41555189388029795,0.176207307042395,,0.07477581218873368,-0.41555189388029795,0.2821064219717724,,-0.029154000956438164,-0.41555189388029795,0.39087402691958306,,0.0899913922998938,-0.41555189388029795,0.27807020363725454,,-0.643766712710495,-0.41555189388029795,1.0,,-0.1811353332200424,-0.41555189388029806,0.5330938326943195,,-0.11228242714593177,0.06161243382926135,0.07204904102061022,,-0.2238409824601031,0.2238409824601031,,0.0462522516427455,0.040433080354261776,0.14462638547453463,-0.2477424236074211,,-0.18997745220410672,0.04822926986446839,0.4368860661307056,-0.2951287520538175,,-0.20000165348442436,-0.05016141943960764,0.028836752496627333,0.23093989484893807,-0.0680462518608866,,0.008964622688511522,-0.006538836512271019,-0.009415675458804028,0.01664338316241683,0.015081776427548698,0.00400682292265696,-0.010101366140056172,0.013623506724334104,0.012130299074157488,-0.009415675458804028,0.012130299074157426,-0.019218784291866065,0.015081776427548692,0.01309859894143585,0.0010608200388949297,0.01343754440080139,0.0008573402253805967,-0.02307179269342243,-0.009415675458804031,0.005667308277462915,0.0014860129118151014,-0.0006484026874051249,-0.013316721487578169,0.00400682292265699,-0.009415675458804021,-0.013316721487578155,0.0072017121858131555,-0.003751706141448233,0.011816046590817326,0.004971059069392066,0.004006822922656968,0.015081776427548661,-0.009415675458804028,0.031271374514338764,-0.02421263977014052,0.010324448828677783,-0.009415675458804016,0.002867185512486529,-0.020621469397697604,0.012130299074157412,0.0028671855124865085,-0.009415675458804014,0.007620706514991012,0.003470179582748531,-0.0038083560805198726,-0.0005240186285393587,0.00873636138526785,-0.007305021424657836,-0.0011392463594172974,0.000986539532493749,-0.012113219717365344,-0.007104632515448503,0.02160016356033034,-0.0011392463594172974,0.020953960293879536,-0.017347157439874333,0.003386084693021828,-0.00850291223816954,-0.0011392463594172974,-0.012735736279253722,0.01072146514734908,-0.0003138321112153301,0.007620706514991012,
streaming_tv_nan,,,,,,,,,,,,,,,,,,,,,,,,,,,,,,,,,,,,,,,,,,,,,,,,,,,,,,,,,,,,,,,,,,,,,,,,,,,,,,,,,,,,,,,,,,,,,,,,,,,,,,,,,,,,,,,,,,,,,,,,,,,,,,,,,,,,,,,,,,,,,,,,,,,,,,,,,,,,,,,,,,,,,,,,,,,,,,,,,,,,,,,,,,,,,,,,,,,,
streaming_movies_no,0.13084502938616735,0.03420956058873174,-0.25222023689545053,0.018414419529925667,-0.20187647099221726,-0.0025716579872203443,,-0.2018786755050345,0.016637607921745273,-0.2014192273457196,0.2560784638530117,0.30045652081397983,0.10257118616845849,0.34599315917178225,0.2653036710804411,0.22688773999936226,-0.0007148126912981649,0.018730738050508934,0.016307892722964748,0.013720228712894997,0.003977060867130027,0.019162298841421253,-0.009019118770751174,0.02202037530053225,-0.003947334814805212,-0.028934931070198382,0.020708877695241875,0.006494056700205352,0.03401022019030746,-0.007763526104553659,-0.007180176284908664,0.018360228983188558,-0.005409112546456774,0.005908098300542813,-0.003955041959266893,0.016412003081124112,0.019019440956188516,-0.0028166399521949714,-0.0019934165289773767,-0.016652121707688282,-0.01528175789868039,-0.007809905912519855,0.0011257410158806325,-0.0038251826954427775,0.011049468736917189,-0.011947491711555193,0.001631489977317316,-0.01528175789868039,-0.0177310153080339,-0.017276729671761137,0.00018576266799868684,-0.004398787938250861,-0.01285923195606762,-0.0029939185104735913,0.007036329386042096,0.017572560910871494,-0.010136176229581044,-0.0013007972539465613,0.0015507109248379183,-0.010559842965629302,-0.0015507109248379138,0.13194309555706352,0.13273652402880892,0.01752987043277234,-0.2340275030343306,-0.005374329036311338,0.005374329036311382,,0.1175291094422635,-0.11752910944226368,,0.07819808202669923,-0.07819808202669928,,0.11225408873034287,-0.11225408873034289,,0.013076056768090774,0.11225408873034287,-0.0804501027578193,,0.2951066172627952,0.07064998669449753,-0.4253393333341434,,0.2653036710804411,-0.4253393333341434,0.09416167701139454,,0.3072004853971061,-0.4253393333341434,0.047960978484236215,,0.4295445476186706,-0.4253393333341434,-0.07991934327144774,,0.34599315917178225,-0.4253393333341434,0.004955430498704227,,0.5377730397498398,-0.4253393333341434,-0.1811353332200424,,1.0,-0.4253393333341434,-0.6438150242418069,,0.3004565208139797,-0.09672577396413047,-0.2576249912275244,,-0.05948776908005889,0.05948776908005899,,-0.046705264061106144,-0.04927650496973426,0.10257118616845852,-0.02103404631089634,,-0.0009045431738406035,0.07112827090463895,-0.1839782734398553,0.11376801314662975,,0.18554184069566682,0.03961041519694175,-0.019647888058444078,-0.20788910854856832,0.05149589013104582,,-0.007359497437004231,0.008064677670515788,0.014734731228403825,-0.00920743501030797,-0.0096374416324811,0.0036045839827116184,0.011151894248255516,-0.007716369219988616,0.01135382598610674,-0.009637441632481111,0.01135382598610678,-0.001346131074348278,-0.009637441632481097,0.004782051799216077,-0.019619702132992346,-0.012146877406261051,0.00024923028511510294,0.006245096773461086,-0.009637441632481118,0.005098375704730591,0.00043198652149092903,-0.010030058982526645,0.0036045839827116184,-0.013630368488597307,0.01473473122840374,0.0036045839827116228,0.022327594446821305,-0.004542733135139014,0.011151894248255672,0.0037069593076254188,0.00360458398271164,-0.009637441632481097,0.014734731228403802,0.004043420342554822,0.008324250738408546,-0.006945066152842017,0.0147347312284038,0.01135382598610667,0.001275250123344468,0.011353825986106741,0.011353825986106772,0.014734731228403778,-0.0015507109248379147,-0.00897422122462148,0.002969745030165315,0.0019010942374118086,-0.0023145189151265173,-0.008261920112160337,0.010559842965629312,0.008090867202265178,-0.008218699494734097,-0.015467553976937484,0.0006437169002404211,0.010559842965629312,-0.001150630737654684,0.008498901362396458,-0.017574815038811278,-0.004141460819703158,0.010559842965629312,0.0010888176745801875,-0.013788538403503095,0.010840008342607746,-0.0015507109248379147,
streaming_movies_no_internet_service,-0.2278904497560931,-0.18274172290672458,-0.03906198211042814,-0.7638663663031591,-0.37573941940300615,0.03156447088559697,,-0.37573582474702605,-0.7604295472627041,-0.37611106424450963,-0.20955005941407356,-0.2186387661615456,-0.2849166458500232,-0.5187332164827482,-0.5224293380827277,-0.36936086205815194,-0.01672353500529692,-0.027627654673678722,-0.027169843801856663,-0.012927846640224568,-0.010859840475988784,-0.005681349677673645,-0.00783214435771545,-0.025384100673339266,-0.011682635304884049,0.009654136794301214,-0.014141926524018317,-0.014803378262647908,-0.031135765808294986,0.011920931815134105,-0.009880130674872999,-0.020896034365698205,-0.0015132860460341565,-0.017122656781030123,0.007889015357789943,-0.028580532349772036,-0.017676821943914102,0.00588926392352658,0.004951284648425014,0.016625392321529344,0.02345084002432969,-0.0043534605420030275,-0.016461683351174206,0.002177532848902978,-0.002383191554960097,0.01542543990535638,-0.014601771327607913,0.02345084002432969,-0.002176550191383837,-0.0016738852179177426,0.012707132657423084,0.011385053277434902,0.016038029970383363,0.016681334918338193,-0.018953067535996876,-0.003447061857833088,0.01606750902405883,0.007929317061819242,-0.009540577924781685,0.011334735851249264,0.009540577924781666,0.03380760880350679,0.029722283972428352,-0.32625187222050045,0.19380928415152276,-0.006025751154069744,0.0060257511540697355,,-0.0006151650863897049,0.0006151650863897117,,-0.1398118853116779,0.13981188531167787,,-0.17220876982805244,0.1722087698280525,,0.3100460405974048,-0.17220876982805244,-0.2105635237791302,,-0.38063454347538844,-0.46579271044600346,1.0,,-0.5224293380827277,1.0,-0.3334027048964526,,-0.464719800196143,1.0,-0.38159329680772647,,-0.4656584942706531,1.0,-0.3807543379529562,,-0.5187332164827482,1.0,-0.33629828469845985,,-0.4285039212787433,1.0,-0.41555189388029806,,-0.4253393333341434,1.0,-0.4186750789702156,,-0.21863876616154565,0.03800394241916663,0.21827822340960557,,0.32101306523320816,-0.32101306523320816,,-0.002113399873882161,0.0010297293228974966,-0.2849166458500232,0.321360732317836,,0.22559014817608034,-0.13957482627082393,-0.30367305208337025,0.21763130305939535,,0.025467849142505387,0.016749321398149063,-0.006894052543636735,-0.03561588472369235,0.010619929906331566,,-0.0015256995896229721,0.007627198374358532,-0.006267260757547035,-0.014004887568506607,-0.0062672607575470305,-0.008863874542345693,-0.0010784492407798195,0.001471797784393511,-0.005651208898341692,-0.00626726075754704,-0.005651208898341629,0.013449072066495052,-0.006267260757547025,-0.02080092683282153,0.007670515808358556,-0.012530435923338218,-0.0010784492407798561,0.008268919420005745,-0.006267260757547037,-0.012537192317677418,0.013082678327016928,0.012960081606774752,0.011590997148919186,-0.008863874542345681,-0.00626726075754703,0.011590997148919239,-0.0021592006473143753,0.01977679182044045,-0.014018002908262581,-0.009797933591945281,0.011590997148919181,-0.006267260757547033,-0.00626726075754704,-0.015897699035010444,-0.0007754860803689589,-0.0034768887730325516,-0.006267260757547033,-0.016588681904942247,0.00578022188402318,-0.016588681904942316,-0.005651208898341669,-0.006267260757547032,0.009540577924781664,0.015995357581742937,-0.005613511661594947,-0.00034313018107851544,-0.01719342016912347,0.023546666984238383,-0.011334735851249209,-0.02294303757351965,0.019981246494316082,0.02927102527833622,-0.008546278272084777,-0.011334735851249209,-0.004727444379722738,0.0029948649667070584,0.0006304336752986627,0.01810639573719223,-0.011334735851249209,0.0063081804065838526,0.008086488728414743,-0.016302436575491654,0.009540577924781664,
streaming_movies_yes,0.06138154801518716,0.1201762511889655,0.2861105877784614,0.6273503400178475,0.5202457184471395,-0.024106414041821695,,0.5202448913341114,0.6262275065277112,0.5201011229546371,-0.07978743695527843,-0.1166333568185795,0.13796637540690185,0.09139547530347776,0.17548650825380205,0.08461895481017236,0.014856548965862172,0.004563476927225375,0.006607560524839741,-0.0028371203776728316,0.00519100176254527,-0.014424556769292782,0.01567189461722828,-0.000634298920512684,0.013838209858921379,0.02087180469294868,-0.008823253137767405,0.005999530606229732,-0.007802367214993527,-0.002288681170067539,0.015558164624890472,-0.0007561427445932403,0.006707094639380413,0.008548383290570229,-0.0027013457035154173,0.007695791447691085,-0.004139369306618706,-0.002152915259859231,-0.0021859248899450123,0.0026528903419746814,-0.00449289779667529,0.011517406068229541,0.01278829813363681,0.0019972503542104282,-0.009072420062332132,-0.0010533389692790483,0.010708311479940986,-0.00449289779667529,0.01963200420531411,0.018751172104055153,-0.010929928478978947,-0.005211882045438603,-0.0006564015379249788,-0.011099426480290133,0.008963846659276933,-0.014718398287195036,-0.003413714703937076,-0.0053987622388542555,0.0065102684273767525,0.0010128329892261537,-0.006510268427376761,-0.16097874977283178,-0.15832086873799261,0.25824697427678434,0.07096928285771305,0.010487356300500277,-0.010487356300500307,,-0.11741185447194569,0.11741185447194566,,0.03974096205892368,-0.03974096205892357,,0.03295889236478109,-0.03295889236478114,,-0.27525622600610195,0.03295889236478109,0.25875149199377784,,0.025697831994172173,0.3229226980848268,-0.4186750789702156,,0.17548650825380205,-0.4186750789702156,0.18739833092624988,,0.08465426824068718,-0.4186750789702156,0.2745012019605022,,-0.037315508234342105,-0.4186750789702156,0.40211053776617345,,0.09139547530347776,-0.4186750789702156,0.27935847892842436,,-0.17732813454780402,-0.4186750789702156,0.5330938326943195,,-0.6438150242418069,-0.4186750789702156,1.0,,-0.1166333568185795,0.06492603542901985,0.0739598441369849,,-0.2117159917651314,0.21171599176513134,,0.048652175050381635,0.04857480053298368,0.13796637540690185,-0.25059546380831715,,-0.18982258498382482,0.04663457924550129,0.44135605229159,-0.29815921675497814,,-0.20771017725805205,-0.05390727414095469,0.025543965062435454,0.23871392730375485,-0.06065125755106321,,0.0086746600982029,-0.014540905856822899,-0.009486441343011312,0.021079739937732104,0.014969271094334432,0.0038772213996558047,-0.010278320180591603,0.00649845402252525,-0.006614802301457981,0.014969271094334456,-0.00661480230145797,-0.010020073164602685,0.014969271094334402,0.012788165056911513,0.013201742957857657,0.0227826496786977,0.0006617144320586706,-0.013257645439922494,0.014969271094334458,0.00548399800938921,-0.011494509777671191,-0.0008929517804522789,-0.01341680666733333,0.021171249466644882,-0.00948644134301132,-0.013416806667333333,-0.020578581492801108,-0.012162426207464053,0.0006617144320586462,0.004564216249479783,-0.013416806667333333,0.014969271094334468,-0.00948644134301131,0.009383784852798227,-0.007697131433580835,0.009908484752403558,-0.009486441343011307,0.0026325285062372625,-0.006166638925062538,0.002632528506237319,-0.006614802301458001,-0.009486441343011317,-0.006510268427376761,-0.004518650450001058,0.0017661444814803626,-0.0016175034719988106,0.016859013347471787,-0.011617816259311155,-0.0010128329892261899,0.011279103515337549,-0.008646720646690878,-0.009227270470858962,0.006579718475191843,-0.0010128329892261899,0.005151498134705688,-0.011060108192670018,0.017102041339032117,-0.011152800277204248,-0.0010128329892261899,-0.006425941772036371,0.006998898373959984,0.002906094836889127,-0.006510268427376761,
streaming_movies_nan,,,,,,,,,,,,,,,,,,,,,,,,,,,,,,,,,,,,,,,,,,,,,,,,,,,,,,,,,,,,,,,,,,,,,,,,,,,,,,,,,,,,,,,,,,,,,,,,,,,,,,,,,,,,,,,,,,,,,,,,,,,,,,,,,,,,,,,,,,,,,,,,,,,,,,,,,,,,,,,,,,,,,,,,,,,,,,,,,,,,,,,,,,,,,,,,,,,,
contract_month_to_month,0.4051029106879898,0.13836046440264274,-0.6455614232660719,0.06066846063148661,-0.4443259389064117,-0.043742155336211036,,-0.4443475149848788,0.059866423100294844,-0.44424884157239464,0.44080485112401696,1.0,0.33166148481728036,0.4391098285439908,0.40325527368952135,0.7412217155125989,0.018299730921770944,0.00709492165916559,0.013500585128448803,0.012176458986420403,0.008417089247318372,0.012001474526270227,0.021182366742618364,0.011666450216158553,-0.0018223268209338994,0.0111923497104815,0.009699980824718304,0.009561012578781272,0.021214955922876855,0.00412142553377594,-0.0019675318395579802,0.01611603096207089,0.015092262585061562,0.008239091759534344,0.003818040892952985,0.01330416342297244,0.018304856705478247,0.004605844570998294,0.005304321342280989,-0.03327616842018048,-0.027599475489094895,-0.018342505653742472,-0.010557177553065901,-0.02019418845516876,-0.014475364750892087,-0.018540594533742266,-0.009116586296983056,-0.027599475489094895,0.010220324131087383,0.01570128531860315,0.008186841684153437,0.0021519952155051544,-0.0145355247886041,-0.013959436427785042,0.004026258887036301,-0.0020660586531703867,-0.003528552515045046,-0.018365896797017545,0.015343483292094137,-0.014585662159047393,-0.015343483292094137,0.29315601444798084,0.2918125169302472,0.022310199057245433,-0.6807491249953298,0.0033859456136271756,-0.003385945613627135,,0.2808652261083157,-0.28086522610831577,,0.2317201661297157,-0.23172016612971608,,0.0007424302790415981,-0.0007424302790416018,,0.0867401059672911,0.0007424302790415981,-0.08820313233782161,,-0.06550876072359718,0.24416415597398633,-0.21863876616154565,,0.40325527368952135,-0.21863876616154565,-0.24667886763136182,,0.3387962704937752,-0.21863876616154565,-0.16417233309254134,,0.3974540296501645,-0.21863876616154565,-0.22566200253940158,,0.4391098285439908,-0.21863876616154565,-0.28524131029556127,,0.2954791429870414,-0.21863876616154565,-0.11228242714593177,,0.3004565208139797,-0.21863876616154565,-0.1166333568185795,,1.0,-0.5687442811986984,-0.6226334072448405,,-0.16909644687222147,0.16909644687222178,,-0.17970688735759913,-0.20414496075693475,0.3316614848172802,0.004138055475923903,,0.03632453858187842,-0.024613658612954083,-0.3769302673872796,0.3652147270645115,,0.41894599183625786,0.1405646532476527,-0.05115876044270031,-0.5454208600008507,0.1836429579192989,,0.01135520226336122,-0.0038044393897241485,-0.013179388389395932,0.0011767581407415373,-0.01317938838939593,-0.0017004301780756,-0.008047027652480094,0.0056353877079021964,0.0013464998407979236,0.010774787720672639,0.0013464998407979295,-0.0014353024457790054,0.010774787720672632,-0.014831797561859218,0.019014418429564334,-0.005420256448915352,-0.01876270467203326,-0.0029460684144213905,0.010774787720672682,-0.0024051130308162666,0.0046255235660004595,-0.011875602915043337,-0.0017004301780756024,-0.0017004301780756416,0.010774787720672627,-0.018639793324025593,0.0214336670976723,0.008374945544120029,-0.008047027652480079,0.0075691984338180016,-0.0017004301780755582,-0.013179388389395924,0.010774787720672639,0.003526048070005875,-0.013501169150490475,0.002334529878301691,0.010774787720672677,0.010404186926508217,0.003153451871544655,-0.0077111872449126245,0.01040418692650835,0.01077478772067261,-0.015343483292094137,0.0011617647298709695,0.00037705608961182227,-0.016241234857163552,0.0053297227233902525,-0.012621582199224367,0.014585662159047389,0.002230452003458007,-0.010943675307159924,-0.012938302611110796,0.003006152794532096,0.014585662159047389,-0.01704952939834863,-0.00014741080993835128,0.0029790110081582286,-0.0019546316078361435,0.014585662159047389,0.015687514474577124,-0.00997969245042401,0.00027451004773559206,-0.015343483292094137,
contract_one_year,-0.1778200183499075,-0.04626244292701935,0.20257047544941803,0.00487885577327134,0.17173576879493874,-0.011498223048134814,,0.17173658609719059,0.005401404345632773,0.1711672702708442,-0.2334847892328611,-0.5687442811986984,-0.10912981441493737,-0.11826170868058299,-0.12190399004147853,-0.3611350822608643,-0.0007492791144441233,0.00514952037916911,-0.0019730230415957156,0.003401888769260128,0.0051365746196815965,-0.007759465296549844,-0.005765161293382304,0.005565801211037121,-0.006464517271468566,0.006002481195815513,-0.012062678088351247,0.004808996969226143,-0.0005936762478070219,-0.008296577658815196,-0.0004263068036373938,-0.006988779846046469,0.0011217060872670975,-0.011947344993551384,-0.0006822502277703506,-0.0010668917901044117,-0.005079131941534245,-0.000737681515248295,-0.000908825889421505,0.02299339374317025,0.015666559538847956,0.01656153945307842,0.015054247143995106,0.02388289238996627,0.023993653089624027,0.014357624957803575,0.009947920988380817,0.015666559538847956,-0.010969685175713022,-0.015860621834240377,0.004686571685538597,0.00817526166606087,0.008523866486226548,0.006300595742813953,-0.0009409078267370096,0.013768147540656354,0.001242165148304723,0.014759335408097091,-0.01539407460418023,0.010321185488551394,0.015394074604180236,-0.15397015954254883,-0.15168589498257665,-0.005779848817949303,0.28415312153206373,-0.008025643075007421,0.008025643075007416,,-0.08278330748148327,0.08278330748148327,,-0.06836848043821993,0.06836848043821994,,0.0027906430986324613,-0.0027906430986324457,,0.0020978506739200257,0.0027906430986324613,-0.0037935880457818346,,0.04679527357238919,-0.07632409089469198,0.03800394241916663,,-0.12190399004147853,0.03800394241916663,0.10016245689105212,,-0.1117547979364769,0.03800394241916663,0.08372237279771927,,-0.1296389551113826,0.03800394241916663,0.1024951993167158,,-0.11826170868058299,0.03800394241916663,0.09577473766009478,,-0.09317676318652253,0.03800394241916663,0.06161243382926135,,-0.09672577396413047,0.03800394241916663,0.06492603542901985,,-0.5687442811986984,1.0,-0.2895095723414509,,0.05139115917344727,-0.051391159173447346,,0.057450662129905475,0.0675894142068618,-0.10912981441493737,-0.00011622106193564567,,-0.024430099354739308,0.06443415413429282,0.1408435824630125,-0.18083543727007548,,-0.23194838342889096,-0.016998747507218852,0.15403380263538227,0.12424912612675977,-0.07263826341031153,,-0.010119466134786963,-0.010119466134786972,-0.0061280988972625015,0.004528288077965795,-0.00612809889726249,-0.008667055977048855,-0.013706739114133821,-0.005846953200409946,-0.005140923501154071,-0.006128098897262501,0.017017904050025977,0.0032367100974145164,-0.006128098897262488,0.015024261098594434,-0.021207682044423835,0.00473937531141112,-0.0005992627284115418,-0.0030497629296515096,-0.006128098897262497,-0.012258809293072586,-0.016184665676716562,0.003387656003902008,-0.008667055977048857,-0.008667055977048838,-0.006128098897262489,-0.008667055977048836,-0.007760538028867193,-0.01839474825413939,0.012508213657310733,-0.0089132127252206,0.01205326827493857,-0.006128098897262496,-0.0061280988972625015,-0.004609960060686686,0.013638178905158166,0.010296015311416091,-0.006128098897262498,0.005938490274435907,0.00018544807987851196,0.02809731782561594,-0.005140923501154081,-0.00612809889726249,0.015394074604180234,-0.005159155424575836,-0.004282827094151541,0.013040619395439816,0.004485748310482595,0.008855836580581864,-0.01032118548855138,0.005135858986695933,0.00882738611298376,0.011217361618088912,-0.014060970805210286,-0.01032118548855138,0.005263490849364544,0.00559201942390904,0.0037907275461264993,-0.003028596512067836,-0.01032118548855138,-0.010321328135492584,0.002046906908076446,0.001255503299660289,0.015394074604180234,
contract_two_year,-0.30225346934964975,-0.11700001812504615,0.5585326708193905,-0.07524258799605835,0.35368638648890827,0.061842588096872715,,0.3537107174127372,-0.0748063780429085,0.354137518060774,-0.290842805988616,-0.6226334072448405,-0.2821379770975396,-0.398489798726209,-0.3533000456734727,-0.5190010585178779,-0.020582893030213375,-0.01315557821701944,-0.013833808425372953,-0.017406416209926123,-0.0146818927472967,-0.0065842313955080875,-0.019165520795190575,-0.018871586123570972,0.008270808376009938,-0.018735309906599083,0.0001879969243833727,-0.0157014505312422,-0.02412342945897202,0.0030969177334024805,0.0026952274817545452,-0.012105621571651319,-0.018630298172691243,0.0017783361778311226,-0.0037940534610248753,-0.014467292918939507,-0.016469575703692972,-0.0046580995330774205,-0.0053081085452680345,0.01684891539296773,0.01721335725070649,0.0055893964015160825,-0.0020365436355423796,0.0007789346982303336,-0.005981539647536951,0.007916649220471307,0.0011450078289191455,0.01721335725070649,-0.001457374335281395,-0.0031825901933676703,-0.013985831154712825,-0.010281996569227262,0.008805925600143236,0.010250669053721085,-0.003790282070180485,-0.010694260994171968,0.002924485526171694,0.0073311758924479884,-0.003210067386420451,0.007154360063202109,0.0032100673864204504,-0.19466879618245975,-0.19527851905355623,-0.02046402673896493,0.521866148096062,0.003695050803476607,-0.003695050803476635,,-0.24809065453756407,0.24809065453756382,,-0.20461344694774086,0.2046134469477408,,-0.003518907568508228,0.003518907568508201,,-0.10293688202926965,-0.003518907568508228,0.10625270251960515,,0.031714234510353136,-0.21152603536967918,0.21827822340960557,,-0.3533000456734727,0.21827822340960557,0.1917733991520225,,-0.2879435336043483,0.21827822340960557,0.11139959504621884,,-0.33919023519494845,0.21827822340960557,0.1650963913142376,,-0.398489798726209,0.21827822340960557,0.24082355652920368,,-0.25520913958457336,0.21827822340960557,0.07204904102061022,,-0.2576249912275244,0.21827822340960557,0.0739598441369849,,-0.6226334072448405,-0.2895095723414509,1.0,,0.14788875031016657,-0.1478887503101666,,0.15447149916966968,0.17326485242690512,-0.28213797709753957,-0.004704962197150803,,-0.01902952437373103,-0.032657208908662944,0.3046466350723361,-0.2529660851108177,,-0.26686693684308604,-0.14740560892317062,-0.08700840135030692,0.5165096629787364,-0.14460298288698134,,-0.003586923830301641,0.01405462961719462,0.021167171944266344,-0.005677482254521024,0.021167171944266358,0.010224379282515135,0.022404623291654983,-0.0009954015403144374,0.0033239621711301185,-0.006708742790862273,-0.017757231499530905,-0.0014090137476990559,-0.006708742790862266,0.0029664379421189867,-0.0019511234674656438,0.001798763214894608,0.022404623291655056,0.0063298399914022,-0.006708742790862266,0.01446150989405209,0.010014762058105302,0.010596950612438906,0.010224379282515135,0.01022437928251505,-0.006708742790862268,0.029937027321593444,-0.01755962658062176,0.0077540920970435535,-0.002535437059716279,-0.00032867221082905074,-0.009488268756563379,0.021167171944266344,-0.006708742790862269,0.00028244037440081657,0.0027366351012321553,-0.012512032110141241,-0.006708742790862277,-0.01775723149953103,-0.0038461591867426214,-0.017757231499530995,-0.0072166346642004685,-0.006708742790862264,0.0032100673864204517,0.0035562870767397925,0.003635756432607365,0.0064937987340449085,-0.010469892459546189,0.006262809814993964,-0.007154360063202129,-0.007481708518898369,0.004337265601555029,0.004384704439905518,0.00987883878118635,-0.007154360063202129,0.014833335140900567,-0.0051485222096788056,-0.007073105724833042,0.005155949721795178,-0.007154360063202129,-0.008436470132164042,0.009666190216368399,-0.001513897720568373,0.0032100673864204517,
contract_nan,,,,,,,,,,,,,,,,,,,,,,,,,,,,,,,,,,,,,,,,,,,,,,,,,,,,,,,,,,,,,,,,,,,,,,,,,,,,,,,,,,,,,,,,,,,,,,,,,,,,,,,,,,,,,,,,,,,,,,,,,,,,,,,,,,,,,,,,,,,,,,,,,,,,,,,,,,,,,,,,,,,,,,,,,,,,,,,,,,,,,,,,,,,,,,,,,,,,
paperless_billing_no,-0.1918253316664681,-0.1565295593111737,-0.006152481598271143,-0.35222608833801905,-0.15852381517170647,0.025713560110988687,,-0.15851732095186186,-0.3498223710976512,-0.15878083517526884,-0.10148432920576578,-0.16909644687222147,-0.20886475546718708,-0.23013613487111917,-0.26779314581034935,-0.4883816179930993,-0.007915386698771423,-0.0030873740779176215,-0.003120627358775733,0.006136595546635532,-0.0021235083321057575,0.014507904032077518,-0.013476380910809814,0.010166862098825053,-0.002502035455548015,-0.01185571466212524,-0.006049380818017219,-0.0030941951628197704,0.00450481468701743,-0.005577549758074374,-0.000974715320426726,-0.003759606839696505,-0.0006257601685583909,-0.029392251548042814,0.015490853500446568,-0.0012669483925155474,0.0020778592337113828,0.015118146694699755,0.015022505275607893,0.009615960130583254,0.020821384996176393,-0.010616532147343438,0.004112927129910205,0.009064265338584366,-0.0053203099131099345,0.008316634729897,-0.001484251236825867,0.020821384996176393,-0.008789344151500178,-0.004512629495706137,0.02145003728975121,0.017449264255502858,0.0026190829915487936,0.0175299613661863,-0.0007276277246874157,-0.0037048089063826633,0.00380167419757293,0.01396681906934871,-0.013624946403373847,0.004553391918519893,0.01362494640337386,0.01570849191343547,0.015339883597122636,-0.14813008953329604,0.27765598234269284,-0.011753691221222232,0.011753691221222174,,-0.014876622287891102,0.014876622287891087,,-0.11137722919364418,0.11137722919364407,,0.01650480573256952,-0.016504805732569648,,0.1518636147069011,0.01650480573256952,-0.16353017421292776,,0.06312108493004107,-0.3268532485196028,0.32101306523320816,,-0.26779314581034935,0.32101306523320816,0.003635897148474211,,-0.14512045617343208,0.32101306523320816,-0.1267353730069733,,-0.16712125287119295,0.32101306523320816,-0.10379680498154173,,-0.23013613487111917,0.32101306523320816,-0.03787990020728116,,-0.04771151266520642,0.32101306523320816,-0.2238409824601031,,-0.05948776908005889,0.32101306523320816,-0.2117159917651314,,-0.16909644687222147,0.05139115917344727,0.14788875031016657,,1.0,-0.9999999999999996,,0.016332203527893552,0.013588829059284368,-0.20886475546718716,0.20539800518883602,,0.06531915560820506,-0.028491627300161686,-0.1328440178485375,0.09601109493147184,,0.014943570903225801,-0.003743803948697137,0.004831503089037956,-0.006838234183827723,-0.012019289042010634,,0.007076141910289821,0.0070761419102898,-0.009888356433176681,-0.005803124525802263,-0.00988835643317668,-0.013985240800476965,-0.00042201570838825325,0.004704136963757434,-0.00783480037242533,0.014360840766984727,0.0013344417384074892,-0.012397677966334834,-0.009888356433176676,-0.018186069137967224,0.011060613442566886,-0.012462217573264196,-0.01126966765794386,0.025286017307711416,0.01436084076698473,0.004473437311765586,0.018070574096047794,0.006328194010029012,0.0031627485723920027,-0.013985240800476955,-0.009888356433176685,0.0203107379452609,-0.011704162485442312,0.0026687099466105395,0.01042563624116749,-0.00828465428086397,0.020310737945261066,-0.009888356433176685,-0.009888356433176681,-0.014625116223927915,0.0069748998797527825,0.012911901926610505,-0.009888356433176686,-0.017004042483258233,-0.0057029195656341045,0.010503683849240364,0.0013344417384074812,-0.009888356433176683,0.013624946403373868,-0.004847243383787246,0.016428544314106425,0.009295359450538962,-0.019567675199233858,0.004148855049794607,-0.004553391918519937,-0.010072377654812035,0.019307509377535084,0.0008233500439442375,-0.003839749958853764,-0.004553391918519937,-0.016178451869236332,0.013529291504981458,-0.00124065566994954,0.0126590066587739,-0.004553391918519937,0.009928687817215207,0.005678836802147996,-0.019359762240559193,0.013624946403373868,
paperless_billing_yes,0.1918253316664679,0.15652955931117354,0.006152481598271151,0.35222608833801944,0.15852381517170644,-0.025713560110988704,,0.1585173209518618,0.34982237109765185,0.1587808351752692,0.10148432920576578,0.16909644687222178,0.208864755467187,0.2301361348711192,0.2677931458103497,0.4883816179930997,0.007915386698771641,0.0030873740779178874,0.0031206273587760145,-0.006136595546635181,0.002123508332106117,-0.014507904032077499,0.013476380910809969,-0.01016686209882484,0.002502035455549273,0.01185571466212528,0.0060493808180180995,0.003094195162820197,-0.004504814687017243,0.005577549758074707,0.0009747153204263092,0.003759606839696995,0.0006257601685588392,0.02939225154804249,-0.015490853500445916,0.0012669483925157581,-0.002077859233711303,-0.015118146694699144,-0.015022505275607338,-0.009615960130583185,-0.02082138499617629,0.010616532147343408,-0.00411292712991017,-0.009064265338584352,0.005320309913109946,-0.008316634729896962,0.0014842512368259623,-0.02082138499617629,0.008789344151500194,0.004512629495706181,-0.021450037289751218,-0.01744926425550294,-0.0026190829915487372,-0.0175299613661863,0.0007276277246873682,0.0037048089063826907,-0.003801674197572867,-0.013966819069348697,0.013624946403374404,-0.004553391918519851,-0.013624946403374421,-0.01570849191343549,-0.015339883597122577,0.14813008953329573,-0.27765598234269295,0.011753691221222232,-0.01175369122122221,,0.01487662228789105,-0.01487662228789096,,0.11137722919364397,-0.1113772291936441,,-0.016504805732569662,0.016504805732569655,,-0.1518636147069012,-0.016504805732569662,0.16353017421292748,,-0.06312108493004101,0.3268532485196031,-0.32101306523320816,,0.2677931458103497,-0.32101306523320816,-0.0036358971484742155,,0.1451204561734322,-0.32101306523320816,0.1267353730069733,,0.16712125287119314,-0.32101306523320816,0.10379680498154202,,0.2301361348711192,-0.32101306523320816,0.037879900207281256,,0.0477115126652063,-0.32101306523320816,0.2238409824601031,,0.05948776908005899,-0.32101306523320816,0.21171599176513134,,0.16909644687222178,-0.051391159173447346,-0.1478887503101666,,-0.9999999999999996,1.0,,-0.016332203527893503,-0.013588829059284425,0.208864755467187,-0.20539800518883605,,-0.06531915560820503,0.028491627300161672,0.13284401784853767,-0.096011094931472,,-0.014943570903225819,0.0037438039486971508,-0.004831503089038024,0.006838234183827709,0.01201928904201064,,-0.007076141910289583,-0.007076141910289549,0.009888356433176752,0.0058031245258026625,0.00988835643317668,0.013985240800477071,0.00042201570838824176,-0.0047041369637575315,0.00783480037242555,-0.014360840766984665,-0.0013344417384073004,0.012397677966334793,0.00988835643317666,0.018186069137967508,-0.011060613442566078,0.012462217573264956,0.011269667657943967,-0.025286017307711427,-0.014360840766984672,-0.00447343731176543,-0.018070574096047523,-0.0063281940100288064,-0.0031627485723918973,0.013985240800476993,0.009888356433176674,-0.02031073794526092,0.011704162485442596,-0.0026687099466103114,-0.01042563624116734,0.008284654280864261,-0.020310737945260966,0.009888356433176758,0.00988835643317676,0.014625116223928359,-0.006974899879752401,-0.012911901926610172,0.009888356433176754,0.017004042483258295,0.00570291956563323,-0.010503683849240318,-0.0013344417384072629,0.009888356433176681,-0.013624946403374416,0.004847243383787228,-0.0164285443141064,-0.009295359450538946,0.019567675199233962,-0.004148855049794648,0.004553391918519876,0.01007237765481206,-0.019307509377535052,-0.0008233500439441844,0.003839749958853756,0.004553391918519876,0.01617845186923635,-0.013529291504981483,0.0012406556699495843,-0.012659006658773862,0.004553391918519876,-0.009928687817214886,-0.0056788368021478425,0.019359762240559117,-0.013624946403374416,
paperless_billing_nan,,,,,,,,,,,,,,,,,,,,,,,,,,,,,,,,,,,,,,,,,,,,,,,,,,,,,,,,,,,,,,,,,,,,,,,,,,,,,,,,,,,,,,,,,,,,,,,,,,,,,,,,,,,,,,,,,,,,,,,,,,,,,,,,,,,,,,,,,,,,,,,,,,,,,,,,,,,,,,,,,,,,,,,,,,,,,,,,,,,,,,,,,,,,,,,,,,,,
payment_method_bank_transfer_automatic,-0.11793667192853842,-0.01615894086219955,0.2435104444384972,0.042689241403272245,0.1861078684359873,-0.003575996620408126,,0.18610963837816402,0.042016616845012,0.18656313924853898,-0.17074036525753142,-0.17970688735759913,-0.3767621373493148,-0.0901766179872578,-0.08432241177257094,-0.3205410728840756,-0.012926812274193534,0.008933343496465327,0.00966398784075353,0.01414833603433231,0.00041508698497572365,0.009085076179525683,-0.019725110691172075,-0.0022723938877714797,0.01339350168950013,-0.04101890260681102,0.03518163902451558,0.002073757782413554,0.010693617848703853,-0.01687590671259598,-0.017257504048239065,0.00467031727518351,0.007466955106281093,-0.013671667085786744,0.014046653278317112,0.010066720124515705,-0.0004642611751600486,0.014431068881750926,0.014384670934059466,0.0028212424715294516,0.00241814347816203,0.0010715103389206146,-0.007313983951402695,-0.00648012169702705,-0.012499225959482078,0.00555836637033878,-0.004220971638726415,0.00241814347816203,0.0027841444459160932,0.0025541289165877243,-0.011432711285310024,-0.009962191345107861,-0.00386393058101383,-0.0019953240791139855,-0.015726829871864134,-0.003864375264835429,-0.00066507776697984,-0.007938311878465843,0.0033236210641794666,-0.0015880007555225419,-0.003323621064179468,-0.12993763002294628,-0.12731960294016062,0.00300491869680246,0.29238931345651914,0.016023595160041704,-0.016023595160041728,,-0.11070636952477814,0.11070636952477801,,-0.052020980947400375,0.05202098094740012,,-0.0075562129251458094,0.007556212925145803,,-0.07017770331026618,-0.0075562129251458094,0.07552652675123044,,0.025475536146246085,-0.02262401224386684,-0.002113399873882161,,-0.08432241177257094,-0.002113399873882161,0.0951580427350073,,-0.08159008505664117,-0.002113399873882161,0.08700369093869734,,-0.07779080592046846,-0.002113399873882161,0.0831145461320671,,-0.0901766179872578,-0.002113399873882161,0.10125246802180804,,-0.04416763907677041,-0.002113399873882161,0.0462522516427455,,-0.046705264061106144,-0.002113399873882161,0.048652175050381635,,-0.17970688735759913,0.057450662129905475,0.15447149916966968,,0.016332203527893552,-0.016332203527893503,,1.0,-0.2782148074777896,-0.37676213734931485,-0.28868512421142917,,-0.027781831598474176,0.05799565623753965,0.14657380221795346,-0.17677664595069364,,-0.17742128280476843,-0.04623246502061395,0.021779497109001983,0.1998400200964903,-0.04522785127911777,,-0.0017521966585699728,0.01647634258265303,-0.00631442454254845,-0.0027734253377287954,-0.006314424542548441,-0.00893057894309864,-0.0012385499537288895,0.0011999416854718142,0.005069107554133989,-0.006314424542548448,0.01596042070354387,-0.003960325645131133,0.022489002953026964,0.005114736367008865,0.02221291557371434,-0.0011662222168634063,0.02453133874379764,-0.00370948526250316,-0.006314424542548444,-0.012631539986598017,-0.002146757108418799,0.0025084563078794464,0.011437966230555456,-0.00893057894309863,-0.0063144245425484375,-0.008930578943098618,-0.002479743840228215,0.00986575941350403,-0.001238549953728906,-0.016388771518251667,-0.008930578943098646,-0.006314424542548432,-0.006314424542548447,0.028974731402527612,0.025372184754989542,0.0024943320595179406,-0.006314424542548432,0.005069107554133971,-0.016496074799271253,0.026851733852953856,-0.016713518744685837,-0.0063144245425484375,-0.0033236210641794657,-0.0010746445420913838,-0.000793227498467083,-0.007828177356027087,0.000772571169452435,0.008283419064235352,0.0015880007555225382,-0.015824870542380187,0.00895349265843052,-0.0008665760645019392,0.00859244205626927,0.0015880007555225382,0.0344804924047981,-0.029965937143554156,-0.016210154665858303,0.007259874812194677,0.0015880007555225382,0.012946634237221826,0.004061698347744186,-0.013668854601294387,-0.0033236210641794657,
payment_method_credit_card_automatic,-0.13430175066262812,-0.024135372360318947,0.23300552501250052,0.030411997509252508,0.18290974191552142,-0.012030259236716597,,0.18290799824836748,0.030221636126102853,0.1829162821716497,-0.1692654250887098,-0.20414496075693475,-0.3733222859365766,-0.10730963427620918,-0.10550969525222308,-0.32977551835825697,0.00023418014329286866,0.015320288046508706,0.007653456724206346,0.0053145261550239025,0.004734680575712759,-0.02479549691710674,-0.007446852698156776,0.005648323680276545,-0.0027222430060035805,-0.007296092683218164,-0.012261565482867253,0.004330399422982533,0.003800671152201657,-0.007476847316257004,0.013777766083157785,-0.007107122266209864,0.013029359972059139,-0.01334611319141141,0.007936138431791862,0.004269177097224687,0.0007810955949784815,0.008065662429453413,0.008052333610829049,-0.0085399847509855,-0.004838119017453478,-0.007330030843633369,-0.002556825316322814,-0.012158510129774288,-0.007876140554012074,-0.007459046937754828,-0.0009302845132036496,-0.004838119017453478,0.007495043417413345,0.007264728125953483,0.004125174099215428,0.002737573735612806,-0.002718888310332358,0.0038469794746986605,0.009302901449020518,-0.010619806678283614,-0.0007620786996011259,0.0005040368340171714,-0.004912535449547047,-7.294107442693395e-06,0.00491253544954705,-0.1280643746890541,-0.12831908081087584,0.01313680320054021,0.28765073755790244,-0.001214779472968791,0.0012147794729687807,,-0.08202919645732656,0.08202919645732651,,-0.06026700017636719,0.06026700017636722,,0.007721160009099416,-0.007721160009099379,,-0.06392145833871933,0.007721160009099416,0.06004835777743568,,0.05143757263283654,-0.05007665545044696,0.0010297293228974966,,-0.10550969525222308,0.0010297293228974966,0.11572065517555391,,-0.08782179736769999,0.0010297293228974966,0.09078478545257054,,-0.1076182169847679,0.0010297293228974966,0.11155436356101243,,-0.10730963427620918,0.0010297293228974966,0.11727230654467388,,-0.04103136126367844,0.0010297293228974966,0.040433080354261776,,-0.04927650496973426,0.0010297293228974966,0.04857480053298368,,-0.20414496075693475,0.0675894142068618,0.17326485242690512,,0.013588829059284368,-0.013588829059284425,,-0.2782148074777896,1.0,-0.37332228593657657,-0.2860494189907794,,-0.033900277976894634,0.049928627420707354,0.14295400695931523,-0.15897290290925925,,-0.16003512540720494,-0.0394275569393928,0.028470598182592784,0.18753843062693593,-0.06706889191567125,,-0.0106367141756381,-0.010636714175638065,0.022696220232823205,-0.002334856409304654,0.022696220232823274,-0.00884904244686225,0.011909156622042793,0.04171736700206036,-0.005613055717666735,-0.006256773626943883,-0.005613055717666723,0.007857594112027551,-0.006256773626943865,-0.012030259236716571,0.004763414391592514,0.008771917778697697,-0.013994546308484514,-0.0035071378749109935,-0.006256773626943877,-0.012516213587364646,-0.0018072848493973419,0.013018931451682833,-0.008849042446862248,0.011625269627135922,-0.006256773626943867,-0.00884904244686222,-0.008570453339722658,-0.009124507307146234,0.011909156622042755,0.009249372585963343,-0.008849042446862248,0.022696220232823194,-0.006256773626943883,-0.010766571930983517,-0.020656788836927325,0.0029223202235953713,0.02269622023282321,-0.005613055717666695,-0.00221522674214121,-0.016560923737474614,-0.005613055717666735,-0.0062567736269438685,0.00491253544954705,-0.015026490959958262,-0.006899465898252254,0.012475617442279919,0.011027991617011458,0.002243837418831854,7.2941074426900674e-06,0.009393992257989568,-0.015370233901978229,0.011105762190662737,-0.0059634437121189945,7.2941074426900674e-06,-0.002337477101609912,-0.006098171046932111,0.0012246921325944223,0.009004029418391362,7.2941074426900674e-06,-0.0057466640120882526,0.01050350237472042,-0.00535433014899705,0.00491253544954705,
payment_method_electronic_check,0.3019187490112847,0.1717177786909364,-0.20836250343949034,0.271928217395123,-0.05907227521626931,-0.028121752089384302,,-0.0590819325969346,0.27116087495879443,-0.05941581271057331,0.2686474935135136,0.3316614848172802,1.0,0.339031317010925,0.33636406349295933,0.8251436926022279,0.006082825057244187,-0.011178770442095814,-0.011507481090068878,-0.01335925216633308,-0.0008814814887098451,-0.0005480089664710961,0.011444479337642163,0.001058432123770922,0.0027599551780495223,0.020960798144191904,0.0032964333345975607,-0.0003245209748202157,-0.015371050417716789,0.01338981376214145,0.010722176723597425,0.017059849064864595,-0.01626922453429943,0.028265971138183264,-0.012186789942186334,-0.012632393537997446,-0.0070017135092543615,-0.01277635030457859,-0.0130113941853764,0.0066529255650261765,0.002300883473013983,0.009634468309298984,-0.002133821629987121,0.007650112468597443,0.011977356920813375,0.011528126221775008,0.028376328824486246,0.002300883473013983,0.003108792264384546,-0.0008082556475263793,0.002358087337820776,0.003641401308118363,-0.0008159906083012955,-0.0024355364680453693,-0.00809152510213292,0.00666231207827118,0.01052588314799404,-9.576731567527876e-05,0.016930626351999285,0.001995962039609802,-0.016930626351999288,0.10607891339184082,0.10432146842497725,0.11920109099360199,-0.5620297044335764,-0.0007521807011951105,0.0007521807011951235,,0.08385168936271009,-0.08385168936271002,,0.15064248847911255,-0.1506424884791128,,-0.003061829845430147,0.003061829845430144,,-0.08083556522609449,-0.003061829845430147,0.08361817831666905,,-0.10441759819553888,0.33640977802558625,-0.2849166458500232,,0.33636406349295933,-0.2849166458500232,-0.11233777625407078,,0.2369469638712368,-0.2849166458500232,-0.00040771587258832734,,0.23970498373588295,-0.2849166458500232,-0.0033507734088713674,,0.339031317010925,-0.2849166458500232,-0.11483871499570002,,0.09603303697421979,-0.2849166458500232,0.14462638547453463,,0.10257118616845852,-0.2849166458500232,0.13796637540690185,,0.3316614848172802,-0.10912981441493737,-0.28213797709753957,,-0.20886475546718716,0.208864755467187,,-0.37676213734931485,-0.37332228593657657,1.0,-0.3873718709062573,,-0.013423126728417768,0.013195053561040707,-0.05716261323077502,0.05739318475158935,,0.1392080606226594,0.03082949784196082,-0.010961201868595411,-0.17099092662706855,0.05535936052889515,,0.005126424528252998,0.005126424528253003,-0.008473004819437505,0.003059081712888881,-0.008473004819437503,-0.011983489218275236,-0.007663978135704147,-0.016567382847370714,-0.003344748543242111,0.016759711012824065,-0.003344748543242134,0.0062925898477905595,-0.0084730048194375,0.025171751649179286,-0.003269616920504307,0.009932269906119692,-0.0076639781357041165,-0.00015216622174809,-0.008473004819437496,0.020907518045597512,0.006280795162445748,0.0027994517732783295,-0.011983489218275245,0.005860002232953677,-0.0084730048194375,-0.011983489218275222,0.007255018769814048,-0.017017778373930568,0.003623641690679026,-0.00028498082700526136,0.005860002232953644,-0.008473004819437501,0.01675971101282406,0.008447384343579977,-0.0022030970958541777,0.005229085009803215,-0.008473004819437503,0.015737522813626725,0.0019020897688287876,-0.0033447485432421776,0.006196387135192308,0.01675971101282402,-0.01693062635199929,-0.001238702602067231,0.020422686191680833,-0.01956552447538801,0.004904137494051789,-0.0037402243293406965,-0.001995962039609779,-0.002207386439962227,0.015877599437754627,-0.02047635603992429,0.008773569867860298,-0.001995962039609779,-0.013582027001610913,0.02971355344338495,0.0005185536559240215,-0.015885344222398127,-0.001995962039609779,-0.015924932029203694,-0.0066185168848295695,0.0269638291769517,-0.01693062635199929,
payment_method_mailed_check,-0.09168283858842927,-0.15347749042895872,-0.2338520501238726,-0.37752196471813604,-0.2960679454898581,0.04692065906795544,,-0.29605712391630284,-0.375810468264646,-0.29613651179070705,0.031973405879979544,0.004138055475923903,-0.3873718709062573,-0.18718484219620343,-0.19171501561255416,-0.28883631433588636,0.005662760939545062,-0.011240180017786176,-0.004078984880290119,-0.004122003157543557,-0.0040564316093643854,0.015961347751178766,0.013855478660937054,-0.004485677006376182,-0.013625380907307033,0.023979920942250394,-0.02633948572772169,-0.005919902841528765,0.003024848334444341,0.008892157711367412,-0.008556409220200267,-0.016814202561034285,-0.0018292507495675807,-0.005236206487733199,-0.007908285003942634,0.00010456017289442327,0.00756291670538574,-0.007750995280417756,-0.00742802087079129,-0.0018905608957640102,-0.00022798018998810334,-0.004704531546425746,0.012106384940806443,0.009693407816532648,0.006561049532314371,-0.011125490340795704,-0.026831009710269027,-0.00022798018998810334,-0.013579440324633728,-0.008723944140463456,0.004566528620664707,0.003035177209538252,0.007386148165436048,0.0009339831200554618,0.015469605731569443,0.0067204132435466695,-0.0104310734220573,0.0074314113237973324,-0.01749276590739205,-0.0006727641817220987,0.017492765907392044,0.13417764591580472,0.13382460541100297,-0.14982895294884743,0.06205065621880038,-0.013744173305346231,0.013744173305346205,,0.09512485882293267,-0.09512485882293278,,-0.05907101281466711,0.05907101281466719,,0.003318789543607618,-0.0033187895436076515,,0.22260525437916345,0.003318789543607618,-0.22720630042805787,,0.04189928198182478,-0.30683412957624884,0.321360732317836,,-0.19171501561255416,0.321360732317836,-0.08079805377720035,,-0.0999751663763158,0.321360732317836,-0.17416391693980904,,-0.08742249237997893,0.321360732317836,-0.18737348746355073,,-0.18718484219620343,0.321360732317836,-0.08550850677032872,,-0.02426100724886448,0.321360732317836,-0.2477424236074211,,-0.02103404631089634,0.321360732317836,-0.25059546380831715,,0.004138055475923903,-0.00011622106193564567,-0.004704962197150803,,0.20539800518883602,-0.20539800518883605,,-0.28868512421142917,-0.2860494189907794,-0.3873718709062573,1.0,,0.07566096251538529,-0.12086180810880233,-0.22013728851487668,0.26531525011526425,,0.17501876208150619,0.049499549747113104,-0.037018885749735615,-0.18831288635906357,0.04801529375776936,,0.006383491770778492,-0.011567768976513496,-0.006492240610885827,0.0015798417298117382,-0.006492240610885844,0.030935362421230815,-0.0018322675887652534,-0.023428076366007036,0.00426710938025529,-0.0064922406108858365,-0.006458533505232925,-0.010871811162850003,-0.006492240610885841,-0.021547630959105758,-0.022866222746301283,-0.018610714005939034,-0.0018322675887652838,0.007260064983201223,0.021873051338536672,0.0011984200527938916,-0.0031758375662320278,-0.018371962908808968,0.010876647862887117,-0.00918206669545644,0.021873051338536578,0.030935362421230763,0.0026827995071997354,0.01835409589765915,-0.01452121609188616,0.00739821427404269,0.010876647862887149,-0.006492240610885831,-0.0064922406108858365,-0.02748206844466163,-0.002272149433442659,-0.011197654081447305,-0.006492240610885831,-0.017184176390721194,0.016277180942924158,-0.00645853350523297,0.014992752265743585,-0.006492240610885835,0.017492765907392033,0.017172258148587895,-0.01541753089875693,0.01748125335306404,-0.017077932930363245,-0.00615114553160417,0.0006727641817220667,0.008862274089029717,-0.011607819745106008,0.012991504778877097,-0.012482131382146072,0.0006727641817220667,-0.016397771495184083,0.0020820919010500934,0.01418081480003961,0.0018867639852934192,0.0006727641817220667,0.01078228639495501,-0.006850023550277694,-0.011604738642605885,0.017492765907392033,
payment_method_nan,,,,,,,,,,,,,,,,,,,,,,,,,,,,,,,,,,,,,,,,,,,,,,,,,,,,,,,,,,,,,,,,,,,,,,,,,,,,,,,,,,,,,,,,,,,,,,,,,,,,,,,,,,,,,,,,,,,,,,,,,,,,,,,,,,,,,,,,,,,,,,,,,,,,,,,,,,,,,,,,,,,,,,,,,,,,,,,,,,,,,,,,,,,,,,,,,,,,
customer_value_segment_emerging_value,-0.012116683430796926,-0.05830327440853614,-0.18893281941228451,-0.27062642157708655,-0.36246453956075136,-0.02283691266848577,,-0.3624777732155885,-0.27081379191810245,-0.36249291397663835,-0.11869042472798233,0.03632453858187842,-0.013423126728417768,-0.029101396433959932,-0.037133219680175904,-0.008364643569861345,-0.0015509497478321274,-0.01242518228271112,-0.020196712172438465,-0.008645624572085349,-0.010357943140181562,-0.010948502769503087,0.003416888122787298,-0.018372110954456757,-0.006562194378833218,0.013668278478505642,-0.012123321823640829,-0.0063024218194501795,0.0021299202089540953,0.009621619165506558,-0.008599006395809941,0.006796407089545111,-0.004578213465280417,0.0004352157582586247,0.002965374539217724,-0.019207066863773572,-0.01005033258610718,0.001665148768434246,0.0011146340372747744,-0.008019022784763831,-0.01374994391118411,0.005024164634551415,0.0027847676535695184,0.008087472320269403,0.008564680855739788,-0.009954644305830608,-0.01762035869264959,-0.01374994391118411,-0.013573374017131185,-0.011226438894450429,0.007623234511183854,0.008962698992074067,-0.006800792311617484,-0.018677749675522718,0.0009168304546638289,0.0017675705316000337,-0.008615639444115463,-0.011994885973003551,0.004713428966458778,-0.010205703437185113,-0.004713428966458775,-0.11489661454111157,-0.11041971970421574,-0.11392325017627314,-0.06883370989898914,0.004509398171563837,-0.004509398171563824,,0.053555236638032445,-0.05355523663803249,,-0.04181975775932392,0.04181975775932395,,0.0016362473302488486,-0.001636247330248823,,0.1544625044730972,0.0016362473302488486,-0.1572559189113552,,-0.041652637228910175,-0.14738850279560517,0.22559014817608034,,-0.037133219680175904,0.22559014817608034,-0.1644638205573548,,0.011821883424466688,0.22559014817608034,-0.20786319390645322,,0.004056375270047682,0.22559014817608034,-0.19989469947678584,,-0.029101396433959932,0.22559014817608034,-0.17271359321784865,,-0.0010711545174391663,0.22559014817608034,-0.18997745220410672,,-0.0009045431738406035,0.22559014817608034,-0.18982258498382482,,0.03632453858187842,-0.024430099354739308,-0.01902952437373103,,0.06531915560820506,-0.06531915560820503,,-0.027781831598474176,-0.033900277976894634,-0.013423126728417768,0.07566096251538529,,1.0,-0.3332702199495759,-0.33339644074214336,-0.3333964407421434,,-0.21829294405235775,0.2659974642381411,0.01366809102286351,-0.23083319643514444,0.32306963425924096,,0.004350809635894814,0.021766411946555698,-0.006880697564153422,0.0041299921309700454,-0.00688069756415344,0.009728703746028343,-0.003079763688853536,0.005725632204035428,-0.01821237500584334,0.02063818542524628,0.002598812982500043,-0.008114743265511128,-0.006880697564153435,-0.022836912668485716,-0.007307453601026477,-0.006472382481996776,-0.015390079046739594,-0.005621657285259204,0.020638185425246276,-0.01376432734790654,-0.00533810087464874,0.009731469448100853,0.009728703746028338,-0.009731466797362118,0.020638185425246276,0.029188874289419103,0.018480807798085683,-0.011475651953311976,-0.015390079046739653,-0.013535214021492851,-0.009731466797362115,-0.006880697564153421,0.020638185425246293,-0.0012059602067723706,-0.011066623838404956,0.01051941942624214,-0.006880697564153419,0.013004406976671825,0.009191820425457138,-0.007806781011671668,0.013004406976671882,-0.006880697564153434,-0.0047134289664587815,0.003099290433508209,-0.014797676103423188,0.004833113102522587,-0.01422271169615777,0.00859097227390666,0.010205703437185111,-0.0025477270607765635,0.002742975164150342,0.004892310270640825,-0.019128764285881922,0.010205703437185111,-0.008838284719912652,-0.006150247918069281,0.008093453184190968,-0.004857857865984728,0.010205703437185111,0.0075443276590627896,-0.006331056405764707,0.0002533349190705263,-0.0047134289664587815,
customer_value_segment_established_value,-0.045345664794860456,0.04059156525407366,0.16815201656907316,0.07439181537940888,0.029809941556780312,-0.022828266825685433,,0.029804637192888374,0.0728197790941956,0.030012795428393708,-0.24076041377395357,-0.024613658612954083,0.013195053561040707,0.05845866921803,0.0510772057270714,0.0037423298654466293,-0.016936399162588357,-0.012608102810507517,-0.005086593395823637,-0.01212481690279366,-0.01567024495565653,0.006406683976314245,-0.018454257822767283,0.0022107390311978162,0.0009551146335608876,-0.00673700359558386,-0.002116078450513846,-0.013056734881031193,0.008210233262698088,-0.004309977592649949,0.010662898781063305,0.008867762364364162,-0.022883519496463948,0.009919561151765606,-0.005196809456119701,-0.0019306961645538284,0.007942034660137272,-0.005223134683569189,-0.004934315257250166,0.0044240035925461815,0.01425821369911876,-0.01455470316259763,-0.0047807378375877094,-0.007963945881210214,-0.004407792757188661,0.0058361977784473495,0.023089033259854876,0.01425821369911876,-0.0020826794156639746,-0.0010361063632143529,-0.019143618889519827,-0.019608214617885037,0.004620281825680079,0.022930266408091517,0.0008501396164765277,-0.002044804608979962,0.004448223950157044,0.012181451077805924,0.00464230648059683,0.007973842697549596,-0.004642306480596841,-0.19593773542969614,-0.1921162136967401,0.049531322512478826,0.06111435016400882,-0.006315600959169977,0.006315600959169954,,-0.06619303785105628,0.06619303785105615,,0.0030607774582398694,-0.0030607774582398543,,0.09378556004925666,-0.09378556004925655,,-0.12611068868892095,0.09378556004925666,0.07143028511768516,,0.11186252881259882,0.008807385959190799,-0.13957482627082393,,0.0510772057270714,-0.13957482627082393,0.07068329142720257,,0.06630937553689308,-0.13957482627082393,0.05175113867176705,,0.05060053925000828,-0.13957482627082393,0.06818328336116196,,0.05845866921803,-0.13957482627082393,0.06229816884305418,,0.0695148997099246,-0.13957482627082393,0.04822926986446839,,0.07112827090463895,-0.13957482627082393,0.04663457924550129,,-0.024613658612954083,0.06443415413429282,-0.032657208908662944,,-0.028491627300161686,0.028491627300161672,,0.05799565623753965,0.049928627420707354,0.013195053561040707,-0.12086180810880233,,-0.3332702199495759,1.0,-0.33327021994957473,-0.33327021994957584,,-0.29783660005326296,0.07452988490603271,0.42764988521373526,-0.0559967525679648,-0.1925016558861424,,0.004363999683336322,-0.013054900724562815,-0.006878092596031901,0.015178794623033176,-0.006878092596031904,-0.009727782554515153,0.009241040766617185,-0.009539826655303582,-0.00779791540598283,-0.006878092596031896,0.023424778286079185,-0.002688791275299221,-0.006878092596031901,0.0020859092982766867,0.024846316241368304,-0.00930861619606932,-0.003071605869645589,0.01686816567681862,-0.006878092596031883,0.013770842821127513,0.008903569876295682,0.009744371366273685,-0.009727782554515155,0.009736073278283167,-0.006878092596031905,-0.00972778255451516,1.3125573484875606e-05,0.006893733511859472,-0.0030716058696455897,0.01053934577613311,-0.009727782554515162,-0.006878092596031904,-0.006878092596031899,0.00842081913271136,0.0015934288138538264,-0.0014902486329594832,0.02064600180956611,-0.007797915405982887,-0.009253411661079725,0.0026096491580378245,-0.007797915405982819,-0.006878092596031899,-0.004642306480596842,-0.011811224579890691,0.008608191319063816,0.00593431044122832,0.027466947963142294,-0.020032266771535284,-0.007973842697549588,-0.002364874887426592,0.0020405766612664198,-0.0062340302621781965,0.01821585696275187,-0.007973842697549588,0.00853813331286323,0.015081967619484162,-0.006217716694222494,-0.010838356850608672,-0.007973842697549588,0.007754735697329652,-0.02077583651884808,0.011742409874444875,-0.004642306480596842,
customer_value_segment_high_value,-0.1576682956954783,0.08224969967340594,0.679547624421713,0.5526309546120405,0.8757710167934823,-0.022836912668485716,,0.8757763463558674,0.5515354014750612,0.8760086663413775,-0.28433922905591735,-0.3769302673872796,-0.05716261323077502,-0.08222375282548143,-0.06467614598160243,-0.1836489614019195,0.01216902363612063,0.02236718138587915,0.011611625991044441,0.007623561043233316,0.018852193011553307,-0.014043979411698713,0.006663180772241787,0.0081281608978573,0.0009304653589619984,-0.001742494679824778,-0.01169277643159652,0.016706363273197126,-0.007369887164698448,-0.0038992233059099457,-0.0013502915837778089,-0.015087200184112836,0.0030272973923605134,0.0012516814292112266,-0.014357246761909519,0.010097112023870689,0.0005220453959739906,-0.013432018411679108,-0.013179430147059464,0.009198399322705617,0.0017267982292319224,0.01491454871889999,0.005167747859400208,-0.0036150766869316947,-0.006991265423544295,0.0055159788144967204,0.0019204133224137111,0.0017267982292319224,0.01375265939530248,0.010827940528862795,-0.018404732319118006,-0.014982795576707153,-0.0008812004722692322,-0.0008226557173995838,-0.0034368957870429956,-0.012882099571341085,-0.0008146331886783799,-0.002131147564382453,-0.018763714039743914,0.00323963313372671,0.018763714039743893,-0.23000094392087636,-0.22851594609947468,0.2260429830845616,0.38055248508442463,0.004509398171563819,-0.004509398171563846,,-0.25745856336048417,0.257458563360484,,-0.05184073468838327,0.051840734688383315,,-0.13030205396724737,0.13030205396724748,,-0.3134273805778445,-0.13030205396724737,0.3951355054161587,,-0.05476920017116863,0.3044683514319548,-0.30367305208337025,,-0.06467614598160243,-0.30367305208337025,0.348167634459756,,-0.17055760966731878,-0.30367305208337025,0.4412431937421226,,-0.16836869856583728,-0.30367305208337025,0.43930232553569154,,-0.08222375282548143,-0.30367305208337025,0.36622045930351693,,-0.17850946423395161,-0.30367305208337025,0.4368860661307056,,-0.1839782734398553,-0.30367305208337025,0.44135605229159,,-0.3769302673872796,0.1408435824630125,0.3046466350723361,,-0.1328440178485375,0.13284401784853767,,0.14657380221795346,0.14295400695931523,-0.05716261323077502,-0.22013728851487668,,-0.33339644074214336,-0.33327021994957473,1.0,-0.3333964407421438,,-0.29794940092614086,-0.23815970637748587,-0.12894113979968286,0.6810097316688326,-0.19257456282508487,,-0.013064792674765848,-0.013064792674765775,0.02063818542524604,0.009643171543105001,0.020638185425246074,-0.009731466797362125,0.009230551669032519,-0.0019132440249893534,0.013004406976671939,-0.006880697564153432,-0.007806781011671636,-0.002708240870373945,0.020638185425246064,0.026982005071685935,-0.01606520670006654,0.025124018779990064,0.02154086702691868,-0.0168601847505106,-0.006880697564153425,-1.95404987899833e-06,-0.012450519425566232,-0.009736997906812818,0.009728703746028479,0.009728703746028366,-0.006880697564153414,-0.009731466797362101,-0.012327829136660702,-0.01147565195331171,0.00923055166903264,0.004505761064308537,0.00972870374602847,0.02063818542524604,-0.006880697564153442,0.00839672801968024,0.0015760739221605798,-0.0015078972976252133,-0.006880697564153425,0.002598812982500082,-0.018293882061025307,0.013004406976671826,-0.007806781011671645,-0.00688069756415342,0.0187637140397439,0.003936329413613998,-0.004061736043187431,0.0009412033605112639,-0.003071360700454568,0.007442083681385531,-0.0032396331337267515,0.002071169079525278,-0.008381900275692064,0.0058305414819715675,0.00535491376912225,-0.0032396331337267515,0.004450051662329612,-0.012893511431577876,0.0035774981537484846,0.010388069121477548,-0.0032396331337267515,-0.01922451197170993,0.01801490606532471,-0.0050099035322955345,0.0187637140397439,
customer_value_segment_low_value,0.21512205816610433,-0.06453030490583768,-0.658734983650251,-0.356382263056784,-0.543110774570665,0.0684977698551627,,-0.5430975671186591,-0.35352760094316654,-0.5435228651659069,0.6437444819446885,0.3652147270645115,0.05739318475158935,0.05287754861468475,0.05074183090056601,0.18827198367963707,0.006315118533920372,0.0026637164872459706,0.013670716480854623,0.013144584716979097,0.007173028077734244,0.018587011247400764,0.008370694795770347,0.008033629607064245,0.004676795227859484,-0.005190055788376942,0.025931776047137093,0.0026503212631267146,-0.0029687117801457255,-0.0014132343187560018,-0.0007115818866072095,-0.0005752902463289833,0.024430102800340647,-0.011604580168026325,0.01658769771412284,0.01104028544615272,0.0015877562760398963,0.016989015377702914,0.016998177103037485,-0.005602542488978557,-0.0022323683648279675,-0.005386765980552387,-0.003172682861007366,0.0034900423531546154,0.00283354275284572,-0.001396427260543192,-0.0073847162085688076,-0.0022323683648279675,0.001902999702657034,0.0014344085522664375,0.0299214920417575,0.02562459858019616,0.0030625857630664313,-0.003425519395058864,0.0016700866814662123,0.013158946485107032,0.004982890910032396,0.0019468888973699435,0.009408857567699522,-0.001006262625508565,-0.009408857567699509,0.5407981950112176,0.5310155041874666,-0.16164167715267005,-0.3728215539491416,-0.0027043911807986647,0.002704391180798746,,0.2700838315737078,-0.270083831573708,,0.09060029451753411,-0.0906002945175343,,0.03489800395987001,-0.034898003959870035,,0.2850516869767963,0.03489800395987001,-0.3092963470015002,,-0.015419511344392763,-0.1658855670037514,0.21763130305939535,,0.05074183090056601,0.21763130305939535,-0.2543737221445127,,0.09243890573315511,0.21763130305939535,-0.2851213399390144,,0.11372136475953816,0.21763130305939535,-0.30757799958687987,,0.05287754861468475,0.21763130305939535,-0.2557932393840121,,0.11007888100309306,0.21763130305939535,-0.2951287520538175,,0.11376801314662975,0.21763130305939535,-0.29815921675497814,,0.3652147270645115,-0.18083543727007548,-0.2529660851108177,,0.09601109493147184,-0.096011094931472,,-0.17677664595069364,-0.15897290290925925,0.05739318475158935,0.26531525011526425,,-0.3333964407421434,-0.33327021994957584,-0.3333964407421438,1.0,,0.81402255260485,-0.10235353126700378,-0.31229586514295593,-0.3941903850993286,0.06197013615933963,,0.004350809635894934,0.004350809635894914,-0.006880697564153435,-0.02894908434183834,-0.006880697564153462,0.00972870374602843,-0.01539007904673958,0.005725632204035479,0.013004406976671884,-0.006880697564153447,-0.018212375005843377,0.013511266315037487,-0.006880697564153458,-0.006230606755095035,-0.001468951534999206,-0.009344782596722693,-0.0030797636888535173,0.005616870179992214,-0.006880697564153426,-1.9540498790162525e-06,0.00888673622718662,-0.009736997906812976,-0.009731466797362148,-0.009731466797362143,-0.006880697564153461,-0.009731466797362155,-0.006166101749711597,0.01605887565531032,0.009230551669032628,-0.0015078972976252587,0.009728703746028437,-0.006880697564153432,-0.006880697564153447,-0.015609992546450789,0.007897422802443243,-0.007521555659559016,-0.006880697564153432,-0.007806781011671655,0.01835372125428428,-0.007806781011671676,0.0025988129825001032,0.02063818542524617,-0.009408857567699509,0.004773368393719804,0.01025285070379337,-0.011707503301025528,-0.010167674970447514,0.003995417903822213,0.0010062626255086208,0.0028409851029089377,0.0035987348133690385,-0.0044900018426670745,-0.004438557452879376,0.0010062626255086208,-0.004148283643827112,0.003964647352193682,-0.005454411907136468,0.005306093458990149,0.0010062626255086208,0.003926916898147617,0.009088053159258654,-0.00698361795155787,-0.009408857567699509,
customer_value_segment_nan,,,,,,,,,,,,,,,,,,,,,,,,,,,,,,,,,,,,,,,,,,,,,,,,,,,,,,,,,,,,,,,,,,,,,,,,,,,,,,,,,,,,,,,,,,,,,,,,,,,,,,,,,,,,,,,,,,,,,,,,,,,,,,,,,,,,,,,,,,,,,,,,,,,,,,,,,,,,,,,,,,,,,,,,,,,,,,,,,,,,,,,,,,,,,,,,,,,,
tenure_segment_0_6_months,0.3085385026607783,-0.021873659615900046,-0.6274417583219443,-0.17179608872837587,-0.4873982770723363,0.07664694944007179,,-0.4873814306208237,-0.17113500184596236,-0.48762117185664966,0.774004651203277,0.41894599183625786,0.1392080606226594,0.16704889336075734,0.17312943637461134,0.28676412704655163,0.008859917262313095,0.0029379288219620603,0.01528882422885873,0.012628559771524245,0.008146717676050332,0.007286825573132236,0.011210230481026456,0.010994120310078879,0.009264311196154885,0.0001843555624065839,0.02296270865294139,0.005509798651896023,0.006669349801076262,0.007401243483569707,-0.004107183774341549,-0.0012311630677652443,0.020086723525548262,-0.009360401811573391,0.016403621735154784,0.0135663223802448,0.004504479214441527,0.01697123482668631,0.017102533427715276,-0.017344678666421497,-0.01208387870565298,-0.011209382496552279,-0.0035992765525859178,-0.0009409740340199482,-0.000633583267489171,-0.011119479276179914,-0.01376120378754074,-0.01208387870565298,-0.01118116023061112,-0.011754527569473261,0.02915965803849958,0.02566312071403465,-0.010332183354928592,-0.014258919959402157,-0.0010604098788299316,0.01287099370562647,-0.005235811026420363,-0.009277240911891225,0.011859530844571744,-0.0141410549997548,-0.011859530844571746,0.5864572672067848,0.5739233723699095,-0.0822731297724997,-0.41216794264662465,0.0010762373661392657,-0.0010762373661392442,,0.2735802298656154,-0.2735802298656153,,0.13211227425941843,-0.1321122742594185,,0.006585099616088212,-0.006585099616088221,,0.22883094207168417,0.006585099616088212,-0.23546103274004773,,0.000669634836520513,-0.0217799150394721,0.025467849142505387,,0.17312943637461134,0.025467849142505387,-0.21462595347915708,,0.18724255199897594,0.025467849142505387,-0.21753605936678685,,0.20932954829013398,0.025467849142505387,-0.24081145061557688,,0.16704889336075734,0.025467849142505387,-0.20713022458415317,,0.17724970952885477,0.025467849142505387,-0.20000165348442436,,0.18554184069566682,0.025467849142505387,-0.20771017725805205,,0.41894599183625786,-0.23194838342889096,-0.26686693684308604,,0.014943570903225801,-0.014943570903225819,,-0.17742128280476843,-0.16003512540720494,0.1392080606226594,0.17501876208150619,,-0.21829294405235775,-0.29783660005326296,-0.29794940092614086,0.81402255260485,,1.0,-0.21283833049315387,-0.2790922594252314,-0.35227967290157275,-0.17209984455630223,,-0.000951207434409942,0.008302043892315612,-0.006149134983654719,-0.024939680876434986,-0.006149134983654723,-0.008696807608240846,-0.01375379059828808,0.010279542909523823,0.016896160673621024,-0.006149134983654721,-0.016276017255475467,0.014550929140620826,-0.006149134983654718,-0.002762356959814279,-0.002869991990377957,-0.004749457752010493,-0.013753790598288075,-0.003125092761799971,-0.006149134983654714,0.0023235476690811187,0.013950469528952139,-0.007057052138881004,-0.00869680760824085,-0.008696807608240837,-0.006149134983654718,-0.008696807608240835,-0.0013461678315163633,0.020554467458526626,0.012409058067138826,0.0037327697836784047,0.011982333507505268,-0.006149134983654722,-0.006149134983654721,-0.020098334748186612,-0.006685839465994685,-0.002657579653960578,-0.00614913498365472,-0.005218624612443396,0.017428804875049695,-0.0052186246124434005,0.005838768030588796,-0.006149134983654718,-0.01185953084457174,-0.0029377910339089355,0.0040167624046907845,-0.013913860327946384,-0.01055051271016708,0.004302024347982537,0.01414105499975483,0.0027493606871001374,0.002053202197473855,-0.010877832178676295,-0.014063314966882427,0.01414105499975483,-0.017857657772510256,0.012310471727899838,-0.015651561675663637,0.005678488188458266,0.01414105499975483,0.009449380532377089,0.003212536238088361,-0.00621213183682821,-0.01185953084457174,
tenure_segment_13_24_months,0.020308472885826444,0.0021437508782224542,-0.23546949323517502,-0.04651148157541269,-0.21005953556350274,-0.016313408756218103,,-0.21006800148775093,-0.0471519550681129,-0.21006126959860508,-0.11880023857586909,0.1405646532476527,0.03082949784196082,0.0516046240344809,0.036588393234425524,0.08908271198693919,-0.0040588268928727885,-0.005050711285775367,-0.007576510408514745,0.006729516991773382,0.0005937476748779936,0.007458604542199542,-0.0026119248814214027,0.0005459221178564402,-0.005467776749918236,0.01163731560888907,-0.006227612607979192,0.0010682771192964348,0.009801673242908442,-0.0037565401125834205,-0.002961877810432201,0.00462312062472887,-0.007204971168424777,-0.007990861945736448,0.00834192319552273,-0.005671911884450973,-0.00772010697465775,0.007815057462300002,0.007430689805710887,-0.012133520220908632,-0.006958579039986019,-0.008052368881528618,-0.005518814326696216,-0.005999214221032501,0.004805053416198885,-0.015665452519869595,-0.011527295239641652,-0.006958579039986019,-0.004787904908121967,-0.0056573449527423155,-0.007378584758894872,-0.0027047112783792114,-0.0034502178558512946,0.00935617481321378,-0.0020981296042153464,0.006238916144267969,-0.006091337610143658,0.0011742087758324948,0.0021288558496169664,-0.00037128289966480973,-0.002128855849616972,-0.09387168157206831,-0.09117690245326494,-0.016828732895902233,-0.14524381473775602,0.0007014261543211163,-0.0007014261543211127,,0.048867935449769195,-0.04886793544976912,,0.002443078964430155,-0.0024430789644301633,,-0.012473238106292164,0.012473238106292186,,0.051690227412408384,-0.012473238106292164,-0.044827854873702555,,-0.013565312774121685,-0.0009214693766922561,0.016749321398149063,,0.036588393234425524,0.016749321398149063,-0.055713887553503205,,0.06658771538748068,0.016749321398149063,-0.08402787099796998,,0.060064336730937966,0.016749321398149063,-0.07728648481039221,,0.0516046240344809,0.016749321398149063,-0.07204862243699006,,0.03573767583927489,0.016749321398149063,-0.05016141943960764,,0.03961041519694175,0.016749321398149063,-0.05390727414095469,,0.1405646532476527,-0.016998747507218852,-0.14740560892317062,,-0.003743803948697137,0.0037438039486971508,,-0.04623246502061395,-0.0394275569393928,0.03082949784196082,0.049499549747113104,,0.2659974642381411,0.07452988490603271,-0.23815970637748587,-0.10235353126700378,,-0.21283833049315387,1.0,-0.22308663937679513,-0.2815874883460265,-0.13756446000473838,,-0.015553119109818206,0.005841532821910389,-0.004915184181040763,0.0160189491025724,-0.0049151841810407635,-0.006951613730257411,0.004129119965442541,0.0010312868309247964,-0.00022687462661332062,0.028891107017269765,0.012556149335291866,0.008101569403342591,-0.004915184181040763,-0.006113183448152981,0.021211357850765965,-0.008897591865425188,-0.010993808748344252,0.001762293100951965,-0.004915184181040763,-0.009832462975201376,0.015894368370208585,-0.0019508812481992862,-0.006951613730257413,-0.006951613730257405,-0.004915184181040762,0.016954741495427493,0.030975659623200258,-0.014753935461674896,-0.010993808748344184,-0.007780985734307076,-0.006951613730257415,-0.004915184181040764,-0.004915184181040761,-0.004706609712351847,0.00961027952292902,-0.015168621556189834,-0.004915184181040765,0.012556149335291809,-0.007021900595713065,-0.00022687462661338296,-0.0002268746266133036,-0.004915184181040759,-0.0021288558496169725,0.0012253832633162772,0.004712754459764308,0.013433530319449489,-0.011891132305338774,-0.0107227374861456,0.00037128289966473926,-0.014964171474689167,0.005204606264614871,0.0013499578784614526,0.01115797070459325,0.00037128289966473926,0.017903930168576554,-0.018969077897753917,0.023376139466798708,-0.027246376136374855,0.00037128289966473926,0.01712811259701607,-0.009354436384458752,-0.007097145573264207,-0.0021288558496169725,
tenure_segment_25_48_months,-0.07531152660414625,0.020747906136083127,0.08413618332141852,0.02120915532292367,0.02710779586086697,-0.021391570297281167,,0.027102808634102193,0.02009224478304895,0.02739226238942775,-0.24835639999297326,-0.05115876044270031,-0.010961201868595411,-0.014268200877304267,-0.001141049465652746,-0.03323291436346451,-0.009431711234565758,-0.022644473088915453,-0.017850489704851338,-0.013135118134345147,-0.014506593735255915,-0.00739838243220163,-0.0034264474194090717,-0.005530766069610842,-0.0006238071785493886,0.025791804257587342,-0.03099758525229057,-0.015807325664689478,-0.004094550266383879,0.014534714661658227,0.020557394723986436,0.002948064506480937,-0.020574952769056302,0.004546852548115866,-0.0012177309529974652,-0.015514535896440702,0.0037467329534816448,-0.002196995844229335,-0.0022236977083822684,0.01043033456768033,0.00519708131005223,0.00824664898595508,-0.004219248624930696,-0.006370640819317579,0.0055842724057684435,0.011806212247562904,0.015340165135716885,0.00519708131005223,0.00016229719484065893,0.00017024683365800063,-0.002911179781345055,-0.0033199751514104456,0.005024209462316423,4.2204628857103257e-05,-0.0006891119405391322,0.002178502313870899,0.007764942902504683,0.003276515435879804,0.0037722103016541433,0.007660079336945523,-0.003772210301654131,-0.18505341925678934,-0.18192007408874294,0.03203671532458711,0.05163948784712363,0.01057465543015403,-0.010574655430154033,,-0.02787054755203901,0.02787054755203899,,-0.02330056895022524,0.023300568950225226,,0.014510708977243335,-0.014510708977243287,,-0.032079349502434316,0.014510708977243335,0.023766632146349265,,-0.0006646993287220945,0.0063583507158218215,-0.006894052543636735,,-0.001141049465652746,-0.006894052543636735,0.007542356372957218,,-0.016335516733686304,-0.006894052543636735,0.023027840466325493,,-0.03724054305431099,-0.006894052543636735,0.044890940013056595,,-0.014268200877304267,-0.006894052543636735,0.021974941502922916,,-0.022845619122832915,-0.006894052543636735,0.028836752496627333,,-0.019647888058444078,-0.006894052543636735,0.025543965062435454,,-0.05115876044270031,0.15403380263538227,-0.08700840135030692,,0.004831503089037956,-0.004831503089038024,,0.021779497109001983,0.028470598182592784,-0.010961201868595411,-0.037018885749735615,,0.01366809102286351,0.42764988521373526,-0.12894113979968286,-0.31229586514295593,,-0.2790922594252314,-0.22308663937679513,1.0,-0.36924217628598643,-0.18038656791930244,,0.024661615111743647,-0.0023721211111373064,-0.006445219972358024,0.030477137458421212,-0.006445219972358023,-0.009115564748763133,-0.014416044873848273,-0.007448253960408931,-0.017059718442395646,-0.006445219972358028,0.015244887308579239,-0.010543174589878648,0.022032624610651644,-0.0042065777566456285,-0.0011152273615293083,-0.006088066432474584,-0.0016767470010108998,0.007467213949061517,-0.006445219972358015,0.015590725936240826,-0.024987080024542786,0.0019079905646787255,-0.009115564748763136,0.01102274219149363,-0.00644521997235802,-0.009115564748763112,-0.003357073354094242,-0.0003506294163429022,-0.0016767470010109276,-0.029577740161919858,-0.009115564748763131,-0.006445219972358025,-0.006445219972358028,-0.0023287720654473487,-0.001963511135371999,0.0015383535168161315,0.022032624610651568,0.004476685391587617,0.009898635687088516,-0.006291516525404009,0.015244887308579208,-0.006445219972358015,-0.00377221030165413,-0.004062431309307588,0.0029248760944703364,0.00682859217733333,0.015519264230274643,-0.01139480112042878,-0.007660079336945491,0.004345392592119767,-0.005262056599562808,0.007764514061535761,0.0029902040148096867,-0.007660079336945491,0.0014155566211016908,0.007625369092807943,0.006583395528283931,-0.007441848161196094,-0.007660079336945491,-0.006246377603720746,-0.0012520267796583698,0.008280850888970067,-0.00377221030165413,
tenure_segment_49_plus_months,-0.2632219948552588,0.00823379040911832,0.8528205152156693,0.20792904067384002,0.7250963475789587,-0.027001162277651855,,0.7250980074068492,0.20746054583442392,0.7252408535238514,-0.3674728454420749,-0.5454208600008507,-0.17099092662706855,-0.21655631925212582,-0.21955781713815978,-0.37067691809389164,-0.007334319866018746,0.013044012433745283,0.006747099179354226,-0.005636914376480073,0.0057944485475004736,-0.014854383522700161,-0.014181876047208754,-0.0002312871271145575,-0.00043059346285445876,-0.02763312031530072,-0.0025514339116218697,0.0039005884501126286,-0.014124369052234433,-0.009545694643933187,-0.0077465465411041805,-0.020048818841587306,-0.006028800200449386,0.007291439756241768,-0.020664054797755998,0.004956891253411404,0.005369353159559397,-0.01995190772403206,-0.019533297137467442,0.016601106265382595,0.018725197569129274,0.0027703374544610425,0.008410703910266869,0.0013025136564303193,-0.012433509637980029,0.013269165766230637,0.004838768978301663,0.018725197569129274,0.005149364019214542,0.0033130713854244258,-0.018036373234278744,-0.016279255533529033,-0.001497809590185556,0.012269425748334811,-0.0007743253189991581,-0.021363187787366712,0.0006522859625421937,0.006957603436986102,-0.020375183069492656,0.0018120831014618488,0.02037518306949266,-0.27383569926111984,-0.27194975441119845,0.07796698583164291,0.5528911001423391,-0.010885899763628772,0.010885899763628686,,-0.3127063312648656,0.31270633126486536,,-0.1212922300813176,0.12129223008131752,,-0.011146266978997765,0.011146266978997746,,-0.2640504550122657,-0.011146266978997765,0.2738254077084838,,0.011782570284900597,0.018287268998465975,-0.03561588472369235,,-0.21955781713815978,-0.03561588472369235,0.2752055956318749,,-0.2652697431061175,-0.03561588472369235,0.30778417912481637,,-0.24752689972083472,-0.03561588472369235,0.2895243424585253,,-0.21655631925212582,-0.03561588472369235,0.2708766289953236,,-0.19944530715888314,-0.03561588472369235,0.23093989484893807,,-0.20788910854856832,-0.03561588472369235,0.23871392730375485,,-0.5454208600008507,0.12424912612675977,0.5165096629787364,,-0.006838234183827723,0.006838234183827709,,0.1998400200964903,0.18753843062693593,-0.17099092662706855,-0.18831288635906357,,-0.23083319643514444,-0.0559967525679648,0.6810097316688326,-0.3941903850993286,,-0.35227967290157275,-0.2815874883460265,-0.36924217628598643,1.0,-0.22769001646021372,,-0.017645120894772496,-0.0014498271615499155,0.017455264826968415,-0.004858262423172086,0.017455264826968384,-0.011505973596762115,0.027594515238593076,-0.0009430478429861878,0.007496074257345207,-0.00813537426052924,-0.0021804013648105227,0.003692763716785498,-0.008135374260529243,0.01932695155275181,-0.015233230353629085,0.030544121096590677,0.01614678178595658,-0.009483548524287656,-0.008135374260529245,-0.0034761695069484063,0.001530726329129078,0.01318687137948042,0.02468722517143582,0.006590625787336875,-0.008135374260529243,0.006590625787336878,-0.013511776657760911,0.0011851897092083395,0.004699048333319984,0.024181082419462426,0.006590625787336995,0.017455264826968405,-0.00813537426052924,0.006738261822774661,0.005642208071201557,0.0018119534406389132,-0.008135374260529231,-0.002180401364810614,-0.029133645078192244,0.017172549879500867,-0.021533352609121828,-0.008135374260529245,0.02037518306949266,0.007187294418671989,-0.0107825715208657,-0.003141431240304196,-0.0007240097652341275,0.011453408936059188,-0.0018120831014618798,-8.985284928470535e-05,-0.009741758379394767,0.006231306838701677,0.007266398984720053,-0.0018120831014618798,-0.00017184170445173064,-0.004810249433914478,-0.008982554380552258,0.01873483918555802,-0.0018120831014618798,-0.01454389121651815,0.0015036572776020848,0.003441938098755696,0.02037518306949266,
tenure_segment_7_12_months,0.07062336486052895,-0.014520722994904665,-0.31200850526994445,-0.06429291531115411,-0.25431980397175513,-0.013190928084351062,,-0.25432835636963197,-0.062154194123613914,-0.25463594381143206,0.005022259111129377,0.1836429579192989,0.05535936052889515,0.06846490069039111,0.06419981726655208,0.12746623016627015,0.017266597376407216,0.013276256756195164,0.002559124369776455,0.002008929443755248,-0.0005234115210879846,0.01470824244240304,0.014627562091595572,-0.007498560487102046,-0.004619158146234135,-0.00700408381381335,0.02331245301289,0.007251440192844454,0.007055855693672187,-0.0110914218443924,-0.007587439219364405,0.023237833280643914,0.019228969163093926,0.004442028915620363,0.0016890420600100726,0.002181682103293936,-0.010603413000700572,0.0017975490739718229,0.0014584500577134835,-0.0024988625148457053,-0.011718819960565424,0.008880986597110981,0.004201799880331423,0.015184713103676544,0.006722013599668454,-0.003551732667507308,0.003327782900816887,-0.011718819960565424,0.012588925078536373,0.017226513721959866,0.001116816643258653,-0.0017813054570050698,0.01339979846409474,-0.010723497225068983,0.0060661251241325926,0.005305029260677307,0.002424960739963321,-0.004145886737680383,0.007750595118495965,0.006144853241228022,-0.007750595118495969,-0.003150075074920592,0.003408323231896346,-0.0341619485585657,-0.19961085962131167,-0.00013877831334027437,0.00013877831334029454,,0.09517881448651815,-0.09517881448651815,,0.03842788948522445,-0.03842788948522443,,0.002770985604775346,-0.0027709856047754074,,0.08300017376989784,0.002770985604775346,-0.08563403745626734,,-0.002331341584163072,-0.006583958068461625,0.010619929906331566,,0.06419981726655208,0.010619929906331566,-0.08065887765820595,,0.10191186172037227,0.010619929906331566,-0.11559035044257643,,0.08120240909138109,0.010619929906331566,-0.09405702848976633,,0.06846490069039111,0.010619929906331566,-0.08505736662435563,,0.058660613325902465,0.010619929906331566,-0.0680462518608866,,0.05149589013104582,0.010619929906331566,-0.06065125755106321,,0.1836429579192989,-0.07263826341031153,-0.14460298288698134,,-0.012019289042010634,0.01201928904201064,,-0.04522785127911777,-0.06706889191567125,0.05535936052889515,0.04801529375776936,,0.32306963425924096,-0.1925016558861424,-0.19257456282508487,0.06197013615933963,,-0.17209984455630223,-0.13756446000473838,-0.18038656791930244,-0.22769001646021372,1.0,,0.012551188328900325,-0.012576162268156154,-0.003974389535769805,-0.019905897500318348,-0.003974389535769798,0.05053350065865797,-0.008889530247149783,-0.003320667295960902,-0.010519728845783786,-0.003974389535769803,-0.010519728845783735,-0.020301558401488864,-0.0039743895357697975,-0.013190928084351112,0.004174239633452606,-0.02200319547565317,0.008871877279283152,0.006476340222538239,0.03573004379816875,-0.007950472763608584,-0.0051462219523337495,-0.011246862448980988,-0.005621034705641201,-0.005621034705641194,0.03573004379816878,-0.005621034705641191,-0.008907854392801643,-0.011929946986826409,-0.008889530247149731,0.007790783313529905,-0.005621034705641204,-0.0039743895357698044,0.035730043798168756,0.025608704453188913,-0.008225660136082205,0.016467330890568486,-0.0039743895357698044,-0.010519728845783772,0.01598349506908278,-0.010519728845783798,0.004493533618421938,0.03573004379816875,-0.007750595118495975,-0.0029376784741187967,0.0016626942149210067,-0.0015321813148408967,0.0077768253065589885,0.004869080300183047,-0.006144853241227997,0.00792295317683377,0.01355062531952458,-0.007309483896881803,-0.00945309476107345,-0.006144853241227997,0.0015117855909953296,0.0023956995244210264,-0.0014455993380235901,0.00559808235171724,-0.006144853241227997,-0.001672404823357554,0.0060372930096945655,-0.0001156380765187783,-0.007750595118495975,
tenure_segment_nan,,,,,,,,,,,,,,,,,,,,,,,,,,,,,,,,,,,,,,,,,,,,,,,,,,,,,,,,,,,,,,,,,,,,,,,,,,,,,,,,,,,,,,,,,,,,,,,,,,,,,,,,,,,,,,,,,,,,,,,,,,,,,,,,,,,,,,,,,,,,,,,,,,,,,,,,,,,,,,,,,,,,,,,,,,,,,,,,,,,,,,,,,,,,,,,,,,,,
primary_activity_country_australia,-0.014122965684626803,0.014102896968859135,-0.01362138276196518,0.009044508222651619,-0.006006075880866829,-0.001491374121323863,,-0.006006583140794878,0.010586854477357606,-0.006174800466846482,0.008326398964174885,0.01135520226336122,0.005126424528252998,0.008061628891644176,0.00025163991582216556,0.006728127439905475,0.01079075146983541,0.019077118725031993,0.010977602790595026,0.023036895955303456,0.02463807696959956,-0.006062491587033685,0.0049491917284161056,0.02321313918524736,0.09412474047115975,-0.009937016744020736,0.02176871320583717,0.023895351827301785,0.006160745189027892,0.018146692659221156,-0.0032792549411543932,0.012771077509036569,0.010246266625831548,0.0028815153060084975,0.003398865158414755,0.009939513662109194,0.040810882768808496,0.003978292056895136,0.005371710067878125,0.01073008687420588,0.007892925130078304,0.00639612496157667,0.020397095572930055,0.0048870523388875,0.004098886225369302,-0.0026298806735968595,0.0005659780381887864,0.007892925130078304,0.004896801541330034,0.006977634019124701,-0.014355061106229545,-0.012152582861183401,-0.00018491718264131276,-0.001092497262604463,0.0018313170656247609,-0.0036264722528607683,-0.008597210697077575,0.002294027832779309,0.00828037252859454,0.000983328251063396,-0.008280372528594544,0.013533395463298957,0.011471682655262449,-0.0027470914923536593,-0.007854969349801458,0.00035872897586821463,-0.0003587289758682805,,-0.01637208432814228,0.01637208432814224,,-0.01649733480956677,0.016497334809566715,,0.00040371944655741087,-0.00040371944655742784,,0.008955861586246863,0.00040371944655741087,-0.009302772121204162,,-0.011412202322387365,0.012187011543394329,-0.0015256995896229721,,0.00025163991582216556,-0.0015256995896229721,0.001111737637297824,,-0.018120573992463675,-0.0015256995896229721,0.020238432736250925,,0.004600762641671482,-0.0015256995896229721,-0.003483963871042153,,0.008061628891644176,-0.0015256995896229721,-0.007495401264840407,,-0.007621623299135059,-0.0015256995896229721,0.008964622688511522,,-0.007359497437004231,-0.0015256995896229721,0.0086746600982029,,0.01135520226336122,-0.010119466134786963,-0.003586923830301641,,0.007076141910289821,-0.007076141910289583,,-0.0017521966585699728,-0.0106367141756381,0.005126424528252998,0.006383491770778492,,0.004350809635894814,0.004363999683336322,-0.013064792674765848,0.004350809635894934,,-0.000951207434409942,-0.015553119109818206,0.024661615111743647,-0.017645120894772496,0.012551188328900325,,1.0,-0.0014218683349922477,-0.0004493468286540931,-0.002250572530140567,-0.0004493468286540996,-0.0006355175042612441,-0.0010050555409405178,-0.0016215252094753704,-0.0011893667574883313,-0.00044934682865408544,-0.0011893667574883091,-0.0022953061853505613,-0.0004493468286540998,-0.0014913741213239274,-0.004290074472904922,-0.004361930718218826,-0.0010050555409405358,-0.001101061408022555,-0.0004493468286540854,-0.0008988851471339994,-0.0017420453009375197,-0.0012715769121960326,-0.0006355175042612473,-0.0006355175042612527,-0.0004493468286541002,-0.0006355175042612628,-0.0020122565740937287,-0.001348806853554575,-0.0010050555409405035,-0.0020620962197589153,-0.0006355175042612536,-0.0004493468286540926,-0.0004493468286540851,-0.002587185998637636,-0.001961165480155685,-0.00206209621975885,-0.0004493468286540926,-0.0011893667574883074,-0.10330827011369656,-0.001189366757488297,-0.0011893667574883178,-0.0004493468286540993,-0.008280372528594544,0.0010332807961512525,0.004128400946137631,0.01895211515262689,-0.013838593657178065,-0.011818690126587374,-0.0009833282510634052,0.00547929514857815,-0.017592534614499635,0.006213820475074299,0.008037296964502942,-0.0009833282510634052,-0.011496158266059799,0.011064532081881547,-0.005835748053526507,0.009586070980799749,-0.0009833282510634052,-0.007388164865272544,0.008824001793761369,0.003045558891195356,-0.008280372528594544,
primary_activity_country_austria,0.0029574923417879256,-0.01658822570649604,-0.007172408699615208,-0.018451617505170628,-0.01808571012886129,-0.0014913741213238628,,-0.01808646149314941,-0.01865711711859644,-0.01795923225941515,0.001612124385066207,-0.0038044393897241485,0.005126424528253003,-0.01456511883040033,-0.007290061901776847,-0.0007616475736936732,-0.008899412447678657,-0.007457291924121881,-0.007047567396748752,-0.0018416747457462733,-0.0006036439893408904,-0.002383112063034866,-0.007850654592666442,-0.003602899335283368,0.07258281163178877,-0.011627588466640493,0.023573815175113387,-0.0011804962363414764,-0.005281771419911549,0.019891798683863378,-0.005413248402853053,0.012548496576834618,0.008208322672696671,-0.007073466330624143,0.011913215168213174,-0.00595225432231277,-0.0017639441055137062,0.011303619018236661,0.011070454438611753,-0.01706012295527034,-0.016942460584505013,-0.005576740979788104,-0.013859091025731386,-0.019145561557764652,0.004098886225369324,-0.013986256874787334,-0.015485766886495292,-0.016942460584505013,-0.005014067730835688,-0.002416129986743117,0.024727064111536096,0.021892974291883117,-0.01593306370432424,-0.013564860456474842,-0.008656495270570429,0.0014667152793878327,-0.008597210697077542,-0.015027933596500995,0.008280372528594532,-0.015293007523884366,-0.008280372528594534,-0.005735417611624863,-0.00866695549347083,-0.016043175958236545,0.007437141218915983,0.00035872897586822455,-0.0003587289758682758,,0.006265555209146952,-0.006265555209146985,,0.008197825459036657,-0.0081978254590367,,0.02590502942058339,-0.025905029420583345,,0.01650265904400439,0.02590502942058339,-0.03220899192646189,,0.004466134492423924,-0.010604576959028925,0.007627198374358532,,-0.007290061901776847,0.007627198374358532,0.0011117376372978226,,0.004677425762613491,0.007627198374358532,-0.011493375313930378,,-0.010594159414737639,0.007627198374358532,0.004454424205227785,,-0.01456511883040033,0.007627198374358532,0.009120938397819868,,7.87199652184351e-05,0.007627198374358532,-0.006538836512271019,,0.008064677670515788,0.007627198374358532,-0.014540905856822899,,-0.0038044393897241485,-0.010119466134786972,0.01405462961719462,,0.0070761419102898,-0.007076141910289549,,0.01647634258265303,-0.010636714175638065,0.005126424528253003,-0.011567768976513496,,0.021766411946555698,-0.013054900724562815,-0.013064792674765775,0.004350809635894914,,0.008302043892315612,0.005841532821910389,-0.0023721211111373064,-0.0014498271615499155,-0.012576162268156154,,-0.0014218683349922477,1.0,-0.0004493468286540705,-0.002250572530140576,-0.0004493468286540995,-0.0006355175042612464,-0.0010050555409405163,-0.00162152520947539,-0.0011893667574882948,-0.00044934682865408696,-0.001189366757488389,-0.002295306185350561,-0.0004493468286540995,-0.0014913741213238663,-0.00429007447290484,-0.004361930718218929,-0.0010050555409405347,-0.0011010614080225539,-0.00044934682865406956,-0.0008988851471340105,-0.0017420453009374494,-0.0012715769121960183,-0.0006355175042612448,-0.0006355175042612527,-0.0004493468286540998,-0.0006355175042612622,-0.0020122565740937587,-0.0013488068535545885,-0.001005055540940525,-0.0020620962197588195,-0.0006355175042612527,-0.0004493468286540949,-0.00044934682865408886,-0.002587185998637597,-0.001961165480155648,-0.0020620962197587973,-0.00044934682865409493,-0.001189366757488312,-0.10330827011369716,-0.0011893667574882966,-0.0011893667574882807,-0.00044934682865409883,-0.008280372528594534,0.010659466837545041,-0.016449325779727356,-0.014616435527216635,-0.0021800751012563853,0.0013938550419133932,0.015293007523884333,-0.01222691073875197,-0.007751055560494803,-0.0045761049701792235,0.008037296964503001,0.015293007523884333,-0.0025067674957856205,-0.00832282939409588,-0.0058357480535265,-0.002102761761196946,0.015293007523884333,0.0009320853979372381,-0.000508847678150601,0.003045558891195356,-0.008280372528594534,
primary_activity_country_bahrain,-0.007162150259642815,-0.0052423043897756125,0.014862584888971539,0.007888839475884578,0.016349569226077425,-0.0004713124381923642,,0.016349777665971156,0.008149986607325872,0.016119026886267332,-0.006193609758091148,-0.013179388389395932,-0.008473004819437505,-0.011753582856994611,-0.01183733047541282,-0.008863200304710248,-0.006775030510813207,-0.0067491282278267384,-0.005242961359094787,-0.005055662370201247,-0.005557404495951299,-0.0021187603775549334,-0.007146205757998846,-0.0036580709059656855,-0.0008892769267465961,-0.004247041605415782,0.008558689781422503,-0.005650658897386468,-0.00285974018059568,-0.0025125432919236575,-0.004702749407917871,-0.0010225096634422287,-0.0075388952017729745,0.002518745008957982,-0.000301266445469314,-0.004511744172546841,-0.002189933129649447,-0.0005907989700180003,-0.0007059865793902325,0.03083603996546095,0.041737458006319166,0.011480670479156496,0.015106671081104094,0.05167091776184874,-0.004655835269456013,0.036254251099096996,0.04245188619320473,0.041737458006319166,-1.852956039106169e-05,0.0007207760804571399,0.012503520682097877,0.011293089352285537,0.005416061056614641,0.008851777730021706,0.0008800537962321314,-0.004365213700867917,0.00624012712177167,0.0206346004790334,0.0026168099002070867,0.008026365693752627,-0.002616809900207084,-0.001979888610247909,-0.001863933604484171,0.00970013518064179,0.003924301651569786,-0.011803761484172146,0.011803761484172148,,-0.012328072349750994,0.012328072349750975,,0.007793591876522018,-0.007793591876522041,,-0.0039019480159748726,0.0039019480159748544,,-0.011479606530005133,-0.0039019480159748726,0.013950974612307656,,-0.008624509676297321,0.013455042590825694,-0.006267260757547035,,-0.01183733047541282,-0.006267260757547035,0.01879787015973223,,0.013486106584875243,-0.006267260757547035,-0.008646233341512865,,0.013458920721210632,-0.006267260757547035,-0.00862722400858445,,-0.011753582856994611,-0.006267260757547035,0.018636017615036544,,0.014625912264336592,-0.006267260757547035,-0.009415675458804028,,0.014734731228403825,-0.006267260757547035,-0.009486441343011312,,-0.013179388389395932,-0.0061280988972625015,0.021167171944266344,,-0.009888356433176681,0.009888356433176752,,-0.00631442454254845,0.022696220232823205,-0.008473004819437505,-0.006492240610885827,,-0.006880697564153422,-0.006878092596031901,0.02063818542524604,-0.006880697564153435,,-0.006149134983654719,-0.004915184181040763,-0.006445219972358024,0.017455264826968415,-0.003974389535769805,,-0.0004493468286540931,-0.0004493468286540705,1.0,-0.0007112385895282059,-0.0001420051121840386,-0.00020083981622358164,-0.0003176233050758084,-0.0005124435171168291,-0.00037587037240469225,-0.0001420051121840342,-0.0003758703724047084,-0.0007253755708562788,-0.00014200511218403868,-0.0004713124381923404,-0.001355773464847818,-0.001378481879654044,-0.0003176233050758027,-0.00034796361918494693,-0.00014200511218403382,-0.00028407074005987757,-0.0005505309542970593,-0.0004018508878940595,-0.00020083981622358134,-0.00020083981622358342,-0.00014200511218403887,-0.00020083981622358684,-0.0006359246406681782,-0.00042625752834914816,-0.0003176233050758007,-0.0006516752458189481,-0.00020083981622357554,-0.00014200511218403643,-0.0001420051121840345,-0.0008176170711562316,-0.0006197785457952822,-0.0006516752458189298,-0.00014200511218403643,-0.00037587037240470955,-0.032648060588244446,-0.0003758703724047147,-0.00037587037240470505,-0.00014200511218403865,-0.002616809900207084,-0.005757699703365659,-0.005198408453662672,-0.0046191681668035734,0.03247055588058487,-0.003735008929119108,-0.008026365693752636,-0.006661824490402772,0.02554190390984072,-0.004856059359543409,-0.004578656117543043,-0.008026365693752636,-0.006473958429326348,0.024940836230756883,-0.0051267892745457105,-0.004358497266997244,-0.008026365693752636,-0.007593673988531979,-0.006059648072486115,0.012917869652140111,-0.002616809900207084,
primary_activity_country_belgium,-0.003429425741053765,-0.01977913476589397,0.015235718577673443,0.015182200567551957,0.013178933397132766,-0.0023605882113075577,,0.013177264162560298,0.01334138402611565,0.014277972642031192,-0.018397395152886846,0.0011767581407415373,0.003059081712888881,-0.015891224530381828,-0.011538911624509552,0.004044524794612264,-0.0010128462847482232,0.008062774515688593,0.006410899147198132,0.007715260820982806,0.006392881473837989,-0.006050569064022413,-0.0007003088836092439,-0.002949568670737927,0.1319346623370504,-0.012759628305263086,0.03469083905514708,0.006586554935082388,0.004645881871501347,0.014017601125215181,-0.01825694798281784,0.010635469916749822,0.012323323182114489,-0.020905982352465758,0.027161305351039406,0.0024768153465761934,-0.0005567205444177774,0.026809232324688917,0.026553204791182033,-0.017106134122500727,-0.005851589666837155,-0.022092708248739993,-0.01109222468622745,-0.01813148887932194,-0.011396236109397186,-0.010154376665078348,0.005977274867099944,-0.005851589666837155,-0.0032302456888057343,0.0006362954770075668,0.0050947405083310885,0.0012797462917504736,-0.016174498394757136,-0.005677555177095812,-0.006457929481893475,-0.012189391076387711,-0.008908090813288498,-0.01422192276483238,0.013106402677072072,-0.02162993187270902,-0.013106402677072075,-0.014040881061061774,-0.010278730726222624,-0.014218909330237596,0.020556256468207194,-0.016144677904926248,0.016144677904926175,,0.005139763156185036,-0.005139763156185107,,-0.0026595282088485066,0.0026595282088484593,,0.02082110770934328,-0.02082110770934334,,-0.014493085991592755,0.02082110770934328,0.0021950608429433735,,0.007069121209888903,0.004859876286209483,-0.014004887568506607,,-0.011538911624509552,-0.014004887568506607,0.025517178313357276,,0.004997871902408093,-0.014004887568506607,0.006920959390126823,,-0.009553445682070732,-0.014004887568506607,0.022128706115190452,,-0.015891224530381828,-0.014004887568506607,0.030217354805383515,,-0.0047507263871276245,-0.014004887568506607,0.01664338316241683,,-0.00920743501030797,-0.014004887568506607,0.021079739937732104,,0.0011767581407415373,0.004528288077965795,-0.005677482254521024,,-0.005803124525802263,0.0058031245258026625,,-0.0027734253377287954,-0.002334856409304654,0.003059081712888881,0.0015798417298117382,,0.0041299921309700454,0.015178794623033176,0.009643171543105001,-0.02894908434183834,,-0.024939680876434986,0.0160189491025724,0.030477137458421212,-0.004858262423172086,-0.019905897500318348,,-0.002250572530140567,-0.002250572530140576,-0.0007112385895282059,1.0,-0.0007112385895282376,-0.0010059146844434896,-0.0015908297104870468,-0.0025665949536711414,-0.0018825626021695217,-0.0007112385895282143,-0.0018825626021696643,-0.0036330741193699584,-0.0007112385895282375,-0.00236058821130748,-0.006790448541094854,-0.006904184593753851,-0.0015908297104870633,-0.0017427904524697764,-0.0007112385895281888,-0.0014227802744494855,-0.002757357488077056,-0.0020126871090107605,-0.0010059146844434896,-0.0010059146844435044,-0.0007112385895282383,-0.0010059146844435222,-0.0031850553653935887,-0.002134928796407759,-0.0015908297104870637,-0.00326394293513925,-0.0010059146844434701,-0.0007112385895282282,-0.0007112385895282128,-0.0040950695613669345,-0.003104186968705745,-0.003263942935139111,-0.0007112385895282283,-0.0018825626021696479,-0.16351918748897717,-0.0018825626021696535,-0.0018825626021696362,-0.0007112385895282358,-0.013106402677072075,-0.016648406811964375,0.006534547210965766,-0.016050867711337746,0.007621372217971974,-0.010341676859576425,0.021629931872708973,-0.010945330787108349,-0.009153112085539856,-0.010658904013696048,0.005590846331833083,0.021629931872708973,-0.02104216856475887,0.0021698214254756367,-0.019101437473028594,0.015173098303426245,0.021629931872708973,0.009377043904828943,0.022830249491970142,-0.021526209037078064,-0.013106402677072075,
primary_activity_country_bermuda,-0.007162150259642829,-0.005242304389775613,0.01874456785284669,0.010227705069467711,0.020890948224217224,-0.00047131243819236254,,0.0208912484359636,0.009143378700045893,0.02190141423389207,-0.006285319574314534,-0.01317938838939593,-0.008473004819437503,-0.011753582856994614,-0.011837330475412817,-0.008863200304710264,-0.005684409923603156,-0.0040870476885915405,-0.0030090728622947567,-0.00613384716809826,-0.0025475488882338144,-0.0019070587871670198,-0.0053335522405970415,-0.0013676505485210398,0.03314973065519241,0.00033236397652036426,-0.013976975301153622,-0.002762862406811274,-0.002859740180595678,0.0022797641575303218,-0.0019356740669695877,-0.0010225096634421153,0.005723609832843502,9.381371074562202e-05,0.001772741782403024,-0.0029173930921802095,-0.0012743628402161675,0.0015496621514558308,0.001459326617322854,-0.0020980291054698663,0.002494366594094307,-0.0074379917072495,-0.006544994450889425,-0.009088456776376581,-0.0046558352694560075,0.00036519227821898016,0.008633468089060202,0.002494366594094307,-1.8529560390858465e-05,0.0007207760804571886,-5.6452210660655086e-05,-0.0007762051525346621,0.0020033859658571862,0.014107226221337041,-0.0063514024455590245,-0.004365213700867922,0.01135845055152502,0.0031563548310643654,0.0026168099002070746,0.008026365693752643,-0.0026168099002070737,-0.005047805800765942,-0.004858575482197538,-0.0004221068178672495,0.012381765356911113,0.01203049658148853,-0.012030496581488486,,-0.012328072349750991,0.012328072349750968,,-0.018220752951129533,0.018220752951129505,,-0.003901948015974878,0.0039019480159748912,,-0.01147960653000514,-0.003901948015974878,0.0139509746123077,,0.016465296870651118,-0.010554044048947565,-0.0062672607575470305,,-0.011837330475412817,-0.0062672607575470305,0.018797870159732246,,-0.010529733788645848,-0.0062672607575470305,0.016423927804751038,,-0.010551002946339143,-0.0062672607575470305,0.01646011649201852,,-0.011753582856994614,-0.0062672607575470305,0.018636017615036474,,-0.009709145632597607,-0.0062672607575470305,0.015081776427548698,,-0.0096374416324811,-0.0062672607575470305,0.014969271094334432,,-0.01317938838939593,-0.00612809889726249,0.021167171944266358,,-0.00988835643317668,0.00988835643317668,,-0.006314424542548441,0.022696220232823274,-0.008473004819437503,-0.006492240610885844,,-0.00688069756415344,-0.006878092596031904,0.020638185425246074,-0.006880697564153462,,-0.006149134983654723,-0.0049151841810407635,-0.006445219972358023,0.017455264826968384,-0.003974389535769798,,-0.0004493468286540996,-0.0004493468286540995,-0.0001420051121840386,-0.0007112385895282376,1.0,-0.00020083981622358662,-0.0003176233050758074,-0.0005124435171168273,-0.0003758703724047173,-0.0001420051121840386,-0.0003758703724047153,-0.0007253755708562786,-0.00014200511218403808,-0.0004713124381923592,-0.0013557734648478505,-0.0013784818796540737,-0.00031762330507580734,-0.0003479636191849466,-0.0001420051121840389,-0.00028407074005988255,-0.0005505309542970657,-0.0004018508878940701,-0.00020083981622358662,-0.00020083981622358597,-0.00014200511218403822,-0.000200839816223586,-0.0006359246406681922,-0.00042625752834914393,-0.00031762330507580837,-0.0006516752458189713,-0.00020083981622358668,-0.00014200511218403846,-0.00014200511218403865,-0.0008176170711562483,-0.0006197785457952898,-0.0006516752458189744,-0.0001420051121840385,-0.000375870372404714,-0.032648060588244376,-0.0003758703724047165,-0.0003758703724047167,-0.00014200511218403794,-0.0026168099002070737,-0.005757699703365669,-0.0051984084536626785,-0.0046191681668035795,0.03247055588058481,-0.0037350089291191104,-0.00802636569375264,-0.006661824490402776,-0.005559691739711194,0.02924286992187641,-0.004578656117543039,-0.00802636569375264,0.021934819899486785,-0.005693678867467885,-0.005126789274545715,-0.0043584972669972345,-0.00802636569375264,-0.007593673988531991,-0.006059648072486122,0.012917869652140099,-0.0026168099002070737,
primary_activity_country_brazil,-0.010129529280946965,-0.007414264416524131,-0.014666866516769751,-0.008423732713546428,-0.012744523862995197,-0.0006665837730388736,,-0.012744953880398124,-0.008335888019879223,-0.012761116477213393,-0.0033547137410066706,-0.0017004301780756,-0.011983489218275236,0.00023214164871724913,0.00011247284107829042,-0.004166283647325028,-0.007611073803530011,-0.011427895313931785,-0.008994903449343455,-0.0066819896514007816,-0.006557487756084173,-0.002641648336873194,-0.006936134607319413,-0.005173660843525435,-0.001257716794788262,-0.0060066503410115026,0.012104674658387346,-0.006742196279947997,-0.0040445705333036555,0.020305063666434267,-0.00665116425954958,-0.0014461497176694658,-0.024426748579953212,0.016017211200041626,-0.011078591673473095,-0.00750847939945041,-0.0027010667388166166,-0.01135655183456612,-0.011409528109073043,-0.010730457656221076,-0.014972866784198343,0.0028588085636963856,-0.009256677189180627,-0.012853931528590747,-0.006584812937389028,-0.016402969396470235,-0.011704496187230464,-0.014972866784198343,-2.620661641256241e-05,0.0010194036912541424,0.0017186688895308203,0.0006304501425778545,-0.0047081365063274165,-0.01721222416947824,-0.008982877308493786,-0.006173782788346245,-0.0201301665813619,-0.018139270076371252,0.0037009908401644596,-0.006835354396074383,-0.0037009908401644566,-0.005479357670437834,-0.00808165522440618,0.018672982322493915,-0.0026307691580168646,0.00016033730960838557,-0.0001603373096084002,,0.016291258724454437,-0.016291258724454444,,-0.007373639870245744,0.007373639870245738,,0.02297654973478869,-0.022976549734788725,,0.0006297945430274873,0.02297654973478869,-0.014396113662654133,,0.023287099645276373,-0.014926732105666533,-0.008863874542345693,,0.00011247284107829042,-0.008863874542345693,0.0079509556594808,,0.019073589157605524,-0.008863874542345693,-0.012228488739793934,,0.019035139810407425,-0.008863874542345693,-0.012201603574371675,,0.00023214164871724913,-0.008863874542345693,0.007790104815400939,,0.0034769259062058548,-0.008863874542345693,0.00400682292265696,,0.0036045839827116184,-0.008863874542345693,0.0038772213996558047,,-0.0017004301780756,-0.008667055977048855,0.010224379282515135,,-0.013985240800476965,0.013985240800477071,,-0.00893057894309864,-0.00884904244686225,-0.011983489218275236,0.030935362421230815,,0.009728703746028343,-0.009727782554515153,-0.009731466797362125,0.00972870374602843,,-0.008696807608240846,-0.006951613730257411,-0.009115564748763133,-0.011505973596762115,0.05053350065865797,,-0.0006355175042612441,-0.0006355175042612464,-0.00020083981622358164,-0.0010059146844434896,-0.00020083981622358662,1.0,-0.0004492190825995047,-0.0007247560332147003,-0.0005315987245573053,-0.000200839816223581,-0.0005315987245573095,-0.0010259088148534222,-0.00020083981622358673,-0.0006665837730388429,-0.0019174893729738275,-0.0019496062016306746,-0.0004492190825994965,-0.0004921298131790352,-0.00020083981622358172,-0.00040176522063644786,-0.000778623628303741,-0.0005683433309734021,-0.00028405056099985263,-0.0002840505609998551,-0.000200839816223587,-0.00028405056099985914,-0.0008993971132414143,-0.0006028619839165396,-0.00044921908259949267,-0.000921673414391702,-0.00028405056099985095,-0.00020083981622358077,-0.00020083981622358147,-0.0011563672588031009,-0.0008765614654458556,-0.000921673414391703,-0.0002008398162235808,-0.0005315987245573142,-0.046174608700717955,-0.0005315987245573186,-0.0005315987245573057,-0.00020083981622358673,-0.0037009908401644566,-0.008143195216774285,-0.007352181780157784,0.01847334804191175,-0.006185290358508337,-0.0052824753657147025,0.006835354396074331,-0.009421911548031356,-0.007863149784468781,0.01724530362424842,-0.006475657383422748,0.006835354396074331,0.010933256305241787,-0.008052649653178456,-0.007250889773477814,-0.006164283641987934,0.006835354396074331,-0.010739839325939528,-0.008570245018224884,0.01826992371636381,-0.0037009908401644566,
primary_activity_country_canada,-0.003946188467058577,-0.011725479603410315,0.022389637678971366,-0.0076162128060052155,0.006449808006532781,-0.0010541860925963277,,0.006449665575576483,-0.00721391689815482,0.006353191697893571,-0.013436547476546146,-0.008047027652480094,-0.007663978135704147,0.005698407220382799,-0.005153020802183099,-0.008479658512807837,-0.011928311340867505,-0.015095797476111497,-0.011726949048864023,-0.004891011806890421,-0.008108365795305978,-0.003532122011789987,-0.010819957432891816,-0.008182019319478233,0.028465015780775427,-0.008873424879038293,0.010211731774416715,-0.008492214840416267,-0.006396390340100594,0.01459887844208764,-0.010518655187218392,-0.002287050753169649,-0.03229197039037617,0.009087822554175623,-0.0036281166589155313,-0.010091433144206956,-0.0035835488333857534,-0.004211665110606863,-0.004391618261972816,-0.009603584750179662,-0.006124195655377012,-0.008173493820609801,-0.014639210780666405,-0.013533146673636875,-0.010413722178231158,-0.0045347183418240535,0.004182153117201807,-0.006124195655377012,-4.1445129139526025e-05,0.0016121622480585738,-0.006252451612453463,-0.007622994753953584,-0.006968732499671099,0.002166481998242063,-0.014206202900713448,-0.00976368795255041,0.0025091420359807533,-0.010635359370773916,0.005853027376800917,-0.005057438191810125,-0.005853027376800919,-0.010659150025027628,-0.010052906623635142,0.00589180525580679,0.015732344770344835,-0.015739479631294014,0.015739479631294028,,-0.016906546006689376,0.016906546006689376,,-0.0058425957377366295,0.005842595737736627,,0.009298242732256093,-0.009298242732256084,,-0.025676473973025728,0.009298242732256093,0.020409931905378022,,0.014380602698318402,-0.012866024571702028,-0.0010784492407798195,,-0.005153020802183099,-0.0010784492407798195,0.006680040868993401,,-0.0020653665601397296,-0.0010784492407798195,0.0030907462392410225,,-0.002118232921987872,-0.0010784492407798195,0.0031486345247208115,,0.005698407220382799,-0.0010784492407798195,-0.005298166073050589,,0.010941704575815031,-0.0010784492407798195,-0.010101366140056172,,0.011151894248255516,-0.0010784492407798195,-0.010278320180591603,,-0.008047027652480094,-0.013706739114133821,0.022404623291654983,,-0.00042201570838825325,0.00042201570838824176,,-0.0012385499537288895,0.011909156622042793,-0.007663978135704147,-0.0018322675887652534,,-0.003079763688853536,0.009241040766617185,0.009230551669032519,-0.01539007904673958,,-0.01375379059828808,0.004129119965442541,-0.014416044873848273,0.027594515238593076,-0.008889530247149783,,-0.0010050555409405178,-0.0010050555409405163,-0.0003176233050758084,-0.0015908297104870468,-0.0003176233050758074,-0.0004492190825995047,1.0,-0.001146184113149215,-0.0008407105077212827,-0.0003176233050758085,-0.0008407105077212797,-0.001622449943478286,-0.000317623305075807,-0.0010541860925963218,-0.0030324630023246114,-0.0030832549889851925,-0.0007104290991759019,-0.0007782913803020481,-0.0003176233050758087,-0.0006353819658000468,-0.0012313744101251228,-0.0008988212128246832,-0.00044921908259950476,-0.00044921908259950324,-0.00031762330507580696,-0.00044921908259950227,-0.0014223747514554605,-0.000953411626422542,-0.000710429099175905,-0.0014576041821991264,-0.00044921908259950487,-0.0003176233050758081,-0.0003176233050758086,-0.0018287668129192821,-0.0013862607275395183,-0.0014576041821991405,-0.00031762330507580815,-0.0008407105077212745,-0.07302402532462471,-0.0008407105077212802,-0.0008407105077212812,-0.0003176233050758069,-0.005853027376800919,0.0007303802778089284,0.002918183170710044,-0.010331708748201137,0.006699890474496684,-0.008354106850864542,0.005057438191810161,-0.014900524917260873,0.0014776274732048887,0.019646111191589943,-0.010241095313349251,0.005057438191810161,0.023644880910911138,-0.012735070393674908,-0.011467106562318799,-0.00974866528265128,0.005057438191810161,-0.016984795778196102,-0.013553634927486914,0.028893441865203442,-0.005853027376800919,
primary_activity_country_channel_islands,0.004121966950214391,-0.009942976408582856,-0.00428676624028058,-0.00012059935400125817,-0.009581945037821338,-0.0017007909065639135,,-0.009582578744756792,0.001744338436497414,-0.009975170111328072,0.022445930105359575,0.0056353877079021964,-0.016567382847370714,-0.0027158904833376367,0.0035949354876901977,-0.008518383556250184,-0.0018102019958133164,-0.0014473843708499748,-0.004037546945882811,0.008512808505387265,0.011365498322718931,-0.0035700288749236217,-0.004787327379681277,0.01827100325948675,0.0723811404295634,-0.01486695206537836,0.025745381993513738,0.011893204510896522,0.009479233079749417,0.02286334366126117,-0.004199964857770028,0.023399192001127195,0.004378987534774639,0.0008345282843919133,0.005972951681668319,-0.0025615120877928547,0.0016550518755622135,0.005690875625536616,0.005666873907204194,0.004618408236862773,0.005370119027365097,-0.000583093444499135,0.00042241321056022253,0.0009351371620812565,0.00797838802269784,-0.005323707735227373,-0.006395205671295064,0.005370119027365097,-0.008761128162105199,-0.0056396216014204985,0.02204025465686577,0.018573933088740367,0.006637402399133666,0.005318887699225991,0.002172108030169932,0.014406395406155932,-0.0034109161151447778,0.009788066030134037,0.009443091507511037,0.007546657298663345,-0.009443091507511043,0.005106200301423609,-0.0032658380025227863,-0.01831487863184621,0.002294597240773855,0.01033321119590876,-0.01033321119590868,,0.008469273481797861,-0.008469273481797875,,0.006460458715979875,-0.006460458715979943,,-0.002895225831087169,0.002895225831087162,,0.0049171187430743285,-0.002895225831087169,-0.003241119448583084,,0.0037003438242167457,-0.0047625939125982555,0.001471797784393511,,0.0035949354876901977,0.001471797784393511,-0.005315669463986949,,0.0020009846383907647,0.001471797784393511,-0.0033644588824224505,,0.0019143777826912017,0.001471797784393511,-0.0032767862437631727,,-0.0027158904833376367,0.001471797784393511,0.0016557266148908192,,-0.014771421403803059,0.001471797784393511,0.013623506724334104,,-0.007716369219988616,0.001471797784393511,0.00649845402252525,,0.0056353877079021964,-0.005846953200409946,-0.0009954015403144374,,0.004704136963757434,-0.0047041369637575315,,0.0011999416854718142,0.04171736700206036,-0.016567382847370714,-0.023428076366007036,,0.005725632204035428,-0.009539826655303582,-0.0019132440249893534,0.005725632204035479,,0.010279542909523823,0.0010312868309247964,-0.007448253960408931,-0.0009430478429861878,-0.003320667295960902,,-0.0016215252094753704,-0.00162152520947539,-0.0005124435171168291,-0.0025665949536711414,-0.0005124435171168273,-0.0007247560332147003,-0.001146184113149215,1.0,-0.0013563760674014202,-0.0005124435171168291,-0.0013563760674014137,-0.0026176100496894507,-0.0005124435171168279,-0.0017007909065639036,-0.004892481066737172,-0.004974427271155265,-0.001146184113149215,-0.0012556709973422836,-0.0005124435171168301,-0.0010251054128080084,-0.001986661002288794,-0.0014501300635013617,-0.0007247560332147003,-0.0007247560332146979,-0.0005124435171168285,-0.0007247560332146985,-0.002294814985695227,-0.0015382045312683631,-0.0011461841131492245,-0.002351653048607512,-0.0007247560332147006,-0.0005124435171168284,-0.0005124435171168293,-0.0029504752410255864,-0.0022365497477955455,-0.002351653048607533,-0.0005124435171168285,-0.0013563760674014155,-0.11781468101796758,-0.0013563760674014196,-0.0013563760674014191,-0.0005124435171168265,-0.009443091507511043,-0.003888342221827273,-0.0007074076616423853,0.0029630424820176033,-0.00555441198587236,0.021293668050534908,-0.0075466572986633085,0.0070253246913509464,-0.00279607579169697,0.0014071111589973987,0.0032377574051940367,-0.0075466572986633085,-0.023362102787486926,0.013468572499678743,0.008835040941148049,0.015033723090872923,-0.0075466572986633085,-0.0055060415847532395,0.0026945793330379916,0.006791871031317016,-0.009443091507511043,
primary_activity_country_cyprus,0.02186405243677543,0.010574311505016452,0.0008076919325178609,0.0058162816371701625,0.011693893057926013,-0.00124750707166617,,0.011693806577700448,0.005655060550497826,0.011379923623133052,0.010617470778329927,0.0013464998407979236,-0.003344748543242111,0.004940846555514309,0.00471656010451287,0.0008332668460548471,0.009193513179601164,-0.0007519134942145531,-0.00205181934410353,0.00589969855090204,0.01179611478143084,0.0014205312193760376,0.017086955191769962,-0.00015573949989698533,0.0491302713643136,-0.0033530493931684877,0.019539901635781138,0.011167904091183645,-0.0011482726253580578,0.020135629296255307,-0.009490667580635671,0.041079153952559726,0.0025403153660420934,0.014581355185674414,-0.007566607323703492,-0.0016933374811654188,0.0022663595664878826,-0.007535628240470377,-0.007402691898370201,-0.005553229521532181,0.006602286961479409,-0.019687465260573127,-0.0009497116221414201,0.01040596508031638,-0.0123234333586345,-0.0035569040710471335,-0.009117276853643863,0.006602286961479409,-4.9045507288910926e-05,0.001907807188171679,-0.00014942218007328248,-0.002054521244048942,0.007722257688675587,0.027404025196193556,0.0036965954008701075,-0.011554193184573255,0.010710755178513571,0.011284908569496438,0.006926379597013832,0.011519922925880562,-0.006926379597013829,0.0026899922810729618,0.006872910008235256,-0.002830518966546595,-0.007223611042481524,0.013818584708035113,-0.01381858470803517,,-0.005579532304400291,0.0055795323044002506,,0.0009553167245859638,-0.0009553167245860017,,0.0049087133913386545,-0.004908713391338666,,-0.00333045623924414,0.0049087133913386545,0.00043010148074563607,,-0.003853838908854852,0.008378521376635709,-0.005651208898341692,,0.00471656010451287,-0.005651208898341692,-6.649560591335544e-05,,-0.0006279211855759994,-0.005651208898341692,0.005553473907852237,,0.00838783681426386,-0.005651208898341692,-0.0038628883689072195,,0.004940846555514309,-0.005651208898341692,-0.00031293852046620146,,-0.007295518784635752,-0.005651208898341692,0.012130299074157488,,0.01135382598610674,-0.005651208898341692,-0.006614802301457981,,0.0013464998407979236,-0.005140923501154071,0.0033239621711301185,,-0.00783480037242533,0.00783480037242555,,0.005069107554133989,-0.005613055717666735,-0.003344748543242111,0.00426710938025529,,-0.01821237500584334,-0.00779791540598283,0.013004406976671939,0.013004406976671884,,0.016896160673621024,-0.00022687462661332062,-0.017059718442395646,0.007496074257345207,-0.010519728845783786,,-0.0011893667574883313,-0.0011893667574882948,-0.00037587037240469225,-0.0018825626021695217,-0.0003758703724047173,-0.0005315987245573053,-0.0008407105077212827,-0.0013563760674014202,1.0,-0.0003758703724047041,-0.0009948834565093481,-0.0019199814834671646,-0.00037587037240471735,-0.0012475070716661304,-0.003588568533140759,-0.0036486749631041166,-0.0008407105077212869,-0.0009210176529196777,-0.0003758703724046742,-0.0007519009225330737,-0.0014571889112257508,-0.001063650741588462,-0.0005315987245573091,-0.0005315987245573138,-0.00037587037240471746,-0.000531598724557323,-0.0016832156802884005,-0.001128252169634907,-0.0008407105077212597,-0.0017249056288583425,-0.0005315987245572999,-0.0003758703724047157,-0.0003758703724047043,-0.0021641335885264974,-0.0016404789182139685,-0.0017249056288582893,-0.0003758703724047157,-0.0009948834565093774,-0.08641547126621325,-0.0009948834565093776,-0.0009948834565093282,-0.00037587037240471686,-0.006926379597013829,-0.0037368955228170722,-0.0014646371495521308,0.0011447992424086072,0.002355894371914948,0.02169117257465019,-0.011519922925880602,0.0035254072128653134,0.020565095832018588,-0.012853402330512268,0.0013395654018023826,-0.011519922925880602,0.015090472930355639,-0.0034867857141212106,-0.0011578551360625917,0.0024314329586292444,-0.011519922925880602,-0.0002145757614780375,0.006265864462702357,-0.0019730867463459,-0.006926379597013829,
primary_activity_country_czech_republic,0.01982716182096959,-0.005242304389775607,-0.009399808635248818,0.007650988737554102,-0.006232091800957229,-0.0004713124381923643,,-0.006232339689608048,0.007711802047569816,-0.006250334549854372,0.0004090247298027795,0.010774787720672639,0.016759711012824065,0.012081857414186756,-0.01183733047541282,0.011425035352970502,-0.0062297202172081415,0.0012371133898788113,0.0003417598829053144,-0.0034575407408311046,-0.004631020417227346,-0.002097938131859162,-0.006669191674472057,0.0055036105238130024,0.033149730655192375,-0.003865424473587782,0.00616854348478569,-0.004410344353844351,0.00039468793250120186,-0.006369919869604169,0.009384179600546065,0.00475527736184623,0.004530938516780889,-0.009159213611380779,0.009686720546653475,0.00027130906855308065,-0.001908135645109345,0.009518763557558436,0.00937272022780024,-0.00209802910546987,0.0024943665940942513,-0.007437991707249496,-0.006544994450889423,0.006101386858179709,-0.004655835269456008,-0.011597827328740372,-0.008275740963011879,0.0024943665940942513,-1.8529560390969978e-05,0.000720776080457135,-5.645221066065614e-05,-0.000776205152534663,0.01053507369275077,0.014107226221337001,-0.006351402445559032,-0.004365213700867917,-0.014233166597241534,0.003156354831064371,0.0026168099002070867,0.008026365693752587,-0.002616809900207084,-0.0022997100934293324,-0.005714187447258493,-0.00601128198738242,-0.007307364271469357,-0.011803761484172148,0.011803761484172143,,-0.012328072349750994,0.012328072349750982,,-0.018220752951129526,0.018220752951129536,,-0.003901948015974874,0.003901948015974852,,0.012370207272598481,-0.003901948015974874,-0.01017886679105259,,-0.008624509676297321,0.013455042590825713,-0.00626726075754704,,-0.01183733047541282,-0.00626726075754704,0.018797870159732232,,0.013486106584875188,-0.00626726075754704,-0.008646233341512861,,0.013458920721210632,-0.00626726075754704,-0.008627224008584455,,0.012081857414186756,-0.00626726075754704,-0.007619927986624242,,0.014625912264336563,-0.00626726075754704,-0.009415675458804028,,-0.009637441632481111,-0.00626726075754704,0.014969271094334456,,0.010774787720672639,-0.006128098897262501,-0.006708742790862273,,0.014360840766984727,-0.014360840766984665,,-0.006314424542548448,-0.006256773626943883,0.016759711012824065,-0.0064922406108858365,,0.02063818542524628,-0.006878092596031896,-0.006880697564153432,-0.006880697564153447,,-0.006149134983654721,0.028891107017269765,-0.006445219972358028,-0.00813537426052924,-0.003974389535769803,,-0.00044934682865408544,-0.00044934682865408696,-0.0001420051121840342,-0.0007112385895282143,-0.0001420051121840386,-0.000200839816223581,-0.0003176233050758085,-0.0005124435171168291,-0.0003758703724047041,1.0,-0.0003758703724047078,-0.0007253755708562789,-0.00014200511218403868,-0.00047131243819234254,-0.0013557734648478167,-0.0013784818796540386,-0.0003176233050758027,-0.00034796361918494704,-0.00014200511218403513,-0.0002840707400598763,-0.0005505309542970531,-0.0004018508878940601,-0.00020083981622358164,-0.00020083981622358405,-0.00014200511218403887,-0.00020083981622358687,-0.0006359246406681794,-0.00042625752834913374,-0.00031762330507579997,-0.0006516752458189549,-0.0002008398162235811,-0.00014200511218403448,-0.00014200511218403496,-0.0008176170711562257,-0.000619778545795271,-0.0006516752458189556,-0.00014200511218403448,-0.000375870372404711,-0.03264806058824446,-0.00037587037240471415,-0.0003758703724047051,-0.00014200511218403868,-0.002616809900207084,-0.005757699703365662,-0.005198408453662674,0.03074257248406348,-0.004373350203990458,-0.0037350089291191073,-0.008026365693752634,-0.006661824490402773,0.0255419039098407,-0.004856059359543415,-0.004578656117543042,-0.008026365693752634,-0.006473958429326348,-0.005693678867467872,-0.005126789274545708,0.032581209413461626,-0.008026365693752634,0.01870044887343012,-0.006059648072486115,-0.010992920350493937,-0.002616809900207084,
primary_activity_country_denmark,-0.008751996601373505,-0.0016507173738132533,0.001725115130389333,0.007764926427612617,0.0012604242170580733,-0.0012475070716661664,,0.0012601268980618181,0.007868217170266147,0.0012462867191297352,-0.010655059989901752,0.0013464998407979295,-0.003344748543242134,0.004940846555514343,0.022740831844113654,-0.0017239002113583458,-0.008699698311975198,-0.006791518215468097,-0.005008235800838787,0.009726183100283656,0.012672513674224176,-0.004302736478986412,-0.010221249633530908,-0.003186972458610218,0.03625925138146643,-0.011097106722638224,0.021603926401222082,0.011747073094201518,-0.0035711823749248637,0.02843886103011745,-0.005927977017563716,0.0023912418392227157,0.00800618751925631,-0.019200224412586037,0.021326282998166537,-0.005310527183128623,0.0025329520189219298,0.020577911525011792,0.020398989529085313,0.011051056413577683,0.001656014536237409,0.01608068668448611,-0.009136760526354381,-0.001081372233268044,-0.0010719501923312897,0.005490143734075407,0.016457942057125634,0.001656014536237409,0.017715797752654968,0.007520457992806151,-0.003175032947143186,0.0017556783051245692,-0.004644265375518369,-0.011512358360505017,-0.013393396421218848,-0.005467967666629032,-0.013481358451873126,-0.008709460016467076,0.0069263795970138,-0.007929871432738024,-0.0069263795970137985,-0.008732542691546706,-0.009385848757830162,0.002825179064648041,0.0136725521667915,-0.004206101299686313,0.004206101299686269,,-0.014596660808276202,0.01459666080827615,,-0.008881372882517497,0.008881372882517443,,0.004908713391338676,-0.004908713391338712,,-0.0033304562392441352,0.004908713391338676,0.00043010148074565174,,-0.003853838908854896,0.008378521376635672,-0.005651208898341629,,0.022740831844113654,-0.005651208898341629,-0.01999537017815347,,-0.009708925107572368,-0.005651208898341629,0.01503314349898248,,-0.027927229841866994,-0.005651208898341629,0.0340817738099132,,0.004940846555514343,-0.005651208898341629,-0.00031293852046622146,,-0.00729551878463573,-0.005651208898341629,0.012130299074157426,,0.01135382598610678,-0.005651208898341629,-0.00661480230145797,,0.0013464998407979295,0.017017904050025977,-0.017757231499530905,,0.0013344417384074892,-0.0013344417384073004,,0.01596042070354387,-0.005613055717666723,-0.003344748543242134,-0.006458533505232925,,0.002598812982500043,0.023424778286079185,-0.007806781011671636,-0.018212375005843377,,-0.016276017255475467,0.012556149335291866,0.015244887308579239,-0.0021804013648105227,-0.010519728845783735,,-0.0011893667574883091,-0.001189366757488389,-0.0003758703724047084,-0.0018825626021696643,-0.0003758703724047153,-0.0005315987245573095,-0.0008407105077212797,-0.0013563760674014137,-0.0009948834565093481,-0.0003758703724047078,1.0,-0.0019199814834671542,-0.0003758703724047156,-0.0012475070716662158,-0.003588568533140889,-0.003648674963104281,-0.0008407105077212779,-0.0009210176529196749,-0.000375870372404687,-0.0007519009225330725,-0.00145718891122587,-0.0010636507415884673,-0.0005315987245573117,-0.0005315987245573147,-0.000375870372404716,-0.0005315987245573206,-0.001683215680288366,-0.0011282521696349755,-0.0008407105077212748,-0.0017249056288583327,-0.000531598724557308,-0.0003758703724047172,-0.00037587037240470824,-0.0021641335885265026,-0.0016404789182139481,-0.0017249056288583201,-0.0003758703724047199,-0.0009948834565093696,-0.08641547126621305,-0.0009948834565093759,-0.0009948834565093971,-0.00037587037240471497,-0.0069263795970137985,-0.015239935368621308,-0.0014646371495521222,0.014515978453492822,0.0023558943719149327,-0.00988611730613964,0.007929871432738003,-0.017633044427706118,-0.0029555228664073312,0.02582763140277251,-0.012119149469658842,0.007929871432738003,-0.017135785665306796,-0.015070479952119334,0.023666417994192716,0.0024314329586292214,0.007929871432738003,-0.00021457576147804663,0.039723395479239726,-0.029096931810458974,-0.0069263795970137985,
primary_activity_country_eire,0.016439659210849805,0.004981002637533508,-0.005019338662219313,-0.011596046752509442,-0.0069594778451971435,-0.002407508600552157,,-0.006960890980795994,-0.010700152861531878,-0.0065699551859628325,-0.004252305438816923,-0.0014353024457790054,0.0062925898477905595,-0.003844405371382818,-0.004276274753666429,0.006543048105772054,0.0029509962603854125,0.008934323144335718,0.07964717499076333,0.019765050264905076,0.02072657048112859,-0.0067245634522502895,0.002823012973742035,0.08886132465575294,0.16933196578569928,0.0008730274122118057,-0.04970822600653832,0.01931400592516456,0.025805039273288328,0.028926026151185717,-0.005991631750134715,0.012771327140849473,0.010266324685680455,0.0022093464564936077,0.007575572075509306,0.09754885702799959,0.09772904911171981,0.013754017143944818,0.017846992496834177,6.706503596683424e-05,0.002461592748540285,-0.004542240603385641,-0.007909661278274801,0.007292258968650177,0.017139598087761394,-0.002835196917239043,0.0042357228894073316,0.002461592748540285,-0.020093407828413287,-0.016731618783133475,-0.009751330136413626,-0.012068363083083466,0.0026906771992174015,0.004517512494153617,-0.0034370074957043788,0.01802088871527018,-0.0010573338014112097,0.004237037549512872,0.013366912965253233,0.0005768101603588653,-0.013366912965253235,-0.0026631811474220825,0.0003453265336298646,-0.013156310806418301,0.000676175223900772,-0.018151315351663106,0.018151315351663058,,0.011988451178310978,-0.011988451178310976,,0.004034014699578991,-0.004034014699578986,,-0.004098258675997466,0.004098258675997493,,0.006960294541910609,-0.004098258675997466,-0.004587879037785327,,-0.009549898647427424,-0.0020246114830697044,0.013449072066495052,,-0.004276274753666429,0.013449072066495052,-0.007524452243277694,,-0.011322389730506087,0.013449072066495052,0.0001629449691172603,,-0.0020072683277680046,0.013449072066495052,-0.009567155159721034,,-0.003844405371382818,0.013449072066495052,-0.007973039278686242,,0.007776663344133926,0.013449072066495052,-0.019218784291866065,,-0.001346131074348278,0.013449072066495052,-0.010020073164602685,,-0.0014353024457790054,0.0032367100974145164,-0.0014090137476990559,,-0.012397677966334834,0.012397677966334793,,-0.003960325645131133,0.007857594112027551,0.0062925898477905595,-0.010871811162850003,,-0.008114743265511128,-0.002688791275299221,-0.002708240870373945,0.013511266315037487,,0.014550929140620826,0.008101569403342591,-0.010543174589878648,0.003692763716785498,-0.020301558401488864,,-0.0022953061853505613,-0.002295306185350561,-0.0007253755708562788,-0.0036330741193699584,-0.0007253755708562786,-0.0010259088148534222,-0.001622449943478286,-0.0026176100496894507,-0.0019199814834671646,-0.0007253755708562789,-0.0019199814834671542,1.0,-0.0007253755708562783,-0.002407508600552134,-0.006925419345053247,-0.007041416079959205,-0.0016224499434782803,-0.0017774311432984297,-0.0007253755708562801,-0.0014510602616013702,-0.002812164288351379,-0.0020526924187594673,-0.0010259088148534222,-0.0010259088148534211,-0.0007253755708562785,-0.0010259088148534211,-0.0032483633310921665,-0.0021773638512205496,-0.001622449943478286,-0.0033288189148867327,-0.0010259088148534222,-0.0007253755708562785,-0.0007253755708562792,-0.004176465485011329,-0.003165887548316468,-0.0033288189148867227,-0.0007253755708562779,-0.001919981483467156,-0.16676938754047171,-0.0019199814834671635,-0.0019199814834671598,-0.0007253755708562788,-0.013366912965253235,0.0004726717579835649,0.011774953822638533,0.004194254703343126,-0.015100942535947386,-0.002671960949253774,-0.000576810160358865,-0.006545643755729775,0.026593993958534783,-0.004707454225916887,-0.016395377028601332,-0.000576810160358865,0.01158109357620038,-0.011028004357823216,-0.013290015846761156,0.014023214155268606,-0.000576810160358865,-0.0026280486816405244,-0.013569508839186253,0.019009324963748245,-0.013366912965253235,
primary_activity_country_european_community,-0.007162150259642823,-0.005242304389775606,0.006128123220252105,0.015420779523016575,0.013027837208802358,-0.00047131243819236194,,0.013027978523379878,0.01611672269344936,0.012591353846073341,-0.0048809514591621195,0.010774787720672632,-0.0084730048194375,-0.011753582856994611,0.011996379798553034,0.002971603828936894,-0.004412019238524757,-9.392687973876272e-05,0.0003417598829052951,-0.0047327542327600365,-0.0028333194154425236,-0.0011285457476920414,-0.00437952407354346,-0.0002224403697986865,0.03314973065519231,-0.003992630184197124,0.007724035519104946,-0.0030119412405708312,-0.0026273200918599756,-0.0031450934928322293,-0.001935674066969584,-0.0010225096634422046,0.0034813877586457303,-0.001437721846020106,0.0030826417157961373,-0.0005258664716302204,-0.0013612915964120158,0.002992003645618175,0.002911564785399475,-0.013076052129113528,-0.010586663876647426,-0.007437991707249495,-0.00654499445088942,-0.009088456776376574,-0.004655835269456003,-0.011597827328740404,-0.008275740963011879,-0.010586663876647426,-1.852956039086116e-05,0.0007207760804572277,-5.6452210660654754e-05,-0.0007762051525346615,-0.017192911419653387,-0.012170016235239573,-0.006351402445559024,-0.004365213700867922,-0.014233166597241501,-0.014686169741320865,0.0026168099002070733,-0.017692330203017033,-0.0026168099002070724,-0.005711139247364475,-0.005714187447258501,-0.0037921755972211966,0.007083809732836076,-0.011803761484172127,0.01180376148417215,,0.011518841563815673,-0.011518841563815671,,0.007793591876522036,-0.007793591876522049,,-0.003901948015974876,0.003901948015974852,,-0.011479606530005133,-0.003901948015974876,0.01395097461230768,,-0.00862450967629734,0.013455042590825658,-0.006267260757547025,,0.011996379798553034,-0.006267260757547025,-0.007554319238156741,,0.013486106584875111,-0.006267260757547025,-0.00864623334151286,,-0.010551002946339136,-0.006267260757547025,0.01646011649201851,,-0.011753582856994611,-0.006267260757547025,0.018636017615036467,,-0.009709145632597603,-0.006267260757547025,0.015081776427548692,,-0.009637441632481097,-0.006267260757547025,0.014969271094334402,,0.010774787720672632,-0.006128098897262488,-0.006708742790862266,,-0.009888356433176676,0.00988835643317666,,0.022489002953026964,-0.006256773626943865,-0.0084730048194375,-0.006492240610885841,,-0.006880697564153435,-0.006878092596031901,0.020638185425246064,-0.006880697564153458,,-0.006149134983654718,-0.004915184181040763,0.022032624610651644,-0.008135374260529243,-0.0039743895357697975,,-0.0004493468286540998,-0.0004493468286540995,-0.00014200511218403868,-0.0007112385895282375,-0.00014200511218403808,-0.00020083981622358673,-0.000317623305075807,-0.0005124435171168279,-0.00037587037240471735,-0.00014200511218403868,-0.0003758703724047156,-0.0007253755708562783,1.0,-0.00047131243819235907,-0.0013557734648478516,-0.0013784818796540755,-0.0003176233050758071,-0.00034796361918494644,-0.0001420051121840388,-0.00028407074005988255,-0.0005505309542970663,-0.0004018508878940704,-0.00020083981622358679,-0.00020083981622358597,-0.00014200511218403803,-0.00020083981622358573,-0.0006359246406681927,-0.0004262575283491438,-0.00031762330507580837,-0.0006516752458189712,-0.00020083981622358684,-0.00014200511218403865,-0.0001420051121840387,-0.000817617071156249,-0.0006197785457952898,-0.0006516752458189745,-0.00014200511218403868,-0.00037587037240471367,-0.032648060588244356,-0.0003758703724047163,-0.00037587037240471676,-0.00014200511218403784,-0.0026168099002070724,-0.0057576997033656685,-0.005198408453662675,-0.0046191681668035734,-0.004373350203990458,-0.003735008929119107,0.017692330203017085,-0.006661824490402773,-0.005559691739711192,-0.004856059359543399,-0.0045786561175430425,0.017692330203017085,-0.006473958429326341,-0.0056936788674678785,-0.005126789274545711,-0.0043584972669972345,0.017692330203017085,-0.007593673988531989,-0.006059648072486119,0.012917869652140097,-0.0026168099002070724,
primary_activity_country_finland,0.0006590543322476595,0.002110830370326824,0.021510425671706555,0.02616497630089095,0.027310205882699553,-0.001564277588168377,,0.027310353012139594,0.02632037566809803,0.027023766701151673,-0.0011298724013642882,-0.014831797561859218,0.025171751649179286,0.01852417819181531,0.0038595618406229238,0.0129234407654775,-0.008994409010065235,-0.003524613603683919,-0.0039208660364441926,0.002148123993382332,0.00370068505281684,0.005309577549917457,-0.008202757409732265,-0.00523028639174404,0.05867115658450345,-0.01317470601925691,0.02625947406351696,0.002758036264879965,-0.00703846315971366,0.014458308161135917,-0.011763513128920405,0.006571466174706564,-0.008842174329037703,-0.0013252507643105665,0.0072834727842221265,-0.0036695679407810432,-0.000531858450732292,0.0069079129068103,0.0067824801311697335,-0.0036509700624378473,-0.0075087715743928345,0.0038546665645760327,-0.015189857080052736,-0.00266543317955452,0.01148175857779224,-0.002397483242860133,-0.007059268249917806,-0.0075087715743928345,-0.014236971716387634,-0.011043616088943982,-0.025983065677725375,-0.027364156448424173,0.0012862251402411713,-0.0033923157419810867,-0.015625401943915606,0.021935751348165968,0.008098846673909688,-0.006461383917857638,0.008685145452750299,0.003359393797356243,-0.008685145452750297,-0.0031637142549431406,-0.0026089536616006152,0.015459457479882883,0.006711950459275931,-0.0032194386717373166,0.003219438671737276,,-0.012135749813819156,0.012135749813819078,,0.0180175974359067,-0.018017597435906706,,-0.0007923590576369015,0.0007923590576368631,,-0.016512307643965562,-0.0007923590576369015,0.01718066759181764,,0.0016563591067138411,0.015680417285072686,-0.02080092683282153,,0.0038595618406229238,-0.02080092683282153,0.014683006844016666,,-0.005963218372199877,-0.02080092683282153,0.024253480837490307,,-0.027774180951099545,-0.02080092683282153,0.047061339268256036,,0.01852417819181531,-0.02080092683282153,-0.0015241282310681445,,0.004488074816111022,-0.02080092683282153,0.01309859894143585,,0.004782051799216077,-0.02080092683282153,0.012788165056911513,,-0.014831797561859218,0.015024261098594434,0.0029664379421189867,,-0.018186069137967224,0.018186069137967508,,0.005114736367008865,-0.012030259236716571,0.025171751649179286,-0.021547630959105758,,-0.022836912668485716,0.0020859092982766867,0.026982005071685935,-0.006230606755095035,,-0.002762356959814279,-0.006113183448152981,-0.0042065777566456285,0.01932695155275181,-0.013190928084351112,,-0.0014913741213239274,-0.0014913741213238663,-0.0004713124381923404,-0.00236058821130748,-0.0004713124381923592,-0.0006665837730388429,-0.0010541860925963218,-0.0017007909065639036,-0.0012475070716661304,-0.00047131243819234254,-0.0012475070716662158,-0.002407508600552134,-0.00047131243819235907,1.0,-0.00449978798316629,-0.004575156807465638,-0.0010541860925963463,-0.001154885054755992,-0.0004713124381923374,-0.0009428257268880229,-0.0018272024322183807,-0.0013337359398558595,-0.0006665837730388424,-0.0006665837730388536,-0.00047131243819235956,-0.0006665837730388662,-0.002110622556401255,-0.0014147411448378394,-0.0010541860925963261,-0.002162898534374577,-0.0006665837730388395,-0.00047131243819234427,-0.0004713124381923421,-0.0027136564972035353,-0.002057033955084125,-0.002162898534374469,-0.0004713124381923443,-0.0012475070716661645,-0.10835833162228149,-0.0012475070716661551,-0.0012475070716661664,-0.0004713124381923585,-0.008685145452750297,-0.009930841922038575,0.002368062540261931,-0.004661392566283361,-0.014515071436586459,0.037997824820214056,-0.003359393797356322,-0.013668774208548744,0.00969992996276441,0.01474839064819407,-0.004457084638481459,-0.003359393797356322,-0.012915295514492097,0.018075657609316294,-0.007111446911966847,0.00782553948167854,-0.003359393797356322,0.006531176904186609,0.006585602520436058,-0.007627311888778584,-0.008685145452750297,
primary_activity_country_france,0.017512593311645473,-0.002034535194688123,-0.01180875439849815,0.007582396260871486,-0.010980485061967938,-0.004499787983166482,,-0.010982305903742735,0.004360773188043379,-0.01030718507512764,0.008915329546540465,0.019014418429564334,-0.003269616920504307,0.0066240871821346995,0.005815893300493253,0.004337934861069424,0.01094974275574404,0.0252250744983262,0.01866626436225472,0.037126280348419596,0.035815199890902705,0.004830934734506352,-0.006243582526784614,0.0159776800759445,0.20094295382496483,-0.028065883226478388,0.05593195263478797,0.038346461753095466,0.008347578885913545,0.0037705111220657198,-0.01844217980892069,0.017462904391005504,0.02189673978691507,-0.04418918568858357,0.05548541757126367,0.010962295656837264,0.007446437230907481,0.05514686767580445,0.05497247997177842,0.023058376321717106,0.026589924700003948,0.005249975781566449,0.013308533893288206,0.02119072040825075,-0.0034156126550828245,0.026329664132407664,0.01964525768857317,0.026589924700003948,0.024742398093520763,0.027351416755205974,-0.0017879235524818765,-0.0065498140005788765,0.00944293817390826,0.01649521007983114,0.00021951584047899726,-0.014442135754809298,0.01025779281997244,0.015021510005135562,0.024983617636623958,0.013880043424024019,-0.024983617636623958,0.008549661737240049,0.005736874979194328,-0.019815318191111885,0.011937881087611273,0.0010823604297174098,-0.0010823604297175548,,-0.006392729657471764,0.006392729657471532,,-0.008381208210723527,0.008381208210723518,,-0.02015489155974259,0.020154891559742493,,0.02449167977148206,-0.02015489155974259,-0.012709997677980067,,-0.021125151988771924,0.013848433989979285,0.007670515808358556,,0.005815893300493253,0.007670515808358556,-0.013418571646038161,,-0.01136364884577264,0.007670515808358556,0.005214375561644149,,-0.01922972453977212,0.007670515808358556,0.013439930480231963,,0.0066240871821346995,0.007670515808358556,-0.014259365672748572,,-0.0075070013500490255,0.007670515808358556,0.0010608200388949297,,-0.019619702132992346,0.007670515808358556,0.013201742957857657,,0.019014418429564334,-0.021207682044423835,-0.0019511234674656438,,0.011060613442566886,-0.011060613442566078,,0.02221291557371434,0.004763414391592514,-0.003269616920504307,-0.022866222746301283,,-0.007307453601026477,0.024846316241368304,-0.01606520670006654,-0.001468951534999206,,-0.002869991990377957,0.021211357850765965,-0.0011152273615293083,-0.015233230353629085,0.004174239633452606,,-0.004290074472904922,-0.00429007447290484,-0.001355773464847818,-0.006790448541094854,-0.0013557734648478505,-0.0019174893729738275,-0.0030324630023246114,-0.004892481066737172,-0.003588568533140759,-0.0013557734648478167,-0.003588568533140889,-0.006925419345053247,-0.0013557734648478516,-0.00449978798316629,1.0,-0.013160858263935697,-0.003032463002324584,-0.003322132804711796,-0.001355773464847823,-0.002712124694593648,-0.0052561154167884705,-0.0038366137827927915,-0.0019174893729738461,-0.001917489372973854,-0.0013557734648478525,-0.0019174893729738797,-0.006071399403871006,-0.004069632686028971,-0.0030324630023244453,-0.006221776050107948,-0.0019174893729738463,-0.0013557734648478221,-0.0013557734648478122,-0.0078060818545999,-0.005917246876170384,-0.006221776050108071,-0.0013557734648478221,-0.0035885685331409015,-0.3117026812874272,-0.0035885685331409137,-0.0035885685331407675,-0.0013557734648478497,-0.024983617636623955,0.009571895348532793,-0.001340929960900502,0.008416444126515123,0.009056119854131416,-0.009082785888885808,-0.013880043424024217,0.010596255097101489,0.00960655679756331,0.0006620283873715164,-0.0059561349487850385,-0.013880043424024217,-0.00454978971331183,0.0008863828158388043,0.010249759482878037,0.013248669581913815,-0.013880043424024217,0.05580949737120432,0.004722291333871,-0.044077374307305635,-0.024983617636623955,
primary_activity_country_germany,-0.0047310722067227945,0.0031058415156244726,0.025298725069940305,0.009281368530501108,0.024357820745177526,-0.004575156807465819,,0.024356784051852196,0.011180265673103339,0.023854759367069503,-0.01528485608915698,-0.005420256448915352,0.009932269906119692,0.005325212521620708,0.011966817943274428,0.006787089786570868,0.028146770296357003,0.055217147505114146,0.04365623952282909,0.05755507825556186,0.060833332200098,0.0005301400700555732,0.010463731435501179,0.07518061277304494,0.21520439279919312,-0.030140351358070014,0.07101148277549203,0.059356248141684234,0.01665717299398692,0.033241095312751934,-0.017595520647597125,0.025754010325699298,0.0374796765919802,-0.04528235408848416,0.05671670333439282,0.03475218120529689,0.015311711950371816,0.057894200310238744,0.05820154228203452,0.004843175868214156,0.005098056086532951,-0.0011128278009535527,-0.011554382885609603,-0.0010213592533577893,-0.001712810696363492,0.0010476380171553082,-0.006206090025466715,0.005098056086532951,-0.005901059558994534,-0.0007499207918648779,-0.004152063621075018,-0.007446451428780464,-0.0012574405172022004,-0.0022543845224319197,-0.01605143403417762,-0.0007926951854352196,0.0014067714770069554,-0.006715556232157047,0.025402078660801145,6.365343718446896e-05,-0.02540207866080114,-0.01592543984275844,-0.015887342410649208,-0.0327592733613587,0.03464958731868679,-0.00014341154558627988,0.00014341154558613004,,-0.005172272006650531,0.005172272006650245,,0.007770556821615447,-0.007770556821615521,,0.008388703041633297,-0.00838870304163348,,0.003077937937307752,0.008388703041633297,-0.008137439125182801,,0.01841490458998631,-0.007221039826162182,-0.012530435923338218,,0.011966817943274428,-0.012530435923338218,-0.0018156523444772391,,-0.016985286239106025,-0.012530435923338218,0.028591272362116876,,-0.0172127494461054,-0.012530435923338218,0.02885290730034161,,0.005325212521620708,-0.012530435923338218,0.005508000652351726,,-0.0028065969938842503,-0.012530435923338218,0.01343754440080139,,-0.012146877406261051,-0.012530435923338218,0.0227826496786977,,-0.005420256448915352,0.00473937531141112,0.001798763214894608,,-0.012462217573264196,0.012462217573264956,,-0.0011662222168634063,0.008771917778697697,0.009932269906119692,-0.018610714005939034,,-0.006472382481996776,-0.00930861619606932,0.025124018779990064,-0.009344782596722693,,-0.004749457752010493,-0.008897591865425188,-0.006088066432474584,0.030544121096590677,-0.02200319547565317,,-0.004361930718218826,-0.004361930718218929,-0.001378481879654044,-0.006904184593753851,-0.0013784818796540737,-0.0019496062016306746,-0.0030832549889851925,-0.004974427271155265,-0.0036486749631041166,-0.0013784818796540386,-0.003648674963104281,-0.007041416079959205,-0.0013784818796540755,-0.004575156807465638,-0.013160858263935697,1.0,-0.0030832549889851877,-0.0033777765916177607,-0.0013784818796540328,-0.002757551201431179,-0.005344152284486892,-0.0039008748260200023,-0.0019496062016306802,-0.001949606201630697,-0.0013784818796540763,-0.0019496062016307269,-0.006173091802853773,-0.0041377966599813725,-0.0030832549889850624,-0.006325987170210656,-0.0019496062016306848,-0.0013784818796540605,-0.0013784818796540336,-0.007936829172910533,-0.006016357310220665,-0.006325987170210728,-0.0013784818796540607,-0.0036486749631043105,-0.31692351940412233,-0.0036486749631043777,-0.003648674963104249,-0.0013784818796540733,-0.02540207866080114,0.0076153234924128494,-0.006341164658061565,-0.004238161706582557,-0.007841638080975257,0.011685201933146733,-6.365343718466295e-05,-0.006261522788617522,0.02069687619341438,-0.004428432193404233,-0.011009490499456353,-6.365343718466295e-05,0.011287709331278218,-0.020096392905592782,0.005053576643476144,0.003959755339540125,-6.365343718466295e-05,0.06351419000564455,-0.009565327967280128,-0.03932490638214592,-0.02540207866080114,
primary_activity_country_greece,-0.01601960522357182,0.0027373142401657044,0.014140935725521752,0.012076710671728344,0.02242141490789823,-0.0010541860925963268,,0.02242011621286158,0.009826748748689692,0.023841420301312522,-0.012136297716467313,-0.01876270467203326,-0.0076639781357041165,-0.004964154430296327,0.01617055470297292,-0.01074859670969398,-0.00038184317890670557,-0.0073552278014068434,-0.005731094083263338,0.0047185816757547355,0.010925269016910636,-0.002860350331883484,0.00437325366527822,-0.00408362667568857,0.028465015780775427,-0.009385563461180304,0.019032457703445516,0.009902582760623568,-0.005164640301806953,0.044594027696996025,-0.009267974167964429,0.003743773761713442,0.0008082542056537912,-0.006527161518756069,0.009727150547719308,-0.005455515694818175,0.0022063071614684287,0.009190602845428653,0.00911088734443268,0.010040079635361718,0.011430834869987421,0.00028959306244732996,0.014417800453218131,0.01364699220778446,-0.010413722178231152,0.0008168267790651271,0.004182153117201845,0.011430834869987421,0.013969661008309982,0.014892230918322265,-0.005447295900381239,-0.006849293927191449,0.011159979005234038,0.010003068037500945,0.004664189600091084,-0.009763687952550431,0.0006011135394451451,0.008315555052639069,0.005853027376800911,0.006447580278770882,-0.005853027376800912,-0.007447987434741289,-0.007640063280452455,-0.003421755896341002,0.013207227107247662,-0.005077446829216148,0.005077446829216133,,-0.006238851729220008,0.006238851729219948,,-0.01747986999703501,0.017479869997034988,,-0.008727500059728381,0.00872750005972836,,-0.015007482457272323,-0.008727500059728381,0.02040993190537809,,-0.019290469377564696,0.019354697625227298,-0.0010784492407798561,,0.01617055470297292,-0.0010784492407798561,-0.016896770877596588,,-0.0020653665601396754,-0.0010784492407798561,0.0030907462392410763,,-0.002118232921987899,-0.0010784492407798561,0.0031486345247208497,,-0.004964154430296327,-0.0010784492407798561,0.006447186036642653,,5.564364525062983e-05,-0.0010784492407798561,0.0008573402253805967,,0.00024923028511510294,-0.0010784492407798561,0.0006617144320586706,,-0.01876270467203326,-0.0005992627284115418,0.022404623291655056,,-0.01126966765794386,0.011269667657943967,,0.02453133874379764,-0.013994546308484514,-0.0076639781357041165,-0.0018322675887652838,,-0.015390079046739594,-0.003071605869645589,0.02154086702691868,-0.0030797636888535173,,-0.013753790598288075,-0.010993808748344252,-0.0016767470010108998,0.01614678178595658,0.008871877279283152,,-0.0010050555409405358,-0.0010050555409405347,-0.0003176233050758027,-0.0015908297104870633,-0.00031762330507580734,-0.0004492190825994965,-0.0007104290991759019,-0.001146184113149215,-0.0008407105077212869,-0.0003176233050758027,-0.0008407105077212779,-0.0016224499434782803,-0.0003176233050758071,-0.0010541860925963463,-0.003032463002324584,-0.0030832549889851877,1.0,-0.0007782913803020456,-0.00031762330507580447,-0.0006353819658000423,-0.0012313744101251378,-0.0008988212128246646,-0.0004492190825994977,-0.0004492190825994989,-0.00031762330507580734,-0.00044921908259950265,-0.001422374751455446,-0.0009534116264225326,-0.0007104290991759074,-0.0014576041821991316,-0.00044921908259949945,-0.00031762330507580344,-0.00031762330507580333,-0.0018287668129192557,-0.0013862607275395287,-0.00145760418219914,-0.00031762330507580344,-0.0008407105077212697,-0.0730240253246247,-0.0008407105077212762,-0.0008407105077212862,-0.00031762330507580674,-0.005853027376800911,0.0007303802778089734,-0.011627297417620386,0.021305780257703473,-0.009781886896051794,0.010324615228703418,-0.006447580278770914,0.01013093530749007,0.001477627473204828,-0.010861564064141044,0.005681208062350263,-0.006447580278770914,0.0363532826398144,-0.012735070393674911,-0.011467106562318776,-0.009748665282651297,-0.006447580278770914,-0.005222365427573209,0.012834271304521482,-0.0031953640832792477,-0.005853027376800911,
primary_activity_country_hong_kong,-0.017549845122912782,-0.012845531969098295,-0.005395607077466278,-0.020026036785813012,-0.010856486425866093,-0.0011548850547560053,,-0.010857327662529559,-0.01893212491695506,-0.010957662917320402,-0.00849287873875375,-0.0029460684144213905,-0.00015216622174809,-0.009332038744142103,-0.019272191195790562,-0.008599195521708406,-0.016205349435218962,-0.015994204607494247,-0.01239098923161904,-0.007584866529238585,-0.007503054184945768,0.08502965089929362,-0.016692576060833565,-0.007092805255437015,0.0812287675871672,-0.0024584361551667874,-0.036388008740218115,-0.0054868777602926095,0.03697038938893647,0.021518558362841774,0.014078301007679967,-0.002505516580852183,-0.0118487317149856,0.01581447648352687,-0.00898542420572225,-0.010729835426346966,-0.003334526160918973,-0.009511367432929083,-0.009638896130624483,-0.009624277254121249,-0.004572314785818321,-0.010499501017282425,-0.016037591334918597,-0.01606655880178082,0.0007436556659848759,-0.008876381655506527,-0.006467327617275255,-0.004572314785818321,-0.01283664432768686,-0.01035768923381883,-0.0014965828922030562,-0.0032071738606545726,-0.012802761133855521,-0.008358019046185817,-0.015563221266235883,0.009023879177900608,-0.007005859328673313,-0.012273776711112083,0.006412125800196385,-0.011842545461313848,-0.006412125800196386,-0.010613100157778116,-0.00998509705738371,-0.0008962028364441724,0.002530982117303741,0.00027779128457082366,-0.00027779128457087435,,-0.010730373188956659,0.010730373188956659,,-0.02339923235433844,0.02339923235433846,,0.006895169135192811,-0.006895169135192758,,0.020571354508105464,0.006895169135192811,-0.02494188605848113,,0.01985288381381547,-0.025861205331464993,0.008268919420005745,,-0.019272191195790562,0.008268919420005745,0.013775372629160275,,-0.025801636446741067,0.008268919420005745,0.019767560817581863,,-0.006242769566764942,0.008268919420005745,-0.000648799347368644,,-0.009332038744142103,0.008268919420005745,0.002773939327578813,,0.015962198291459524,0.008268919420005745,-0.02307179269342243,,0.006245096773461086,0.008268919420005745,-0.013257645439922494,,-0.0029460684144213905,-0.0030497629296515096,0.0063298399914022,,0.025286017307711416,-0.025286017307711427,,-0.00370948526250316,-0.0035071378749109935,-0.00015216622174809,0.007260064983201223,,-0.005621657285259204,0.01686816567681862,-0.0168601847505106,0.005616870179992214,,-0.003125092761799971,0.001762293100951965,0.007467213949061517,-0.009483548524287656,0.006476340222538239,,-0.001101061408022555,-0.0011010614080225539,-0.00034796361918494693,-0.0017427904524697764,-0.0003479636191849466,-0.0004921298131790352,-0.0007782913803020481,-0.0012556709973422836,-0.0009210176529196777,-0.00034796361918494704,-0.0009210176529196749,-0.0017774311432984297,-0.00034796361918494644,-0.001154885054755992,-0.003322132804711796,-0.0033777765916177607,-0.0007782913803020456,1.0,-0.0003479636191849473,-0.0006960755235887432,-0.0013489989225337268,-0.000984679263821756,-0.000492129813179035,-0.000492129813179035,-0.00034796361918494655,-0.0004921298131790343,-0.0015582441793293592,-0.0010444843145996927,-0.0007782913803020487,-0.0015968388291157391,-0.0004921298131790351,-0.0003479636191849466,-0.0003479636191849471,-0.0020034560081063184,-0.001518680437424084,-0.0015968388291157448,-0.0003479636191849467,-0.0009210176529196709,-0.07999949541909417,-0.0009210176529196776,-0.000921017652919676,-0.00034796361918494715,-0.006412125800196386,0.010739204543770852,0.0005411186670760616,-0.011318624014477812,-0.010716281558733888,-0.009152115756086565,0.011842545461313804,-0.01632386696791061,-0.0009215618591637412,-0.01189909267163401,0.017852726275687326,0.011842545461313804,-0.004261572762377276,-0.0014406310997930865,0.0008432087756905339,-0.010679886518920167,0.011842545461313804,-0.018607233523647595,-0.0028030860779131354,0.021888422118741063,-0.006412125800196386,
primary_activity_country_iceland,-0.00716215025964282,-0.005242304389775599,-0.011340800117186427,-0.0019225034802478778,-0.009147538475060541,-0.0004713124381923646,,-0.009147845278843218,-0.0017739883311479211,-0.009170543031085656,0.0003898816394203914,0.010774787720672682,-0.008473004819437496,0.012081857414186733,0.011996379798553038,-0.0037911413902899645,0.012371419797985755,0.0038991939291139984,0.003692592628105359,0.011598735294776105,0.01215901382830079,-0.0015505333677752516,0.013365399833653166,-0.0036580709059656873,0.0331497306551924,0.010763232246486114,-0.0005660451980911475,0.011347302908872594,-0.0028597401805956733,0.01134601732993763,-0.004702749407917872,-0.0010225096634422141,0.009492451191601366,-0.010371679260486977,0.010723724660589698,0.0018656601489197245,0.003199237769866712,0.010638389374944737,0.010659733694119605,0.019858016941817384,0.028656427535577483,-0.007437991707249489,-0.006544994450889432,0.006101386858179689,-0.004655835269456016,0.02429123149213762,0.04245188619320474,0.028656427535577483,-1.8529560391061912e-05,0.000720776080457143,-5.6452210660653703e-05,-0.0007762051525346617,0.0076911777837862585,0.014107226221337034,-0.006351402445559034,-0.004365213700867922,0.011358450551524976,0.011484771024579598,0.0026168099002070893,0.00802636569375263,-0.0026168099002070884,0.008616863199163237,0.012767030998058298,-0.00821291978561355,-0.0016818986633605187,-0.011803761484172148,0.011803761484172157,,0.011518841563815658,-0.011518841563815671,,0.007793591876522003,-0.007793591876522038,,-0.0039019480159748726,0.0039019480159748566,,-0.011479606530005128,-0.0039019480159748726,0.01395097461230766,,0.016465296870651066,-0.010554044048947555,-0.006267260757547037,,0.011996379798553038,-0.006267260757547037,-0.0075543192381567455,,0.013486106584875238,-0.006267260757547037,-0.00864623334151285,,0.013458920721210644,-0.006267260757547037,-0.008627224008584452,,0.012081857414186733,-0.006267260757547037,-0.007619927986624229,,0.014625912264336611,-0.006267260757547037,-0.009415675458804031,,-0.009637441632481118,-0.006267260757547037,0.014969271094334458,,0.010774787720672682,-0.006128098897262497,-0.006708742790862266,,0.01436084076698473,-0.014360840766984672,,-0.006314424542548444,-0.006256773626943877,-0.008473004819437496,0.021873051338536672,,0.020638185425246276,-0.006878092596031883,-0.006880697564153425,-0.006880697564153426,,-0.006149134983654714,-0.004915184181040763,-0.006445219972358015,-0.008135374260529245,0.03573004379816875,,-0.0004493468286540854,-0.00044934682865406956,-0.00014200511218403382,-0.0007112385895281888,-0.0001420051121840389,-0.00020083981622358172,-0.0003176233050758087,-0.0005124435171168301,-0.0003758703724046742,-0.00014200511218403513,-0.000375870372404687,-0.0007253755708562801,-0.0001420051121840388,-0.0004713124381923374,-0.001355773464847823,-0.0013784818796540328,-0.00031762330507580447,-0.0003479636191849473,1.0,-0.0002840707400598743,-0.0005505309542970358,-0.00040185088789405785,-0.00020083981622358172,-0.00020083981622358383,-0.00014200511218403892,-0.00020083981622358706,-0.0006359246406681805,-0.00042625752834913266,-0.0003176233050758001,-0.0006516752458189473,-0.00020083981622357993,-0.00014200511218403645,-0.00014200511218403534,-0.0008176170711562318,-0.0006197785457952757,-0.0006516752458189336,-0.00014200511218403648,-0.00037587037240471063,-0.03264806058824447,-0.00037587037240471415,-0.0003758703724047068,-0.0001420051121840388,-0.0026168099002070884,-0.00575769970336565,-0.005198408453662671,-0.004619168166803586,0.03247055588058487,-0.003735008929119111,-0.008026365693752638,-0.006661824490402773,-0.005559691739711186,-0.0048560593595434135,0.03101458343638162,-0.008026365693752638,0.021934819899486844,-0.005693678867467872,-0.005126789274545695,-0.004358497266997231,-0.008026365693752638,0.018700448873430118,-0.006059648072486122,-0.010992920350493934,-0.0026168099002070884,
primary_activity_country_israel,-0.014327352680374173,-0.010486842795439273,0.0018238057510839662,0.010616597498090538,0.0038239011931758674,-0.00094282572688803,,0.0038237345123236896,0.009426555617006399,0.004116460498242568,0.005183304957868063,-0.0024051130308162666,0.020907518045597512,0.0003283445045399582,0.012078477542533111,0.010172090383959418,-0.0065836097787627616,-0.008175837078693075,-0.006019428045508453,0.0009060560850032356,0.006831043807749846,-0.0035831006958149175,-0.0037511993894091007,-0.0033086110209976346,0.06631358811788418,-0.006269318830410816,0.003139702328142639,0.006252555896088813,-0.002610529131264817,0.04837696317274399,-0.0044837604416760905,-0.0020454550709129446,-0.0020065402334862002,-0.00013147049337480836,0.003819192988317533,-0.005836029435807676,0.0010788836601074048,0.0033700696330729676,0.0033063312271640792,0.006783409884948598,0.02461552274795513,-0.014879153125834632,0.019391640404333145,0.012205373831531405,-0.009313654630103748,0.006713324501847933,0.017270615343511417,0.02461552274795513,-3.706701718199105e-05,0.001441859320723324,-0.0001129284785156597,-0.0015527410860606994,0.002087586912553263,0.015079043508441354,-0.001856015916168709,-0.008732287644109682,0.004803792452545272,0.010011202026316042,0.0052347349578827865,0.0031940638716943227,-0.005234734957882782,0.00013583322351208712,0.00208036628050036,-0.0011448306304487359,-0.006948622125381342,0.012146451693114308,-0.012146451693114334,,-0.01273540076971988,0.012735400769719829,,-0.02343932677663695,0.023439326776636942,,-0.0078055588529562766,0.007805558852956224,,0.012818238317808898,-0.0078055588529562766,-0.008294579877756263,,0.007842457875972519,0.0029016166743205457,-0.012537192317677418,,0.012078477542533111,-0.012537192317677418,-0.0019329555555853925,,-0.009053476055787761,-0.012537192317677418,0.020317103196162825,,0.014916057181666314,-0.012537192317677418,-0.004711781519377142,,0.0003283445045399582,-0.012537192317677418,0.011018436889981163,,0.004917814275480708,-0.012537192317677418,0.005667308277462915,,0.005098375704730591,-0.012537192317677418,0.00548399800938921,,-0.0024051130308162666,-0.012258809293072586,0.01446150989405209,,0.004473437311765586,-0.00447343731176543,,-0.012631539986598017,-0.012516213587364646,0.020907518045597512,0.0011984200527938916,,-0.01376432734790654,0.013770842821127513,-1.95404987899833e-06,-1.9540498790162525e-06,,0.0023235476690811187,-0.009832462975201376,0.015590725936240826,-0.0034761695069484063,-0.007950472763608584,,-0.0008988851471339994,-0.0008988851471340105,-0.00028407074005987757,-0.0014227802744494855,-0.00028407074005988255,-0.00040176522063644786,-0.0006353819658000468,-0.0010251054128080084,-0.0007519009225330737,-0.0002840707400598763,-0.0007519009225330725,-0.0014510602616013702,-0.00028407074005988255,-0.0009428257268880229,-0.002712124694593648,-0.002757551201431179,-0.0006353819658000423,-0.0006960755235887432,-0.0002840707400598743,1.0,-0.001101296518187032,-0.0008038730251474541,-0.0004017652206364485,-0.00040176522063645165,-0.0002840707400598826,-0.0004017652206364565,-0.0012721202815769567,-0.0008526967069840891,-0.0006353819658000369,-0.001303628204022541,-0.00040176522063644856,-0.0002840707400598769,-0.00028407074005987713,-0.0016355825710551483,-0.001239821211148561,-0.0013036282040225435,-0.00028407074005987697,-0.0007519009225330642,-0.06531003419653585,-0.0007519009225330707,-0.0007519009225330698,-0.0002840707400598821,-0.005234734957882782,-0.011517853059106227,-0.010399032216894295,0.008444332891095686,0.009677314196026379,0.013410353150766626,-0.0031940638716943916,0.0006655297339968521,-0.01112175275040623,-0.00971418813607519,0.0264415601739013,-0.0031940638716943916,-0.012950675745759262,0.003930737180530317,0.022576664475511852,-0.008718851914149953,-0.0031940638716943916,-0.015190584032637589,0.0026283616938040607,0.01388330186774754,-0.005234734957882782,
primary_activity_country_italy,0.014086783540381774,-0.003611497203305189,-0.007345220298817815,-0.00763253540662745,-0.014616640291818103,-0.0018272024322183655,,-0.01461740844819359,-0.007290722375141252,-0.01481273496037874,0.010459285588598457,0.0046255235660004595,0.006280795162445748,-0.014764693525672836,0.003388286208923929,0.0010331998460995481,-0.006487307592419702,0.0023879826387657845,0.0013249480359022354,-0.004672408494412865,-0.0005719260562593725,-0.0017575465126572591,-0.005537664949538176,0.008017225426296586,0.1109210011272367,-0.00975817406574347,0.022141791534547487,-0.00012929026094207492,0.004233660696071638,0.005016124412682519,-0.008559516616356153,0.0022071503683334195,0.008946965833517319,-0.009532160592592076,0.015336419646924579,-0.000390421657861819,-0.0021101532528344413,0.015019235383753117,0.0148028240585573,0.014564960360086874,0.016431997486744298,0.0053915870897058285,-0.01418188682282971,0.019728189211161325,0.005021875311697727,0.013783445188166722,0.0028785679258207584,0.016431997486744298,-0.0041193705804597365,-0.0010420192310646342,0.02777915948222762,0.024235118763794344,0.018277616082746716,0.010320251143554036,-0.01683581140143284,0.014277138589682627,0.013168125963763449,0.009977078270162613,0.01014495062479121,0.01782262835436169,-0.010144950624791213,0.020219993403685143,0.018227449315938955,-0.013806653260605935,-0.00043583208943410865,-0.021120861105777156,0.021120861105777104,,0.007676435814233479,-0.007676435814233613,,0.0033202538300488617,-0.003320253830048858,,-0.004712655270760085,0.004712655270760033,,-0.007519830944626553,-0.004712655270760085,0.010430177643991316,,-0.007497397957600825,-0.0036845841820410305,0.013082678327016928,,0.003388286208923929,0.013082678327016928,-0.015665119948352468,,-0.0035798639619834273,0.013082678327016928,-0.007601926991074982,,-0.009877003507142768,0.013082678327016928,-0.0010264984732909256,,-0.014764693525672836,0.013082678327016928,0.0043887906119359586,,-0.012482633975361855,0.013082678327016928,0.0014860129118151014,,0.00043198652149092903,0.013082678327016928,-0.011494509777671191,,0.0046255235660004595,-0.016184665676716562,0.010014762058105302,,0.018070574096047794,-0.018070574096047523,,-0.002146757108418799,-0.0018072848493973419,0.006280795162445748,-0.0031758375662320278,,-0.00533810087464874,0.008903569876295682,-0.012450519425566232,0.00888673622718662,,0.013950469528952139,0.015894368370208585,-0.024987080024542786,0.001530726329129078,-0.0051462219523337495,,-0.0017420453009375197,-0.0017420453009374494,-0.0005505309542970593,-0.002757357488077056,-0.0005505309542970657,-0.000778623628303741,-0.0012313744101251228,-0.001986661002288794,-0.0014571889112257508,-0.0005505309542970531,-0.00145718891122587,-0.002812164288351379,-0.0005505309542970663,-0.0018272024322183807,-0.0052561154167884705,-0.005344152284486892,-0.0012313744101251378,-0.0013489989225337268,-0.0005505309542970358,-0.001101296518187032,1.0,-0.001557911186399589,-0.0007786236283037447,-0.0007786236283037486,-0.0005505309542970663,-0.0007786236283037593,-0.0024653774353866485,-0.0016525318014905441,-0.001231374410125096,-0.0025264399953963236,-0.0007786236283037499,-0.0005505309542970659,-0.0005505309542970528,-0.0031697697323026944,-0.0024027816254060677,-0.0025264399953962642,-0.0005505309542970624,-0.001457188911225815,-0.12657127391512935,-0.0014571889112258154,-0.0014571889112257948,-0.0005505309542970651,-0.010144950624791213,0.0012659554412920216,0.021865655303417917,0.009510583707339511,-0.007432248458718469,-0.0036881934281295446,-0.017822628354361762,-0.011364622545685845,0.026676321689556626,0.016426121976931815,-0.008551428611050325,-0.017822628354361762,-0.010413659834231781,-0.006238131871099552,0.03951175957712665,0.0021973805369816493,-0.017822628354361762,0.018131652893471434,-0.008246380106130083,-0.005538469029136424,-0.010144950624791213,
primary_activity_country_japan,0.017919939862840475,-0.003398570823346583,0.00824431394622161,-0.008209801533882751,-0.006043924601021172,-0.0013337359398558955,,-0.006044391837280279,-0.00802658964068312,-0.006266126492875654,0.0009477647160839462,-0.011875602915043337,0.0027994517732783295,0.0004644812438504243,0.00022504158737609922,-0.005943939116706933,-0.01171371304872186,0.0030299976054364575,-0.0010083555030024286,0.02327236986985698,0.017549845100754465,-0.004659087887644221,-0.01516056075061129,0.030562794162211828,0.0697270484843325,-0.010983505796231646,0.02068001862607529,0.019448431001074042,0.024423541371682074,0.013256009018504107,0.005709405601317574,0.01206858335482077,-0.0030072361172573583,0.0016875681251253666,0.0038002713626807943,0.000485775312607079,0.003925219567468077,0.00376093423235725,0.0038558842207174733,0.013479164931517454,0.01631292931818633,0.005720054823997822,0.01977288889092948,0.01189281978254534,-0.013175240722986595,0.013728443155161458,-0.01743769102385009,0.01631292931818633,0.027645348201498967,0.028292312712944395,-0.005702907085259696,-0.0049895071108086095,0.0020477606859272456,0.005529500029051721,-0.001772889803893535,-0.012352829940852659,0.005890269192328608,0.005546328979483479,0.0074051375029751025,0.004518372439766804,-0.007405137502975096,-0.002079664620975384,0.0007552688437351331,-0.0010355995788194623,0.006634680432797954,-0.016540936838701264,0.016540936838701226,,-0.018015696040781723,0.018015696040781678,,-0.023955601749645426,0.0239556017496454,,-0.011041864976690983,0.011041864976690921,,0.018132879324929598,-0.011041864976690983,-0.011733641725585687,,-0.006655933698715763,-0.004388043982815881,0.012960081606774752,,0.00022504158737609922,0.012960081606774752,-0.012055929033265926,,-0.004312083003419025,0.012960081606774752,-0.006731306369583593,,-0.0043785499237933906,0.012960081606774752,-0.006665359433799606,,0.0004644812438504243,0.012960081606774752,-0.012275635142549802,,-0.010259226692873833,0.012960081606774752,-0.0006484026874051249,,-0.010030058982526645,0.012960081606774752,-0.0008929517804522789,,-0.011875602915043337,0.003387656003902008,0.010596950612438906,,0.006328194010029012,-0.0063281940100288064,,0.0025084563078794464,0.013018931451682833,0.0027994517732783295,-0.018371962908808968,,0.009731469448100853,0.009744371366273685,-0.009736997906812818,-0.009736997906812976,,-0.007057052138881004,-0.0019508812481992862,0.0019079905646787255,0.01318687137948042,-0.011246862448980988,,-0.0012715769121960326,-0.0012715769121960183,-0.0004018508878940595,-0.0020126871090107605,-0.0004018508878940701,-0.0005683433309734021,-0.0008988212128246832,-0.0014501300635013617,-0.001063650741588462,-0.0004018508878940601,-0.0010636507415884673,-0.0020526924187594673,-0.0004018508878940704,-0.0013337359398558595,-0.0038366137827927915,-0.0039008748260200023,-0.0008988212128246646,-0.000984679263821756,-0.00040185088789405785,-0.0008038730251474541,-0.001557911186399589,1.0,-0.000568343330973403,-0.0005683433309734089,-0.00040185088789407086,-0.0005683433309734169,-0.0017995611394259919,-0.0012062380262524328,-0.0008988212128246567,-0.0018441327366548797,-0.0005683433309734014,-0.00040185088789405655,-0.00040185088789405975,-0.002313720548142401,-0.0017538703719535446,-0.0018441327366548776,-0.0004018508878940566,-0.0010636507415884787,-0.09238859033752507,-0.0010636507415884892,-0.0010636507415884686,-0.00040185088789407026,-0.007405137502975096,0.015989285582565675,-0.014710632741397804,-0.0005629971215725682,-0.012375854893643847,0.018970494178571856,-0.004518372439766918,0.0009414687146946815,-0.0047314605322985835,-0.001680053172963697,0.012223902904261431,-0.004518372439766918,0.0017778039956307789,0.0055604819621386135,0.008714669206523208,-0.012333823548245366,-0.004518372439766918,-0.012187836273931161,0.0037181213388583307,0.011181589118086286,-0.007405137502975096,
primary_activity_country_korea,-0.010129529280946965,-0.007414264416524131,0.017588897425161582,-0.008059304118967981,0.0055201056248338765,-0.0006665837730388736,,0.005520044697719742,-0.008586173349276445,0.005871301085083256,-0.009781919462426875,-0.0017004301780756024,-0.011983489218275245,0.00023214164871724913,0.0001124728410782924,-0.008948606220459628,-0.008725087100566853,-0.00766287757584168,-0.005835483705497551,-0.006511697161767067,-0.007470830166229208,-0.0026305197106219745,-0.009297401521541307,0.004544459791479161,0.046884127692682964,-0.005556878302025683,0.008583406600519983,-0.007266203218578863,-0.0007827511021941731,-0.0016839167176181738,0.013116525355417252,-0.0014461497176694515,-0.015891481262457065,0.020168849502405373,-0.014629427115532995,-0.0052535663681384185,-0.002978897068173297,-0.014691221705007607,-0.014699490990095841,-0.0029672719065790484,0.003527817559855794,-0.01051965569817323,-0.00925667718918063,-0.012853931528590748,-0.0065848129373890325,-0.007943236424931069,0.0002529692387434689,0.003527817559855794,-2.620661641255319e-05,0.001019403691254144,-7.98411510693189e-05,-0.0010977978031158882,-0.00470813650632742,0.0013699115884295745,-0.008982877308493783,-0.006173782788346243,-0.011081521067879673,-0.0052086403652888275,0.0037009908401644596,-0.006835354396074384,-0.0037009908401644566,-0.006826461751592345,-0.00727491924531063,-0.005605514798677221,0.007620979902858357,0.01701489957187759,-0.01701489957187761,,-0.0005722532091629685,0.000572253209162941,,0.011022585990944751,-0.011022585990944765,,-0.005518579651039258,0.005518579651039229,,0.0006297945430274899,-0.005518579651039258,0.002667472423860958,,-0.01219776465625575,0.0020514614053492026,0.011590997148919186,,0.0001124728410782924,0.011590997148919186,-0.010684179352074332,,-0.014892349764522245,0.011590997148919186,0.0055000510284993,,0.00205635438934618,0.011590997148919186,-0.012201603574371675,,0.00023214164871724913,0.011590997148919186,-0.010776970722625808,,0.0034769259062058565,0.011590997148919186,-0.013316721487578169,,0.0036045839827116184,0.011590997148919186,-0.01341680666733333,,-0.0017004301780756024,-0.008667055977048857,0.010224379282515135,,0.0031627485723920027,-0.0031627485723918973,,0.011437966230555456,-0.008849042446862248,-0.011983489218275245,0.010876647862887117,,0.009728703746028338,-0.009727782554515155,0.009728703746028479,-0.009731466797362148,,-0.00869680760824085,-0.006951613730257413,-0.009115564748763136,0.02468722517143582,-0.005621034705641201,,-0.0006355175042612473,-0.0006355175042612448,-0.00020083981622358134,-0.0010059146844434896,-0.00020083981622358662,-0.00028405056099985263,-0.00044921908259950476,-0.0007247560332147003,-0.0005315987245573091,-0.00020083981622358164,-0.0005315987245573117,-0.0010259088148534222,-0.00020083981622358679,-0.0006665837730388424,-0.0019174893729738461,-0.0019496062016306802,-0.0004492190825994977,-0.000492129813179035,-0.00020083981622358172,-0.0004017652206364485,-0.0007786236283037447,-0.000568343330973403,1.0,-0.00028405056099985556,-0.000200839816223587,-0.00028405056099985914,-0.0008993971132414127,-0.0006028619839165405,-0.0004492190825994916,-0.0009216734143917052,-0.00028405056099985225,-0.00020083981622358107,-0.0002008398162235821,-0.0011563672588031024,-0.0008765614654458578,-0.0009216734143917062,-0.00020083981622358112,-0.0005315987245573138,-0.046174608700717955,-0.0005315987245573194,-0.0005315987245573057,-0.00020083981622358673,-0.0037009908401644566,-0.008143195216774288,-0.007352181780157784,0.018473348041911745,-0.006185290358508337,-0.0052824753657147025,0.006835354396074327,-0.009421911548031356,-0.007863149784468785,0.01724530362424842,-0.006475657383422748,0.006835354396074327,-0.009156209950385075,0.013610761923344145,-0.007250889773477814,-0.006164283641987935,0.006835354396074327,-0.010739839325939533,-0.008570245018224884,0.018269923716363802,-0.0037009908401644566,
primary_activity_country_lebanon,-0.010129529280946951,-0.007414264416524123,0.014500579600933853,0.012474845537086538,0.02081296855167583,-0.0006665837730388708,,0.020810878628433473,0.011879744329124517,0.021105187768871964,-0.008148690986543595,-0.0017004301780756416,0.005860002232953677,0.00023214164871720208,0.00011247284107833249,0.006593942142227695,-0.007953847125695261,-0.0076628775758416316,-0.005835483705497582,-0.009375707214697687,-0.008640326377198556,0.004071611619125925,-0.007610782297097088,0.0264102312202395,0.07095504993641831,-0.0023185196213277633,-0.015119757811867581,-0.006153239296315299,0.019910823829179403,-0.010744262748929225,0.032483969286391426,-0.0014461497176693442,-0.015115547869957396,0.007894440608460377,-0.004131304939008292,-0.005253566368138399,-0.003308380266913001,-0.0043937984039656396,-0.004515979717247754,-0.010730457656221118,-0.005722524612171273,-0.010519655698173218,-0.009256677189180617,-0.012853931528590745,-0.006584812937389021,-0.007943236424931019,0.0002529692387434334,-0.005722524612171273,-2.6206616412387248e-05,0.001019403691254212,-7.984115106931721e-05,-0.0010977978031158856,-0.004708136506327422,0.0013699115884295311,-0.00898287730849378,-0.00617378278834624,-0.002032875554397111,-0.008153389240898642,0.0037009908401644453,-0.006835354396074269,-0.0037009908401644523,-0.007614688992815828,-0.007484891623431388,0.004252250992802709,0.002988960393625428,0.00016033730960837288,-0.00016033730960839755,,-0.0005722532091629382,0.0005722532091629231,,0.011022585990944776,-0.011022585990944765,,-0.0055185796510392555,0.005518579651039259,,0.0006297945430275594,-0.0055185796510392555,0.002667472423861006,,0.005544667494510324,0.0020514614053492807,-0.008863874542345681,,0.00011247284107833249,-0.008863874542345681,0.007950955659480778,,0.019073589157605427,-0.008863874542345681,-0.012228488739793921,,-0.014922431031715044,-0.008863874542345681,0.023279772963324338,,0.00023214164871720208,-0.008863874542345681,0.007790104815400993,,0.0034769259062058877,-0.008863874542345681,0.00400682292265699,,-0.013630368488597307,-0.008863874542345681,0.021171249466644882,,-0.0017004301780756416,-0.008667055977048838,0.01022437928251505,,-0.013985240800476955,0.013985240800476993,,-0.00893057894309863,0.011625269627135922,0.005860002232953677,-0.00918206669545644,,-0.009731466797362118,0.009736073278283167,0.009728703746028366,-0.009731466797362143,,-0.008696807608240837,-0.006951613730257405,0.01102274219149363,0.006590625787336875,-0.005621034705641194,,-0.0006355175042612527,-0.0006355175042612527,-0.00020083981622358342,-0.0010059146844435044,-0.00020083981622358597,-0.0002840505609998551,-0.00044921908259950324,-0.0007247560332146979,-0.0005315987245573138,-0.00020083981622358405,-0.0005315987245573147,-0.0010259088148534211,-0.00020083981622358597,-0.0006665837730388536,-0.001917489372973854,-0.001949606201630697,-0.0004492190825994989,-0.000492129813179035,-0.00020083981622358383,-0.00040176522063645165,-0.0007786236283037486,-0.0005683433309734089,-0.00028405056099985556,1.0,-0.00020083981622358608,-0.00028405056099985805,-0.000899397113241422,-0.0006028619839165457,-0.00044921908259949804,-0.0009216734143917126,-0.0002840505609998547,-0.00020083981622358342,-0.00020083981622358394,-0.0011563672588031152,-0.0008765614654458675,-0.0009216734143917153,-0.00020083981622358345,-0.0005315987245573157,-0.04617460870071786,-0.0005315987245573191,-0.0005315987245573131,-0.00020083981622358622,-0.0037009908401644514,-0.008143195216774281,0.015641342321818894,-0.006532954141287219,-0.006185290358508333,-0.005282475365714698,0.006835354396074237,-0.009421911548031353,-0.007863149784468776,-0.006867992668303015,0.01869435086792748,0.006835354396074237,0.01093325630524162,-0.00805264965317846,-0.007250889773477805,-0.006164283641987923,0.006835354396074237,-0.010739839325939526,-0.008570245018224875,0.01826992371636376,-0.0037009908401644514,
primary_activity_country_lithuania,-0.007162150259642823,-0.005242304389775606,-0.011826047987670993,-0.0039640556509177366,-0.009656647493661874,-0.0004713124381923619,,-0.009656964585482148,-0.0035675302439492585,-0.009703887945641735,0.0005215323662606763,0.010774787720672627,-0.0084730048194375,0.012081857414186796,0.011996379798553034,0.002971603828936901,0.0011622637627711444,-9.392687973876074e-05,-0.0018921286138947413,0.0061311890353898234,0.00825069248181813,-0.002157676829598172,0.0015354505621887654,-0.0025128607272433584,0.03314973065519229,-0.004119835894806446,0.008389066495854861,0.00759747629278066,-0.0028597401805956785,0.01412250558955441,-0.004327855329466805,0.015155294007365244,-0.008254497991410578,0.012856610017126818,-0.009143090995873338,-0.000525866471630231,0.002010362497171795,-0.00900116466885521,-0.008854173187101484,0.008879993918173795,0.0024943665940943037,0.011480670479156494,0.015106671081104094,0.006101386858179685,0.025100106475352178,0.01232821188517842,-0.008275740963011879,0.0024943665940943037,-0.03133941608029152,-0.028965925291825123,-0.03994630007579915,-0.03892946342612106,0.006269229829303984,0.0009686049930487501,0.011727238158918912,0.01977845286481061,0.011358450551525073,0.010070511670963823,0.0026168099002070733,0.008026365693752665,-0.002616809900207072,0.004902195898211695,0.007975603993716919,-0.007267308803677942,-0.01390572718509028,-0.011803761484172129,0.01180376148417215,,-0.012328072349750994,0.01232807234975099,,0.007793591876522058,-0.007793591876522053,,-0.003901948015974876,0.0039019480159748605,,0.012370207272598448,-0.003901948015974876,-0.01017886679105259,,0.016465296870651087,-0.010554044048947558,-0.00626726075754703,,0.011996379798553034,-0.00626726075754703,-0.0075543192381567386,,-0.010529733788645844,-0.00626726075754703,0.016423927804751017,,-0.01055100294633914,-0.00626726075754703,0.016460116492018517,,0.012081857414186796,-0.00626726075754703,-0.007619927986624253,,0.014625912264336516,-0.00626726075754703,-0.009415675458804021,,0.01473473122840374,-0.00626726075754703,-0.00948644134301132,,0.010774787720672627,-0.006128098897262489,-0.006708742790862268,,-0.009888356433176685,0.009888356433176674,,-0.0063144245425484375,-0.006256773626943867,-0.0084730048194375,0.021873051338536578,,0.020638185425246276,-0.006878092596031905,-0.006880697564153414,-0.006880697564153461,,-0.006149134983654718,-0.004915184181040762,-0.00644521997235802,-0.008135374260529243,0.03573004379816878,,-0.0004493468286541002,-0.0004493468286540998,-0.00014200511218403887,-0.0007112385895282383,-0.00014200511218403822,-0.000200839816223587,-0.00031762330507580696,-0.0005124435171168285,-0.00037587037240471746,-0.00014200511218403887,-0.000375870372404716,-0.0007253755708562785,-0.00014200511218403803,-0.00047131243819235956,-0.0013557734648478525,-0.0013784818796540763,-0.00031762330507580734,-0.00034796361918494655,-0.00014200511218403892,-0.0002840707400598826,-0.0005505309542970663,-0.00040185088789407086,-0.000200839816223587,-0.00020083981622358608,1.0,-0.00020083981622358573,-0.000635924640668193,-0.0004262575283491442,-0.00031762330507580875,-0.0006516752458189717,-0.00020083981622358706,-0.0001420051121840387,-0.00014200511218403887,-0.0008176170711562495,-0.0006197785457952903,-0.0006516752458189752,-0.0001420051121840387,-0.0003758703724047139,-0.032648060588244376,-0.0003758703724047166,-0.0003758703724047169,-0.00014200511218403784,-0.002616809900207072,0.024663514858378234,-0.005198408453662675,-0.0046191681668035734,-0.004373350203990459,-0.003735008929119107,-0.008026365693752638,0.02131624938312531,-0.005559691739711193,-0.004856059359543399,-0.004578656117543044,-0.008026365693752638,0.02193481989948678,-0.005693678867467883,-0.005126789274545714,-0.0043584972669972345,-0.008026365693752638,-0.007593673988531994,-0.00605964807248612,0.012917869652140092,-0.002616809900207072,
primary_activity_country_malta,-0.010129529280946967,-0.007414264416524122,0.006265065402994035,-0.013806062725781746,-0.007215765106389912,-0.0006665837730388697,,-0.007216083399042661,-0.013404642041418162,-0.007270120209292499,-0.00858108819096623,-0.018639793324025593,-0.011983489218275222,-0.016623256618453108,0.00011247284107832515,-0.02209999329657981,0.009913212292164913,0.00269092120390615,-0.000306499153767265,0.002974368567601776,0.004888307752824537,0.0028493379476275953,0.016541604996944202,0.008593676722731062,0.022813205448947178,0.012344048849610052,0.0030955814268193984,0.01031021875057507,0.05216317770138294,0.006055168825051161,0.0010608558075485023,0.019289297962491524,0.0003693837455790534,-0.009208504137146701,0.010496593240781706,0.0009474444679696324,0.0007806385895106345,0.010360718564691644,0.010298077442348294,-0.01849364340586314,-0.014972866784198345,-0.010519655698173223,-0.009256677189180615,-0.012853931528590759,-0.006584812937389023,-0.016402969396470266,-0.011704496187230459,-0.014972866784198345,-2.6206616412317266e-05,0.0010194036912543336,-7.984115106931714e-05,-0.001097797803115884,-0.02431617507823574,-0.01721222416947826,-0.008982877308493781,-0.006173782788346248,-0.020130166581361856,-0.020770855263665736,0.0037009908401644414,-0.02502251004834138,-0.00370099084016444,-0.008077344112664411,-0.008081655224406186,-0.012353788707470382,0.026748495758630406,-0.016694224952660854,0.01669422495266085,,-0.017435765142780307,0.017435765142780297,,-0.025769865731436328,0.02576986573143632,,-0.005518579651039257,0.005518579651039274,,0.0006297945430275371,-0.005518579651039257,0.0026674724238610016,,0.005544667494510315,-0.014926732105666519,0.011590997148919239,,0.00011247284107832515,0.011590997148919239,-0.010684179352074332,,-0.014892349764522226,0.011590997148919239,0.005500051028499286,,0.0020563543893461745,0.011590997148919239,-0.012201603574371707,,-0.016623256618453108,0.011590997148919239,0.007790104815400944,,0.003476925906205884,0.011590997148919239,-0.013316721487578155,,0.0036045839827116228,0.011590997148919239,-0.013416806667333333,,-0.018639793324025593,-0.008667055977048836,0.029937027321593444,,0.0203107379452609,-0.02031073794526092,,-0.008930578943098618,-0.00884904244686222,-0.011983489218275222,0.030935362421230763,,0.029188874289419103,-0.00972778255451516,-0.009731466797362101,-0.009731466797362155,,-0.008696807608240835,0.016954741495427493,-0.009115564748763112,0.006590625787336878,-0.005621034705641191,,-0.0006355175042612628,-0.0006355175042612622,-0.00020083981622358684,-0.0010059146844435222,-0.000200839816223586,-0.00028405056099985914,-0.00044921908259950227,-0.0007247560332146985,-0.000531598724557323,-0.00020083981622358687,-0.0005315987245573206,-0.0010259088148534211,-0.00020083981622358573,-0.0006665837730388662,-0.0019174893729738797,-0.0019496062016307269,-0.00044921908259950265,-0.0004921298131790343,-0.00020083981622358706,-0.0004017652206364565,-0.0007786236283037593,-0.0005683433309734169,-0.00028405056099985914,-0.00028405056099985805,-0.00020083981622358573,1.0,-0.0008993971132414329,-0.000602861983916554,-0.00044921908259950454,-0.0009216734143917251,-0.0002840505609998593,-0.00020083981622358662,-0.00020083981622358698,-0.001156367258803133,-0.0008765614654458815,-0.0009216734143917299,-0.00020083981622358665,-0.0005315987245573182,-0.04617460870071781,-0.0005315987245573208,-0.0005315987245573218,-0.00020083981622358567,-0.00370099084016444,-0.008143195216774294,-0.00735218178015778,-0.006532954141287218,-0.006185290358508338,-0.0052824753657147025,0.02502251004834142,-0.009421911548031353,-0.007863149784468778,-0.006867992668303012,-0.006475657383422742,0.02502251004834142,-0.009156209950385063,-0.008052649653178466,-0.0072508897734778165,-0.006164283641987925,0.02502251004834142,0.00785423352867998,-0.008570245018224879,0.001361241359681783,-0.00370099084016444,
primary_activity_country_netherlands,0.0041855024555612986,0.012719587179277108,-0.009933233793265293,0.0002845892504798719,-0.009602314798429483,-0.002110622556401268,,-0.009603054959982647,0.0005061916964718675,-0.009323402475127088,-0.001081843828626126,0.0214336670976723,0.007255018769814048,0.006072007663181561,-0.0049804579523747205,0.018228660643805433,-0.0045688636061228804,0.0034537941879081756,0.014785441724149133,0.00941721237196252,0.0039554668177595445,-0.0033462768432174104,-0.007295657178334165,-0.0025346659575601923,0.08747736541310383,-0.001815585223616226,0.02753437431752946,0.0032377740555093594,0.01270473781807534,0.011545281322697434,-0.004675944609926201,0.009739388221233967,-0.010431058616760849,0.031383357152641934,-0.01854374860796859,0.019956928418145156,0.10428666644934612,-0.016898417239880618,-0.013126903788343993,-0.009395354748061687,-0.012261464632130431,0.0005798043192481438,0.0046263575563864675,-0.0032871766533977276,0.005800825962909602,-0.003721859854595078,0.0008009834666894655,-0.012261464632130431,-0.01410903962383043,-0.010066477173439429,0.0134844975157218,0.009724640475652229,0.005628461705449005,-0.0005655052265410741,0.014735631222313209,0.018293682359027185,0.013618932976857743,0.006510767650443915,0.011718549212013474,0.007150275031670935,-0.011718549212013478,-0.0014887595639125595,0.004434569855532481,-0.0031518317143366757,-0.022506765777273192,0.016517799824021108,-0.016517799824021108,,0.003527599126470248,-0.003527599126470291,,0.011601726944225314,-0.011601726944225326,,0.0005713518547616873,-0.0005713518547617258,,0.007334325336665637,0.0005713518547616873,-0.007762579362259832,,-0.010532942375339097,0.011871450903718364,-0.0021592006473143753,,-0.0049804579523747205,-0.0021592006473143753,0.00747384750763294,,0.02275167987512924,-0.0021592006473143753,-0.02187909153611005,,0.0172631706944292,-0.0021592006473143753,-0.01616514147754567,,0.006072007663181561,-0.0021592006473143753,-0.004728697885934778,,-0.005337434011254947,-0.0021592006473143753,0.0072017121858131555,,0.022327594446821305,-0.0021592006473143753,-0.020578581492801108,,0.0214336670976723,-0.007760538028867193,-0.01755962658062176,,-0.011704162485442312,0.011704162485442596,,-0.002479743840228215,-0.008570453339722658,0.007255018769814048,0.0026827995071997354,,0.018480807798085683,1.3125573484875606e-05,-0.012327829136660702,-0.006166101749711597,,-0.0013461678315163633,0.030975659623200258,-0.003357073354094242,-0.013511776657760911,-0.008907854392801643,,-0.0020122565740937287,-0.0020122565740937587,-0.0006359246406681782,-0.0031850553653935887,-0.0006359246406681922,-0.0008993971132414143,-0.0014223747514554605,-0.002294814985695227,-0.0016832156802884005,-0.0006359246406681794,-0.001683215680288366,-0.0032483633310921665,-0.0006359246406681927,-0.002110622556401255,-0.006071399403871006,-0.006173091802853773,-0.001422374751455446,-0.0015582441793293592,-0.0006359246406681805,-0.0012721202815769567,-0.0024653774353866485,-0.0017995611394259919,-0.0008993971132414127,-0.000899397113241422,-0.000635924640668193,-0.0008993971132414329,1.0,-0.001908858500785739,-0.0014223747514554705,-0.002918319912262748,-0.0008993971132414134,-0.000635924640668178,-0.0006359246406681801,-0.003661437494625952,-0.0027754807060602657,-0.0029183199122626855,-0.000635924640668178,-0.0016832156802883747,-0.14620393504696844,-0.0016832156802883864,-0.001683215680288396,-0.0006359246406681916,-0.011718549212013478,-0.01897243751691974,-0.0014379070665903578,-0.004849843955529766,0.02166376780461067,0.020671270415070886,-0.007150275031671123,0.01401895273516676,-0.0040055199943595295,0.001158863908182667,-0.004564754246995371,-0.007150275031671123,-0.01626959365954808,0.015658747630215353,-0.008258867643696422,0.021837535059318028,-0.007150275031671123,-0.004568386548635143,-0.02053218496004733,0.025725506627155365,-0.011718549212013478,
primary_activity_country_norway,0.023509093462637902,0.00583013543660872,-0.005072159321594598,-0.007086322786605007,-0.010295982334747317,-0.0014147411448379261,,-0.010296556456184767,-0.005934209913498036,-0.01064574314462626,0.026419994511745003,0.008374945544120029,-0.017017778373930568,-0.011431803643305991,-0.0037358336939027456,-0.006868830102743652,-0.00047202570615375054,-0.006940925695404098,-0.007542244955815711,0.021448752617350967,0.01934820559369839,-0.0011147322725643045,-0.0016911951223844539,-0.005251145429884148,0.05409458408461223,-0.011942274032575825,0.022833537831300932,0.018703473411617873,0.0015663961763279913,0.05847754172801899,-0.010338968859092135,0.014916283583493,-0.003217727118225406,-0.015042461289115898,0.018427694963215446,-0.005566639979687456,0.004386427790256518,0.017716963425032133,0.017629161994495518,-0.006297665535752885,-0.009963935506155312,0.002912562658740099,-0.012424821066664623,-0.007016231978819071,-0.013975446403556635,-0.0028937405385562396,-0.0022829079264872045,-0.009963935506155312,0.026059956880288334,0.02691653954121709,-0.0018267980718919745,-0.003922537216880292,-0.0003888288230840955,-0.010238623649412498,-0.007005760813263171,-0.013103086038453933,-4.683115239193872e-05,-0.01385265749820264,0.007854892708202174,-0.0016405309354368476,-0.007854892708202171,0.012621707480646635,0.020955045764568577,-0.008000839493679439,0.014298360665910037,0.012264199974807667,-0.012264199974807707,,0.0027622089103657116,-0.0027622089103657493,,0.006041311641508268,-0.006041311641508304,,-0.011712498877369462,0.011712498877369434,,0.005313889336539129,-0.011712498877369462,0.0016374518684440654,,-0.025888238256361388,0.008357760980992723,0.01977679182044045,,-0.0037358336939027456,0.01977679182044045,-0.013886784801114587,,-0.007577666485085221,0.01977679182044045,-0.009230503865254827,,0.00036042750608784125,0.01977679182044045,-0.01752918495720321,,-0.011431803643305991,0.01977679182044045,-0.005358865035357164,,-0.012911400990385702,0.01977679182044045,-0.003751706141448233,,-0.004542733135139014,0.01977679182044045,-0.012162426207464053,,0.008374945544120029,-0.01839474825413939,0.0077540920970435535,,0.0026687099466105395,-0.0026687099466103114,,0.00986575941350403,-0.009124507307146234,-0.017017778373930568,0.01835409589765915,,-0.011475651953311976,0.006893733511859472,-0.01147565195331171,0.01605887565531032,,0.020554467458526626,-0.014753935461674896,-0.0003506294163429022,0.0011851897092083395,-0.011929946986826409,,-0.001348806853554575,-0.0013488068535545885,-0.00042625752834914816,-0.002134928796407759,-0.00042625752834914393,-0.0006028619839165396,-0.000953411626422542,-0.0015382045312683631,-0.001128252169634907,-0.00042625752834913374,-0.0011282521696349755,-0.0021773638512205496,-0.0004262575283491438,-0.0014147411448378394,-0.004069632686028971,-0.0041377966599813725,-0.0009534116264225326,-0.0010444843145996927,-0.00042625752834913266,-0.0008526967069840891,-0.0016525318014905441,-0.0012062380262524328,-0.0006028619839165405,-0.0006028619839165457,-0.0004262575283491442,-0.000602861983916554,-0.001908858500785739,1.0,-0.0009534116264225174,-0.0019561371791256463,-0.0006028619839165537,-0.0004262575283491372,-0.00042625752834913087,-0.0024542456713491367,-0.001860392678765893,-0.0019561371791256524,-0.0004262575283491372,-0.0011282521696350072,-0.09799986350985866,-0.00112825216963502,-0.0011282521696349872,-0.0004262575283491432,-0.007854892708202171,-0.007136749227661918,0.006085195274051865,-0.0020714345683427306,-0.0008392254164411506,0.002714858543801042,0.0016405309354368218,-0.01066550879536739,0.014430719703639251,-0.0032036885959151468,-0.0018726191562304943,0.0016405309354368218,0.00899201213905313,-0.017090747255037047,0.006506951648052532,-0.0007626895872300585,0.0016405309354368218,0.003515098111363315,0.011321684394165874,-0.009073126234624682,-0.007854892708202171,
primary_activity_country_poland,0.020200645045967816,0.01720010808374166,0.0004654561711182123,0.01509138603527152,0.005061635763085476,-0.0010541860925963231,,0.005061465280046566,0.01684132944443161,0.004679425764599227,0.025113116027760573,-0.008047027652480079,0.003623641690679026,0.005698407220382828,0.00550876695039491,-0.004698094851330786,-0.004393292211700503,0.0033624840558768372,0.0027630337846709925,-0.000985966812032053,-0.0036986975826047955,0.04278738196276576,-0.006936299539820273,0.0056500558533119204,0.05891908021097469,-0.009214850600466326,0.012546057822440261,-0.0016146331603621841,0.04409035271656311,-0.013895919092648687,0.006395030337856489,-0.00038257985373288633,0.005503321524239608,-0.015290964279981022,0.017222702709395476,0.000963446927412599,-0.002054206492415991,0.01695973465463197,0.016735465560668707,0.010040079635361705,-0.006124195655377118,0.02567885371161884,-0.004953540369371559,-0.0067381119532815194,-0.010413722178231125,0.011519917020843682,0.0041821531172018395,-0.006124195655377118,0.034986320214484605,0.0281722995885862,0.021745613037904187,0.03293877567654808,0.021655548823863346,-0.0037109575312020402,-0.006118891828940039,-0.009763687952550391,0.019681398504800045,-0.0016024416376785402,0.005853027376800941,0.017952598749352063,-0.005853027376800942,0.014216145225585826,0.012846916854943049,-0.001096811162096397,0.010828617977504038,-0.005077446829216157,0.0050774468292161725,,-0.006238851729220059,0.0062388517292200265,,0.00579467852156184,-0.0057946785215618355,,-0.00872750005972836,0.008727500059728345,,-0.004338490941518921,-0.00872750005972836,0.009615672657080472,,0.0031569120063574163,0.008614456892917548,-0.014018002908262581,,0.00550876695039491,-0.014018002908262581,0.006680040868993392,,-0.002065366560139696,-0.014018002908262581,0.014305648744637646,,0.008622382246882323,-0.014018002908262581,0.0031486345247208627,,0.005698407220382828,-0.014018002908262581,0.006447186036642689,,5.5643645250640614e-05,-0.014018002908262581,0.011816046590817326,,0.011151894248255672,-0.014018002908262581,0.0006617144320586462,,-0.008047027652480079,0.012508213657310733,-0.002535437059716279,,0.01042563624116749,-0.01042563624116734,,-0.001238549953728906,0.011909156622042755,0.003623641690679026,-0.01452121609188616,,-0.015390079046739653,-0.0030716058696455897,0.00923055166903264,0.009230551669032628,,0.012409058067138826,-0.010993808748344184,-0.0016767470010109276,0.004699048333319984,-0.008889530247149731,,-0.0010050555409405035,-0.001005055540940525,-0.0003176233050758007,-0.0015908297104870637,-0.00031762330507580837,-0.00044921908259949267,-0.000710429099175905,-0.0011461841131492245,-0.0008407105077212597,-0.00031762330507579997,-0.0008407105077212748,-0.001622449943478286,-0.00031762330507580837,-0.0010541860925963261,-0.0030324630023244453,-0.0030832549889850624,-0.0007104290991759074,-0.0007782913803020487,-0.0003176233050758001,-0.0006353819658000369,-0.001231374410125096,-0.0008988212128246567,-0.0004492190825994916,-0.00044921908259949804,-0.00031762330507580875,-0.00044921908259950454,-0.0014223747514554705,-0.0009534116264225174,1.0,-0.0014576041821991073,-0.000449219082599494,-0.00031762330507579986,-0.00031762330507579986,-0.0018287668129192323,-0.0013862607275395137,-0.0014576041821990954,-0.00031762330507579997,-0.0008407105077212809,-0.07302402532462489,-0.000840710507721267,-0.0008407105077212486,-0.00031762330507580815,-0.005853027376800942,0.0007303802778088596,0.0029181831707100593,-0.010331708748201144,0.02318166784504521,0.010324615228703432,-0.01795259874935216,-0.002384794804885411,0.0014776274732048982,0.004392273563724475,0.021603511438049842,-0.01795259874935216,0.02364488091091137,0.014673058187731534,-0.011467106562318802,-0.009748665282651264,-0.01795259874935216,-0.005222365427573213,0.012834271304521463,-0.0031953640832792763,-0.005853027376800942,
primary_activity_country_portugal,0.014315653640381827,-0.002861975109863481,0.008080906108155157,0.006521878932503369,0.011102769741513592,-0.0021628985343745025,,0.011101711952298697,0.006179389620178629,0.011023387452652864,-0.0010012330201170812,0.0075691984338180016,-0.00028498082700526136,0.013775045403025668,0.008177461410070521,0.005878254871060851,-0.006198860423213488,-0.0024671305749992423,-0.004289648536120976,0.0008101778313528158,-0.0024543917646737546,0.004934348254285515,-0.006650954092539866,0.0004807654592108752,0.10005789540878893,-0.014903405586140337,0.01750796448245526,0.002699117741668392,0.04133069004777976,0.006114069943756743,-0.0027070311961992725,0.01741763971474826,-0.0023929587608064263,-0.01224563871424694,0.018977017246986656,-0.003632690938166014,-0.003038169869453471,0.018380765853230657,0.018068574136834742,-0.009628059243884922,-0.019997457460884677,0.011343255471551393,-0.011109596817179334,-0.015152508717095715,-0.0018585221299140151,-0.014009656713122983,-0.004721892166721747,-0.019997457460884677,-0.0017961600098915158,-0.003179676908019043,-0.002866283788350145,0.0005673482129350376,-0.009761166818859442,-0.024266600666966415,-0.009393717464607853,0.006347998585864206,-0.014984919475486013,-0.019350556520725558,0.012008794674721872,-0.008128359011288515,-0.012008794674721877,-0.013989803324787472,-0.01383446436100478,-0.009624251352235854,0.014525214405750645,-0.002083976839992049,0.0020839768399920173,,0.005960023754964903,-0.005960023754964965,,-0.009713442235812428,0.009713442235812426,,0.00851061227701969,-0.008510612277019713,,-0.010986129426041968,0.00851061227701969,0.006018756287631294,,-0.0011988595180819558,0.009279816004090226,-0.009797933591945281,,0.008177461410070521,-0.009797933591945281,-0.00011528852367964275,,0.01990390076071063,-0.009797933591945281,-0.012285689109211028,,0.004048932995376223,-0.009797933591945281,0.004267209032313811,,0.013775045403025668,-0.009797933591945281,-0.006280236109621919,,0.003304906615963541,-0.009797933591945281,0.004971059069392066,,0.0037069593076254188,-0.009797933591945281,0.004564216249479783,,0.0075691984338180016,-0.0089132127252206,-0.00032867221082905074,,-0.00828465428086397,0.008284654280864261,,-0.016388771518251667,0.009249372585963343,-0.00028498082700526136,0.00739821427404269,,-0.013535214021492851,0.01053934577613311,0.004505761064308537,-0.0015078972976252587,,0.0037327697836784047,-0.007780985734307076,-0.029577740161919858,0.024181082419462426,0.007790783313529905,,-0.0020620962197589153,-0.0020620962197588195,-0.0006516752458189481,-0.00326394293513925,-0.0006516752458189713,-0.000921673414391702,-0.0014576041821991264,-0.002351653048607512,-0.0017249056288583425,-0.0006516752458189549,-0.0017249056288583327,-0.0033288189148867327,-0.0006516752458189712,-0.002162898534374577,-0.006221776050107948,-0.006325987170210656,-0.0014576041821991316,-0.0015968388291157391,-0.0006516752458189473,-0.001303628204022541,-0.0025264399953963236,-0.0018441327366548797,-0.0009216734143917052,-0.0009216734143917126,-0.0006516752458189717,-0.0009216734143917251,-0.002918319912262748,-0.0019561371791256463,-0.0014576041821991073,1.0,-0.0009216734143917012,-0.0006516752458189577,-0.0006516752458189552,-0.0037521241146655764,-0.002844223915411138,-0.0029906009683849963,-0.0006516752458189577,-0.0017249056288583522,-0.14982511954769018,-0.0017249056288583418,-0.0017249056288583464,-0.000651675245818971,-0.012008794674721877,-0.00647894190981756,0.00456619558493577,0.00971237185871327,-0.012018287614265523,-0.008015657673428581,0.0081283590112884,-0.012229745445335461,0.001672366639347916,0.007521414421496037,-0.005455627734440083,0.0081283590112884,0.013747256837478992,-0.006045307383050136,-0.009180752637525857,-0.011929190890420273,0.0081283590112884,0.016866013925351878,-0.0020270317543332195,-0.008646079032990138,-0.012008794674721877,
primary_activity_country_rsa,-0.010129529280946958,-0.007414264416524135,0.0007747226043675865,-0.007933155759306212,0.003994262174909488,-0.0006665837730388738,,0.003994170413663202,-0.006481930304356326,0.0026298263536501335,-0.005176589158471941,-0.0017004301780755582,0.005860002232953644,-0.01662325661845311,-0.016741702046463323,-0.0029707030040413466,-0.005640127201080204,-0.010486640879409271,-0.00820504851338199,-0.0050680812837358286,-0.0050055675030786515,-0.002035145033393537,-0.003765290465364237,-0.005173660843525437,0.022813205448947417,-0.004477425408459727,0.007890421046731695,-0.005253211277215441,-0.004044570533303657,0.023064879830834627,-0.0066511642595495826,-0.001446149717669512,-0.015250492807783504,0.01818328335779661,-0.012931201469330479,-0.006944751141622434,-0.002228986924895202,-0.01314032077364304,-0.013155975694513272,-0.01073045765622107,-0.014972866784198343,0.002858808563696388,-0.00925667718918063,-0.01285393152859075,-0.006584812937389039,-0.01640296939647023,-0.011704496187230455,-0.014972866784198343,0.011048185347138917,0.011515982927370988,0.0033511626186909435,0.0021991675086690788,-0.004708136506327401,-0.017212224169478242,-0.008982877308493785,-0.006173782788346246,-0.020130166581361908,-0.018033198504522528,0.003700990840164461,-0.006835354396074346,-0.0037009908401644575,0.00036611182457183965,-0.008081655224406181,0.01762341572983272,0.002260098500261226,0.00016033730960836234,-0.0001603373096083911,,0.016291258724454433,-0.016291258724454447,,0.011022585990944748,-0.011022585990944772,,-0.00551857965103926,0.005518579651039236,,0.000629794543027486,-0.00551857965103926,0.002667472423860949,,0.005544667494510386,-0.014926732105666541,0.011590997148919181,,-0.016741702046463323,0.011590997148919181,0.007950955659480775,,-0.014892349764522252,0.011590997148919181,0.005500051028499325,,-0.014922431031715058,0.011590997148919181,0.0055390846944763945,,-0.01662325661845311,0.011590997148919181,0.007790104815400952,,-0.013731780458803257,0.011590997148919181,0.004006822922656968,,0.00360458398271164,0.011590997148919181,-0.013416806667333333,,-0.0017004301780755582,0.01205326827493857,-0.009488268756563379,,0.020310737945261066,-0.020310737945260966,,-0.008930578943098646,-0.008849042446862248,0.005860002232953644,0.010876647862887149,,-0.009731466797362115,-0.009727782554515162,0.00972870374602847,0.009728703746028437,,0.011982333507505268,-0.006951613730257415,-0.009115564748763131,0.006590625787336995,-0.005621034705641204,,-0.0006355175042612536,-0.0006355175042612527,-0.00020083981622357554,-0.0010059146844434701,-0.00020083981622358668,-0.00028405056099985095,-0.00044921908259950487,-0.0007247560332147006,-0.0005315987245572999,-0.0002008398162235811,-0.000531598724557308,-0.0010259088148534222,-0.00020083981622358684,-0.0006665837730388395,-0.0019174893729738463,-0.0019496062016306848,-0.00044921908259949945,-0.0004921298131790351,-0.00020083981622357993,-0.00040176522063644856,-0.0007786236283037499,-0.0005683433309734014,-0.00028405056099985225,-0.0002840505609998547,-0.00020083981622358706,-0.0002840505609998593,-0.0008993971132414134,-0.0006028619839165537,-0.000449219082599494,-0.0009216734143917012,1.0,-0.0002008398162235836,-0.0002008398162235809,-0.0011563672588031095,-0.0008765614654458716,-0.0009216734143916839,-0.00020083981622358361,-0.0005315987245573121,-0.04617460870071796,-0.0005315987245573194,-0.000531598724557306,-0.00020083981622358676,-0.0037009908401644575,-0.008143195216774281,-0.007352181780157783,0.018473348041911728,-0.006185290358508344,-0.005282475365714703,0.006835354396074333,-0.009421911548031356,-0.007863149784468783,0.01724530362424843,-0.006475657383422749,0.006835354396074333,-0.009156209950385078,0.013610761923344159,-0.007250889773477817,-0.006164283641987936,0.006835354396074333,-0.010739839325939535,0.012286781817766058,0.001361241359681742,-0.0037009908401644575,
primary_activity_country_saudi_arabia,-0.007162150259642812,-0.005242304389775611,0.019229815723331076,-0.0014071602138651736,0.01114220919169377,-0.00047131243819236384,,0.011142312401639024,-0.0014936015155040715,0.011231086920076629,-0.006876736096807867,-0.013179388389395924,-0.008473004819437501,-0.011753582856994606,-0.011837330475412806,-0.008863200304710253,-0.007562700934909427,-0.005418087958209139,-0.004126017110694759,-0.005799992992099682,-0.0058884846112740976,0.0050871345931394,-0.008386442375168503,-0.0025128607272433576,0.03314973065519235,-0.004119835894806428,0.006168543484785697,-0.005924751932259909,-0.002456422967789609,-0.005991673295445045,0.0005798489702561038,-0.0010225096634421866,-0.008922393928405605,0.007496235568446705,-0.004558441228997033,-0.0037145686323635223,-0.0022906446442598,-0.004713656391687599,-0.0047844279017131425,-0.002098029105469862,-0.010586663876647416,0.011480670479156513,0.015106671081104073,0.006101386858179709,0.025100106475352237,0.00036519227821894107,0.008633468089060223,-0.010586663876647416,-0.03133941608029163,-0.0289659252918252,-0.018915975370503768,-0.018898946433915636,0.010535073692750781,-0.012170016235239558,0.029805878763396798,0.04392211943048917,0.011358450551524969,0.012634749589893475,0.002616809900207084,0.008026365693752617,-0.002616809900207082,-0.00505689256030839,-0.004870296194047674,-0.001225169991146292,0.006621442696553402,-0.011803761484172136,0.01180376148417213,,0.011518841563815649,-0.011518841563815673,,0.007793591876522045,-0.007793591876522047,,0.03639338904635795,-0.036393389046357964,,-0.011479606530005123,0.03639338904635795,-0.010178866791052586,,0.016465296870651073,-0.010554044048947565,-0.006267260757547033,,-0.011837330475412806,-0.006267260757547033,0.01879787015973222,,0.013486106584875215,-0.006267260757547033,-0.008646233341512863,,-0.010551002946339148,-0.006267260757547033,0.016460116492018555,,-0.011753582856994606,-0.006267260757547033,0.01863601761503652,,-0.009709145632597614,-0.006267260757547033,0.015081776427548661,,-0.009637441632481097,-0.006267260757547033,0.014969271094334468,,-0.013179388389395924,-0.006128098897262496,0.021167171944266344,,-0.009888356433176685,0.009888356433176758,,-0.006314424542548432,0.022696220232823194,-0.008473004819437501,-0.006492240610885831,,-0.006880697564153421,-0.006878092596031904,0.02063818542524604,-0.006880697564153432,,-0.006149134983654722,-0.004915184181040764,-0.006445219972358025,0.017455264826968405,-0.0039743895357698044,,-0.0004493468286540926,-0.0004493468286540949,-0.00014200511218403643,-0.0007112385895282282,-0.00014200511218403846,-0.00020083981622358077,-0.0003176233050758081,-0.0005124435171168284,-0.0003758703724047157,-0.00014200511218403448,-0.0003758703724047172,-0.0007253755708562785,-0.00014200511218403865,-0.00047131243819234427,-0.0013557734648478221,-0.0013784818796540605,-0.00031762330507580344,-0.0003479636191849466,-0.00014200511218403645,-0.0002840707400598769,-0.0005505309542970659,-0.00040185088789405655,-0.00020083981622358107,-0.00020083981622358342,-0.0001420051121840387,-0.00020083981622358662,-0.000635924640668178,-0.0004262575283491372,-0.00031762330507579986,-0.0006516752458189577,-0.0002008398162235836,1.0,-0.00014200511218403513,-0.0008176170711562337,-0.000619778545795281,-0.0006516752458189649,-0.00014200511218403683,-0.0003758703724047098,-0.03264806058824444,-0.00037587037240471367,-0.0003758703724047085,-0.00014200511218403851,-0.0026168099002070824,-0.005757699703365663,0.02731703625250636,-0.004619168166803576,-0.004373350203990457,-0.0037350089291191065,-0.00802636569375263,0.02131624938312523,-0.0055596917397111876,-0.004856059359543403,-0.0045786561175430365,-0.00802636569375263,0.021934819899486844,-0.005693678867467872,-0.005126789274545704,-0.004358497266997247,-0.00802636569375263,-0.007593673988531984,-0.006059648072486116,0.012917869652140099,-0.0026168099002070824,
primary_activity_country_singapore,0.01982716182096959,-0.005242304389775608,-0.01182604798767087,-0.005906503347283442,-0.01008007011607192,-0.0004713124381923645,,-0.010080395764385382,-0.007536884830938819,-0.00991068439124603,-0.0002464302069744409,0.010774787720672639,0.01675971101282406,0.01208185741418675,-0.01183733047541282,0.01818778057219756,0.012734959993722442,0.009223355007584373,0.0014587041313053417,0.032024043242753646,0.03369264182728446,0.032367763061149156,0.014033219550590727,0.004358400345090655,-0.0008892769267465734,-0.004247041605415783,0.008558689781422503,0.06791619517660993,0.09656883550496222,0.0222093273529701,-0.0035271422543936013,0.02931087221932194,0.00844290043346626,-0.007180980183891691,0.00799476646602065,0.005054362309653022,0.009749568612657257,0.008168626542474937,0.008459636349668242,-0.0020980291054698715,-0.01058666387664742,0.011480670479156506,-0.006544994450889427,0.00610138685817971,-0.004655835269456008,0.00036519227821894985,-0.008275740963011882,-0.01058666387664742,0.03130235695950981,0.03040747745273959,0.012112244267993226,0.010917098869269339,0.010535073692750769,-0.012170016235239558,-0.006351402445559033,-0.00436521370086792,0.011358450551524978,-0.010343393544359227,0.0026168099002070867,0.008026365693752606,-0.002616809900207084,-0.0004044716745764284,0.001130708273229202,-0.00956312148161842,-0.008020180119072174,0.012030496581488453,-0.012030496581488458,,0.011518841563815668,-0.01151884156381567,,0.007793591876522021,-0.007793591876522038,,-0.0039019480159748748,0.0039019480159748487,,0.012370207272598481,-0.0039019480159748748,-0.010178866791052591,,0.016465296870651066,-0.010554044048947565,-0.00626726075754704,,-0.01183733047541282,-0.00626726075754704,0.018797870159732246,,0.013486106584875196,-0.00626726075754704,-0.008646233341512865,,0.01345892072121065,-0.00626726075754704,-0.008627224008584457,,0.01208185741418675,-0.00626726075754704,-0.0076199279866242375,,0.014625912264336577,-0.00626726075754704,-0.009415675458804028,,0.014734731228403802,-0.00626726075754704,-0.00948644134301131,,0.010774787720672639,-0.0061280988972625015,-0.006708742790862269,,-0.009888356433176681,0.00988835643317676,,-0.006314424542548447,-0.006256773626943883,0.01675971101282406,-0.0064922406108858365,,0.020638185425246293,-0.006878092596031899,-0.006880697564153442,-0.006880697564153447,,-0.006149134983654721,-0.004915184181040761,-0.006445219972358028,-0.00813537426052924,0.035730043798168756,,-0.0004493468286540851,-0.00044934682865408886,-0.0001420051121840345,-0.0007112385895282128,-0.00014200511218403865,-0.00020083981622358147,-0.0003176233050758086,-0.0005124435171168293,-0.0003758703724047043,-0.00014200511218403496,-0.00037587037240470824,-0.0007253755708562792,-0.0001420051121840387,-0.0004713124381923421,-0.0013557734648478122,-0.0013784818796540336,-0.00031762330507580333,-0.0003479636191849471,-0.00014200511218403534,-0.00028407074005987713,-0.0005505309542970528,-0.00040185088789405975,-0.0002008398162235821,-0.00020083981622358394,-0.00014200511218403887,-0.00020083981622358698,-0.0006359246406681801,-0.00042625752834913087,-0.00031762330507579986,-0.0006516752458189552,-0.0002008398162235809,-0.00014200511218403513,1.0,-0.0008176170711562255,-0.0006197785457952702,-0.0006516752458189534,-0.00014200511218403448,-0.00037587037240471036,-0.03264806058824446,-0.00037587037240471383,-0.0003758703724047036,-0.00014200511218403865,-0.002616809900207084,0.02466351485837809,-0.005198408453662678,-0.0046191681668035795,-0.004373350203990459,-0.0037350089291191073,-0.008026365693752632,-0.006661824490402771,0.02554190390984069,-0.004856059359543415,-0.004578656117543043,-0.008026365693752632,-0.006473958429326349,0.02494083623075689,-0.005126789274545707,-0.004358497266997242,-0.008026365693752632,-0.007593673988531974,0.023434547763394785,-0.010992920350493937,-0.002616809900207084,
primary_activity_country_spain,0.005852252915494449,0.014943531746547492,0.006413429331056527,0.025774982227346373,0.01779275968770446,-0.002713656497203646,,0.017792417090169915,0.02406976391147823,0.018278139576175807,-0.008757999156735597,0.003526048070005875,0.008447384343579977,0.00718306232429294,-0.009938062443825404,0.010914867177596254,-0.009397778275151742,-0.00913340601339798,-0.008555692285456626,0.0028747207456924673,0.005709302898921247,0.026632758436951936,-0.013830380825707372,-0.006675606026731147,0.08990288268608207,-0.021967273581962026,0.04199054641943447,0.006289819110838791,0.008038551715868463,0.013316908310697276,-0.009380093352923636,0.008679915349076719,-0.013308142745069576,-0.0016643676345483888,0.01209233283504256,-0.008173972599432642,-0.0011128142557969198,0.011334377722594486,0.011096918438524082,-0.0005874247374849313,0.0029501802371469255,-0.006516351829775206,-0.007462535975765381,-0.0019736636329371767,-0.011231752125015749,0.002102652759002685,0.014305853664060248,0.0029501802371469255,0.009456532648522349,0.009329556387593684,-0.024696625622096954,-0.02257493520414493,-0.001862245613627039,-0.0005360482991462216,-0.012386534598437434,-0.008283594476801485,0.0017706240075578718,-0.009045549125908815,0.015066700159407838,-0.0031467505190300037,-0.015066700159407838,-0.011746754591526723,-0.007338242431059526,0.00668211681908101,0.004396698294792627,0.023524321792771783,-0.023524321792771842,,-0.012731335234012476,0.012731335234012292,,0.013100963949139562,-0.013100963949139559,,-0.008405067924014808,0.008405067924014728,,0.004644480375161857,-0.008405067924014808,0.00033414934826362,,-0.010259200005211234,0.023012889968333186,-0.015897699035010444,,-0.009938062443825404,-0.015897699035010444,0.025471589711520255,,0.010605970035953179,-0.015897699035010444,0.0027071875094826377,,0.006276840031025193,-0.015897699035010444,0.0072297069768508995,,0.00718306232429294,-0.015897699035010444,0.006517980683994062,,-0.01768932415933382,-0.015897699035010444,0.031271374514338764,,0.004043420342554822,-0.015897699035010444,0.009383784852798227,,0.003526048070005875,-0.004609960060686686,0.00028244037440081657,,-0.014625116223927915,0.014625116223928359,,0.028974731402527612,-0.010766571930983517,0.008447384343579977,-0.02748206844466163,,-0.0012059602067723706,0.00842081913271136,0.00839672801968024,-0.015609992546450789,,-0.020098334748186612,-0.004706609712351847,-0.0023287720654473487,0.006738261822774661,0.025608704453188913,,-0.002587185998637636,-0.002587185998637597,-0.0008176170711562316,-0.0040950695613669345,-0.0008176170711562483,-0.0011563672588031009,-0.0018287668129192821,-0.0029504752410255864,-0.0021641335885264974,-0.0008176170711562257,-0.0021641335885265026,-0.004176465485011329,-0.000817617071156249,-0.0027136564972035353,-0.0078060818545999,-0.007936829172910533,-0.0018287668129192557,-0.0020034560081063184,-0.0008176170711562318,-0.0016355825710551483,-0.0031697697323026944,-0.002313720548142401,-0.0011563672588031024,-0.0011563672588031152,-0.0008176170711562495,-0.001156367258803133,-0.003661437494625952,-0.0024542456713491367,-0.0018287668129192323,-0.0037521241146655764,-0.0011563672588031095,-0.0008176170711562337,-0.0008176170711562255,1.0,-0.0035684737794642036,-0.0037521241146656168,-0.0008176170711562339,-0.002164133588526466,-0.18797641343008223,-0.0021641335885264996,-0.002164133588526465,-0.0008176170711562476,-0.015066700159407836,-0.006612238688169362,0.021127386354615238,-0.014256151085920054,0.013389677705498943,-0.021504909326159085,0.0031467505190299287,-0.018830671595303966,0.005974241998080783,0.00773683160312516,0.004688225804121272,0.0031467505190299287,0.002378017754932573,-0.0007126084137724204,-0.012336700508362912,0.007130446562808851,0.0031467505190299287,0.020505376822593107,-0.009159460330462233,-0.004887958248298653,-0.015066700159407836,
primary_activity_country_sweden,-0.006460259641605047,-0.015453288463817268,0.010917895855028392,-0.020082955914184786,-0.0038480171660661183,-0.0020570339550840797,,-0.003848627179270102,-0.020099232357949276,-0.003706772960942306,-0.0007888876542111967,-0.013501169150490475,-0.0022030970958541777,-0.0020212395907569553,-0.007865160705698043,-0.009944128717592891,-0.01595758085802089,0.005093604694347693,-0.003639849768188819,0.022076368240936953,0.01771868785522968,0.014272506473767287,-0.019969029907071684,-0.007284412470110339,0.09776685298857511,-0.015877077563937397,0.029940271392293303,0.018840323621847822,0.03621255221953011,0.011285617630800788,-0.008393101620262926,0.03893980892026582,-0.02093644193752208,0.022529392997962323,-0.011181767952992491,0.0010010043488955047,0.007725294076784881,-0.010905392583297622,-0.010534169633273076,0.013538998558952214,0.004876940443717055,0.01534079104964557,-0.0036975343524198383,-0.0012846271312320283,0.02069103284902095,0.00434189384883155,0.006606955497604718,0.004876940443717055,-0.021664987547878684,-0.017312138915917884,0.01775656136867214,0.013911895557328857,0.008090469110786645,-0.008347817903912846,-0.004187837674368484,0.029013699703524576,-0.00333400228745499,0.006205421438583161,0.011421015832663457,0.005491772705281566,-0.01142101583266346,-0.006575287833952767,-0.009513332629868624,-0.010905167856421982,0.0034242223462407854,0.008707223749035937,-0.008707223749036014,,-0.00450486734853886,0.004504867348538741,,-0.001839473097300072,0.0018394730973000676,,0.02925113274749021,-0.029251132747490298,,-0.011752817274540443,0.02925113274749021,-0.0056254890198521625,,0.019992164954980372,-0.01848734309293672,-0.0007754860803689589,,-0.007865160705698043,-0.0007754860803689589,0.00940275878974055,,0.031276515928873753,-0.0007754860803689589,-0.03197746277845644,,-0.0019271861376577689,-0.0007754860803689589,0.002686252156460141,,-0.0020212395907569553,-0.0007754860803689589,0.002930413721168732,,0.02470455110890014,-0.0007754860803689589,-0.02421263977014052,,0.008324250738408546,-0.0007754860803689589,-0.007697131433580835,,-0.013501169150490475,0.013638178905158166,0.0027366351012321553,,0.0069748998797527825,-0.006974899879752401,,0.025372184754989542,-0.020656788836927325,-0.0022030970958541777,-0.002272149433442659,,-0.011066623838404956,0.0015934288138538264,0.0015760739221605798,0.007897422802443243,,-0.006685839465994685,0.00961027952292902,-0.001963511135371999,0.005642208071201557,-0.008225660136082205,,-0.001961165480155685,-0.001961165480155648,-0.0006197785457952822,-0.003104186968705745,-0.0006197785457952898,-0.0008765614654458556,-0.0013862607275395183,-0.0022365497477955455,-0.0016404789182139685,-0.000619778545795271,-0.0016404789182139481,-0.003165887548316468,-0.0006197785457952898,-0.002057033955084125,-0.005917246876170384,-0.006016357310220665,-0.0013862607275395287,-0.001518680437424084,-0.0006197785457952757,-0.001239821211148561,-0.0024027816254060677,-0.0017538703719535446,-0.0008765614654458578,-0.0008765614654458675,-0.0006197785457952903,-0.0008765614654458815,-0.0027754807060602657,-0.001860392678765893,-0.0013862607275395137,-0.002844223915411138,-0.0008765614654458716,-0.000619778545795281,-0.0006197785457952702,-0.0035684737794642036,1.0,-0.0028442239154109756,-0.0006197785457952854,-0.001640478918213982,-0.14249182443653455,-0.0016404789182139776,-0.001640478918213982,-0.0006197785457952889,-0.01142101583266346,0.002822799877893884,-0.007750139270192214,0.012331441720994804,0.006302784077363018,-0.0067098469737170595,-0.005491772705281641,-0.0033680856560212896,-0.0028321702390458653,0.002304367616031931,0.01272096576083449,-0.005491772705281641,0.004373366024537449,0.010335245385606767,-0.007295144011367506,-0.0020517732368455096,-0.005491772705281641,-0.008982402824178275,-0.006121924941480083,0.017932040965615403,-0.01142101583266346,
primary_activity_country_switzerland,0.020213585701757096,-0.002861975109863449,-8.42090406185542e-05,0.01100993249148882,0.00790401633236118,-0.0021628985343745163,,0.00790211377849032,0.009195016050574533,0.007939684731322033,0.0005879302494177619,0.002334529878301691,0.005229085009803215,0.003357602605483576,-0.0022392252803123775,0.0007057724801462947,0.008273164397855736,-0.00014016942601961338,-0.0030692281575408855,0.036087698337229,0.038064412186855495,-0.003762045219802906,0.013738612875961,-0.0012710614369130131,0.09261940444039066,-0.008760033323735854,0.031361858242111504,0.03682258064570573,0.0032087739688531403,0.06541269877174066,-0.013840872038554709,0.015396506004966126,0.007156619450558504,-0.012970787520518112,0.019597226401673665,-0.0022390467688154034,0.009286946801190505,0.019081673655697528,0.01917646729620855,-0.0024310287562302694,-0.00284599496074132,-0.0010595413023262285,-0.001646587760712747,0.00808338031125682,0.011146516480105678,-0.0009383571038545105,-0.0010267492189193388,-0.00284599496074132,-0.01890742059377284,-0.016154453537900806,0.006628364800349686,0.003068603296814779,0.00018238702088123473,-0.0056040457083449385,-0.00017542448377548872,0.0037099597819934007,-0.0028678448545320463,-0.0029362553599092196,0.012008794674721926,-0.002508092712790204,-0.012008794674721933,0.0020681932570639984,-0.003881818470161266,-0.00626321779935908,0.009054300798708276,0.003124486213259685,-0.0031244862132597355,,-0.020096119824313977,0.020096119824313884,,-0.021083190227640224,0.021083190227640186,,-0.00029506456550266286,0.0002950645655026062,,-0.005774267001980804,-0.00029506456550266286,0.006018756287631189,,-0.012164531707500138,0.014526484071587135,-0.0034768887730325516,,-0.0022392252803123775,-0.0034768887730325516,0.005643414116573628,,0.009407612860019227,-0.0034768887730325516,-0.006807146093117895,,-0.0011979179864885388,-0.0034768887730325516,0.004267209032313873,,0.003357602605483576,-0.0034768887730325516,-0.0005425654752896113,,-0.00733089749472017,-0.0034768887730325516,0.010324448828677783,,-0.006945066152842017,-0.0034768887730325516,0.009908484752403558,,0.002334529878301691,0.010296015311416091,-0.012512032110141241,,0.012911901926610505,-0.012911901926610172,,0.0024943320595179406,0.0029223202235953713,0.005229085009803215,-0.011197654081447305,,0.01051941942624214,-0.0014902486329594832,-0.0015078972976252133,-0.007521555659559016,,-0.002657579653960578,-0.015168621556189834,0.0015383535168161315,0.0018119534406389132,0.016467330890568486,,-0.00206209621975885,-0.0020620962197587973,-0.0006516752458189298,-0.003263942935139111,-0.0006516752458189744,-0.000921673414391703,-0.0014576041821991405,-0.002351653048607533,-0.0017249056288582893,-0.0006516752458189556,-0.0017249056288583201,-0.0033288189148867227,-0.0006516752458189745,-0.002162898534374469,-0.006221776050108071,-0.006325987170210728,-0.00145760418219914,-0.0015968388291157448,-0.0006516752458189336,-0.0013036282040225435,-0.0025264399953962642,-0.0018441327366548776,-0.0009216734143917062,-0.0009216734143917153,-0.0006516752458189752,-0.0009216734143917299,-0.0029183199122626855,-0.0019561371791256524,-0.0014576041821990954,-0.0029906009683849963,-0.0009216734143916839,-0.0006516752458189649,-0.0006516752458189534,-0.0037521241146656168,-0.0028442239154109756,1.0,-0.0006516752458189637,-0.0017249056288583518,-0.1498251195476917,-0.0017249056288583507,-0.0017249056288583088,-0.000651675245818974,-0.012008794674721933,0.00681685875185038,-0.009644902737955404,0.0019848261062372376,0.004084594468350681,-0.00801565767342861,0.0025080927127901533,-1.7361932772992678e-06,0.01526553252616509,-0.014833342268866782,-0.0054556277344400906,0.0025080927127901533,0.0075391310419952885,-0.006045307383050154,-0.002007462108782283,-0.0038568146950676897,0.0025080927127901533,-0.017610066781731024,0.03019957015485027,-0.0034208915755206924,-0.012008794674721933,
primary_activity_country_thailand,-0.007162150259642812,-0.005242304389775613,-0.0011505948370139284,0.007750093211858441,0.0008511411838917148,-0.0004713124381923639,,0.0008510364326918777,0.006538423466463264,0.0013270142930985988,-0.004223505639729043,0.010774787720672677,-0.008473004819437503,0.012081857414186761,-0.011837330475412806,0.0029716038289369514,-0.0036243488144285345,-0.0067491282278267315,-0.005242961359094775,0.007751202741874619,0.0026419687803091864,-0.0019384680762752726,-0.00208985647261485,-0.0036580709059656864,-0.0008892769267466078,-0.004247041605415779,0.008558689781422536,0.0022162039884571017,-0.0028597401805956794,0.04219529545886585,-0.004702749407917869,-0.001022509663442187,-0.016603197203848955,0.02287540511763598,-0.017712019726820148,-0.004511744172546845,0.0003042405258802723,-0.017668385702269394,-0.017532818047822883,0.008879993918173769,0.0024943665940942556,0.011480670479156511,0.015106671081104075,0.006101386858179699,0.025100106475352258,0.012328211885178431,0.008633468089060223,0.0024943665940942556,-0.015678972820341468,-0.014122574605684078,-0.012812063310471527,-0.01303349489886282,0.010535073692750783,0.0009686049930487408,0.01172723815891889,0.019778452864810624,0.01135845055152497,0.011841907224987645,0.0026168099002070845,0.008026365693752636,-0.0026168099002070824,-0.0026298483986488645,-0.0017397318676204792,0.008704344885209485,-0.013934625124857793,-0.011803761484172138,0.01180376148417213,,0.011518841563815649,-0.011518841563815675,,0.007793591876522041,-0.007793591876522049,,-0.003901948015974876,0.0039019480159748613,,0.012370207272598445,-0.003901948015974876,-0.010178866791052588,,-0.00862450967629732,0.013455042590825701,-0.006267260757547033,,-0.011837330475412806,-0.006267260757547033,0.018797870159732215,,-0.010529733788645839,-0.006267260757547033,0.016423927804750993,,-0.010551002946339146,-0.006267260757547033,0.016460116492018537,,0.012081857414186761,-0.006267260757547033,-0.00761992798662424,,0.014625912264336604,-0.006267260757547033,-0.009415675458804016,,0.0147347312284038,-0.006267260757547033,-0.009486441343011307,,0.010774787720672677,-0.006128098897262498,-0.006708742790862277,,-0.009888356433176686,0.009888356433176754,,-0.006314424542548432,0.02269622023282321,-0.008473004819437503,-0.006492240610885831,,-0.006880697564153419,0.02064600180956611,-0.006880697564153425,-0.006880697564153432,,-0.00614913498365472,-0.004915184181040765,0.022032624610651568,-0.008135374260529231,-0.0039743895357698044,,-0.0004493468286540926,-0.00044934682865409493,-0.00014200511218403643,-0.0007112385895282283,-0.0001420051121840385,-0.0002008398162235808,-0.00031762330507580815,-0.0005124435171168285,-0.0003758703724047157,-0.00014200511218403448,-0.0003758703724047199,-0.0007253755708562779,-0.00014200511218403868,-0.0004713124381923443,-0.0013557734648478221,-0.0013784818796540607,-0.00031762330507580344,-0.0003479636191849467,-0.00014200511218403648,-0.00028407074005987697,-0.0005505309542970624,-0.0004018508878940566,-0.00020083981622358112,-0.00020083981622358345,-0.0001420051121840387,-0.00020083981622358665,-0.000635924640668178,-0.0004262575283491372,-0.00031762330507579997,-0.0006516752458189577,-0.00020083981622358361,-0.00014200511218403683,-0.00014200511218403448,-0.0008176170711562339,-0.0006197785457952854,-0.0006516752458189637,1.0,-0.0003758703724047098,-0.03264806058824444,-0.0003758703724047137,-0.00037587037240470727,-0.00014200511218403851,-0.002616809900207083,0.02466351485837809,-0.005198408453662668,-0.004619168166803577,-0.004373350203990458,-0.0037350089291191073,-0.008026365693752636,0.021316249383125235,-0.0055596917397111876,-0.004856059359543404,-0.004578656117543037,-0.008026365693752636,0.02193481989948685,-0.005693678867467873,-0.005126789274545704,-0.004358497266997247,-0.008026365693752636,-0.007593673988531984,-0.006059648072486117,0.0129178696521401,-0.002616809900207083,
primary_activity_country_united_arab_emirates,0.0014533530780095898,0.010574311505016403,-0.003595939417265367,0.010223216778632385,0.0006388384673369649,-0.0012475070716661731,,0.0006385285873816075,0.010411317174597829,0.0010486048984594746,-0.004339263518682296,0.010404186926508217,0.015737522813626725,0.02296642660756672,0.022740831844113678,0.01937272801230045,-0.008264396111796139,-0.011321221756408218,-0.008809342673784084,-0.0037917168870396103,-0.004071398052223466,0.036834360656288756,-0.0058562657710983295,0.005473693137713408,0.06200129134716012,-0.0018138578742676356,-0.009695802611609286,-0.004040675933634714,-0.0010051768203994554,0.006334668195634333,0.007245840038295804,0.012586644560855243,-0.007507509021219666,0.03323361306385707,-0.023519610337136312,-0.00802341945960094,-0.002425916139342954,-0.02359339282615808,-0.023524707751571162,-0.018006443972864557,-0.013182802739488473,-0.0125338348715613,-0.00913676052635433,-0.01256870954685231,-0.012323433358634598,-0.012603951876169564,-0.009117276853643936,-0.013182802739488473,0.005872568912692885,0.00752045799280628,0.0030611281204360953,0.0010306030177818257,-0.017279625897629606,-0.01234036652128603,-0.009975398056801048,-0.011554193184573323,-0.008642935725795676,-0.019550658922864273,0.006926379597013792,-0.017654768612047324,-0.0069263795970137725,-0.011252507105271021,-0.010140474387562872,0.01121636782334962,-0.016354983042769385,0.013818584708035039,-0.013818584708035049,,0.012454724703351426,-0.01245472470335142,,0.020628695938792976,-0.020628695938792956,,0.0049087133913386346,-0.004908713391338614,,0.005687768786898313,0.0049087133913386346,-0.008694009148448109,,-0.003853838908854913,0.01745697153904256,-0.016588681904942247,,0.022740831844113678,-0.016588681904942247,-0.01003093289203342,,0.017534086658416624,-0.016588681904942247,-0.003926195683277992,,0.008387836814263909,-0.016588681904942247,0.005623277175797815,,0.02296642660756672,-0.016588681904942247,-0.010240983563907183,,0.011107897691076769,-0.016588681904942247,0.002867185512486529,,0.01135382598610667,-0.016588681904942247,0.0026325285062372625,,0.010404186926508217,0.005938490274435907,-0.01775723149953103,,-0.017004042483258233,0.017004042483258295,,0.005069107554133971,-0.005613055717666695,0.015737522813626725,-0.017184176390721194,,0.013004406976671825,-0.007797915405982887,0.002598812982500082,-0.007806781011671655,,-0.005218624612443396,0.012556149335291809,0.004476685391587617,-0.002180401364810614,-0.010519728845783772,,-0.0011893667574883074,-0.001189366757488312,-0.00037587037240470955,-0.0018825626021696479,-0.000375870372404714,-0.0005315987245573142,-0.0008407105077212745,-0.0013563760674014155,-0.0009948834565093774,-0.000375870372404711,-0.0009948834565093696,-0.001919981483467156,-0.00037587037240471367,-0.0012475070716661645,-0.0035885685331409015,-0.0036486749631043105,-0.0008407105077212697,-0.0009210176529196709,-0.00037587037240471063,-0.0007519009225330642,-0.001457188911225815,-0.0010636507415884787,-0.0005315987245573138,-0.0005315987245573157,-0.0003758703724047139,-0.0005315987245573182,-0.0016832156802883747,-0.0011282521696350072,-0.0008407105077212809,-0.0017249056288583522,-0.0005315987245573121,-0.0003758703724047098,-0.00037587037240471036,-0.002164133588526466,-0.001640478918213982,-0.0017249056288583518,-0.0003758703724047098,1.0,-0.08641547126621271,-0.0009948834565093824,-0.0009948834565093757,-0.0003758703724047139,-0.006926379597013771,-0.0037368955228170475,0.010830284714924227,-0.01222637996867561,-0.011575729525143777,-0.009886117306139692,0.017654768612047272,-0.007053818607420391,-0.014715832215620398,0.012933953491677612,-0.012119149469658811,0.017654768612047272,0.015090472930355607,-0.015070479952119298,-0.013569991701190215,-0.011536415595714857,0.017654768612047272,-0.010157056604172125,0.006265864462702383,0.007068194941691798,-0.006926379597013771,
primary_activity_country_united_kingdom,-0.00027330868450093504,0.011071912947026266,-0.025843097924429674,-0.014213591828961718,-0.021613520833071546,0.014436154237047359,,-0.021608260896613447,-0.01330514304001254,-0.022187763490525366,0.014745308976547307,0.003153451871544655,0.0019020897688287876,-0.006790933422274855,-0.0006724844504291629,0.004295479651271125,0.10029337851829699,0.09199836053697705,0.06254165965088855,0.017311474990063733,0.02357109835341722,0.01876225457964229,0.12634285699575054,-0.012801275542275488,0.007091334736523314,0.10227522680569837,0.2915035359373572,0.021136489207955356,-0.01805002203843541,0.036359521277652185,0.08400773010714227,0.4430906954765014,0.19512232218731992,0.1503456348915257,0.29742567728951325,0.03648431706854389,-0.018547601877683836,0.2941532236286166,0.29107924132858154,-0.0031511486492685242,-0.011559284872902297,0.010171173063564028,0.0034382820935206495,-0.0031395229606301658,0.006114649068890787,-0.0027774557398768463,-0.0029764880676444757,-0.011559284872902297,-0.004646298929345858,-0.01603714887264321,0.0041086122279946355,0.010846292842211079,-0.0006612624799062128,-0.003487316219003489,0.0133488803030218,-5.621059988171926e-05,0.0032232845755126014,0.002173929839088776,0.601624595452284,-0.00038498906158474254,-0.601624595452284,0.023160137337001473,0.02206191389829049,-0.21254205887917624,0.1151042881984199,-0.0025907270234769267,0.0025907270234774,,-0.0008390672084998848,0.0008390672085002727,,-0.004868503548996348,0.004868503548996273,,0.0032470678109083138,-0.0032470678109085328,,-0.004816798883706026,0.0032470678109083138,0.0029289300516096247,,0.005217330771287852,-0.009790366982565973,0.00578022188402318,,-0.0006724844504291629,0.00578022188402318,-0.004522448135750958,,0.013358212119109172,0.00578022188402318,-0.018954455529405605,,0.020303137225468216,0.00578022188402318,-0.026227453170016676,,-0.006790933422274855,0.00578022188402318,0.002233796703210315,,0.015621862239359638,0.00578022188402318,-0.020621469397697604,,0.001275250123344468,0.00578022188402318,-0.006166638925062538,,0.003153451871544655,0.00018544807987851196,-0.0038461591867426214,,-0.0057029195656341045,0.00570291956563323,,-0.016496074799271253,-0.00221522674214121,0.0019020897688287876,0.016277180942924158,,0.009191820425457138,-0.009253411661079725,-0.018293882061025307,0.01835372125428428,,0.017428804875049695,-0.007021900595713065,0.009898635687088516,-0.029133645078192244,0.01598349506908278,,-0.10330827011369656,-0.10330827011369716,-0.032648060588244446,-0.16351918748897717,-0.032648060588244376,-0.046174608700717955,-0.07302402532462471,-0.11781468101796758,-0.08641547126621325,-0.03264806058824446,-0.08641547126621305,-0.16676938754047171,-0.032648060588244356,-0.10835833162228149,-0.3117026812874272,-0.31692351940412233,-0.0730240253246247,-0.07999949541909417,-0.03264806058824447,-0.06531003419653585,-0.12657127391512935,-0.09238859033752507,-0.046174608700717955,-0.04617460870071786,-0.032648060588244376,-0.04617460870071781,-0.14620393504696844,-0.09799986350985866,-0.07302402532462489,-0.14982511954769018,-0.04617460870071796,-0.03264806058824444,-0.03264806058824446,-0.18797641343008223,-0.14249182443653455,-0.1498251195476917,-0.03264806058824444,-0.08641547126621271,1.0,-0.08641547126621296,-0.08641547126621309,-0.03264806058824436,-0.601624595452284,0.0064282382404564084,-0.0007499075435563039,-0.010257642003335007,0.009926480364754728,-0.0076226442970088615,0.0003849890615851357,0.009474221683919135,-0.0068887568984041395,0.001155731617273676,-0.005908508971535621,0.0003849890615851357,-0.011886320798316972,0.00894205330160548,0.01617422395724141,-0.01408124510963945,0.0003849890615851357,0.05459104552249501,0.06995273312388713,0.14653858875552309,-0.601624595452284,
primary_activity_country_unspecified,-0.008751996601373466,0.01057431150501638,0.01401858598186682,0.01145985674179792,0.0204085551769108,-0.0012475070716661768,,0.020408644801936195,0.011047303236932421,0.020244886077628265,-0.008076698222968463,-0.0077111872449126245,-0.0033447485432421776,0.004940846555514294,0.022740831844113622,-0.008756109619244732,-0.006362812816276501,-0.012327822543283917,-0.01007637829809911,-0.004520176898603847,-0.008723301214376308,0.023681631570953612,-0.003367142742107905,-0.007517305256772057,0.049130271364313395,-0.004651742237241064,-0.0009143260791774209,-0.007096712591256625,0.04254839911668671,-0.004054464021223094,-0.010668250133914727,0.014771373715490662,0.00445246866056585,0.0020097816351790938,0.003185675431792209,-0.0086262844099282,-0.0038165779047845067,0.0025677140244389956,0.0023270745527051756,0.02350427086491008,0.011548559386721417,0.02323431707349802,0.015424386186284368,0.0161496337371086,-0.012323433358634568,0.028107763246881693,0.02285174678481787,0.011548559386721417,0.013768054806001153,0.013133108797440896,0.004861206245913697,0.013982438052472401,0.008528770062427318,0.002563780372768976,0.0002785970364522866,-0.011554193184573245,0.010710755178513668,0.007776508624451608,0.006926379597013809,0.01151992292588071,-0.0069263795970138054,-0.002263166193074423,0.000886432273179592,0.004091001476545591,0.009196103747025173,-0.00420610129968628,0.0042061012996862795,,-0.0055795323044002445,0.0055795323044002445,,0.0009553167245859447,-0.0009553167245859271,,0.020145411679218076,-0.020145411679218073,,-0.021366906291528886,0.020145411679218076,0.009554212109939552,,0.0056332591110909765,0.008378521376635742,-0.016588681904942316,,0.022740831844113622,-0.016588681904942316,-0.010030932892033457,,-0.000627921185576062,-0.016588681904942316,0.01503314349898236,,-0.0006909298497687968,-0.016588681904942316,0.0151094427205029,,0.004940846555514294,-0.016588681904942316,0.009615106522974693,,0.0019061894532205333,-0.016588681904942316,0.012130299074157412,,0.011353825986106741,-0.016588681904942316,0.002632528506237319,,-0.0077111872449126245,0.02809731782561594,-0.017757231499530995,,0.010503683849240364,-0.010503683849240318,,0.026851733852953856,-0.016560923737474614,-0.0033447485432421776,-0.00645853350523297,,-0.007806781011671668,0.0026096491580378245,0.013004406976671826,-0.007806781011671676,,-0.0052186246124434005,-0.00022687462661338296,-0.006291516525404009,0.017172549879500867,-0.010519728845783798,,-0.001189366757488297,-0.0011893667574882966,-0.0003758703724047147,-0.0018825626021696535,-0.0003758703724047165,-0.0005315987245573186,-0.0008407105077212802,-0.0013563760674014196,-0.0009948834565093776,-0.00037587037240471415,-0.0009948834565093759,-0.0019199814834671635,-0.0003758703724047163,-0.0012475070716661551,-0.0035885685331409137,-0.0036486749631043777,-0.0008407105077212762,-0.0009210176529196776,-0.00037587037240471415,-0.0007519009225330707,-0.0014571889112258154,-0.0010636507415884892,-0.0005315987245573194,-0.0005315987245573191,-0.0003758703724047166,-0.0005315987245573208,-0.0016832156802883864,-0.00112825216963502,-0.000840710507721267,-0.0017249056288583418,-0.0005315987245573194,-0.00037587037240471367,-0.00037587037240471383,-0.0021641335885264996,-0.0016404789182139776,-0.0017249056288583507,-0.0003758703724047137,-0.0009948834565093824,-0.08641547126621296,1.0,-0.0009948834565093726,-0.0003758703724047155,-0.0069263795970138054,-0.01523993536862132,0.01083028471492419,0.0011447992424085827,0.0023558943719149674,0.021691172574650284,-0.011519922925880692,0.0035254072128653767,-0.0029555228664073716,4.0275580582730204e-05,0.014798280273263657,-0.011519922925880692,0.025832559128909652,-0.015070479952119324,0.011254281429064998,-0.01153641559571488,-0.011519922925880692,-0.010157056604172116,-0.016039156214989216,0.02515075831776724,-0.0069263795970138054,
primary_activity_country_usa,-0.008751996601373496,-0.001650717373813256,-0.012770171395979898,-0.007516945602049371,-0.014690453081318154,-0.0012475070716661699,,-0.014691072734469316,-0.009141825658238976,-0.014339957376709865,0.00571974025793707,0.01040418692650835,0.006196387135192308,0.013953636581540552,0.013728695974313249,0.008504768018294409,-0.013144362882225856,-0.013334423330159563,-0.010498723506204104,-0.010662419268838838,-0.01357915864004411,-0.003712436672907778,-0.015957054874247856,0.04487972160098594,0.036259251381466434,-0.011000907252706927,0.02058523833648368,-0.011658226843604461,0.012925882185612131,-0.010001526055255842,0.0230356760985301,0.00035216129489627643,-0.013550634999195638,0.016632379661283114,-0.009320818521816996,-0.009229149360255403,-0.005452564348459335,-0.009744567010244783,-0.009924736801369405,-0.026308586940419376,-0.01812907516473046,-0.019687465260573127,-0.01732380943056716,-0.024056046860436872,-0.012323433358634514,-0.026174523583853398,-0.021904886309028582,-0.01812907516473046,-4.9045507288844173e-05,0.0019078071881716498,-0.00014942218007327803,-0.002054521244048937,-0.024538237261395535,-0.012340366521285902,-0.016811394785636646,-0.011554193184573241,-0.02799662663010527,-0.025379086237265088,0.006926379597013816,-0.027379665791356766,-0.006926379597013812,-0.009816688945471457,-0.009301245589376318,-0.004060082071027447,-0.005967000216754076,0.013818584708035143,-0.013818584708035195,,0.0034375961994755153,-0.0034375961994755964,,0.0009553167245859865,-0.0009553167245859943,,0.0049087133913386745,-0.004908713391338724,,0.005687768786898207,0.0049087133913386745,-0.008694009148448222,,0.015120357131037158,-0.009778378948178219,-0.005651208898341669,,0.013728695974313249,-0.005651208898341669,-0.01003093289203346,,0.00845308273642032,-0.005651208898341669,-0.0039261956832779285,,0.017466603478296688,-0.005651208898341669,-0.013349053913612442,,0.013953636581540552,-0.005651208898341669,-0.010240983563907168,,0.001906189453220515,-0.005651208898341669,0.0028671855124865085,,0.011353825986106772,-0.005651208898341669,-0.006614802301458001,,0.01040418692650835,-0.005140923501154081,-0.0072166346642004685,,0.0013344417384074812,-0.0013344417384072629,,-0.016713518744685837,-0.005613055717666735,0.006196387135192308,0.014992752265743585,,0.013004406976671882,-0.007797915405982819,-0.007806781011671645,0.0025988129825001032,,0.005838768030588796,-0.0002268746266133036,0.015244887308579208,-0.021533352609121828,0.004493533618421938,,-0.0011893667574883178,-0.0011893667574882807,-0.00037587037240470505,-0.0018825626021696362,-0.0003758703724047167,-0.0005315987245573057,-0.0008407105077212812,-0.0013563760674014191,-0.0009948834565093282,-0.0003758703724047051,-0.0009948834565093971,-0.0019199814834671598,-0.00037587037240471676,-0.0012475070716661664,-0.0035885685331407675,-0.003648674963104249,-0.0008407105077212862,-0.000921017652919676,-0.0003758703724047068,-0.0007519009225330698,-0.0014571889112257948,-0.0010636507415884686,-0.0005315987245573057,-0.0005315987245573131,-0.0003758703724047169,-0.0005315987245573218,-0.001683215680288396,-0.0011282521696349872,-0.0008407105077212486,-0.0017249056288583464,-0.000531598724557306,-0.0003758703724047085,-0.0003758703724047036,-0.002164133588526465,-0.001640478918213982,-0.0017249056288583088,-0.00037587037240470727,-0.0009948834565093757,-0.08641547126621309,-0.0009948834565093726,1.0,-0.0003758703724047159,-0.006926379597013813,-0.015239935368621383,-0.013759559014028467,0.0011447992424086118,-0.011575729525143776,0.00590252763425532,0.02737966579135676,-0.017633044427706072,-0.014715832215620474,0.012933953491677702,-0.012119149469658835,0.02737966579135676,-0.0063936994667525855,-0.015070479952119346,-0.013569991701190193,0.0024314329586292414,0.02737966579135676,-0.0002145757614780388,-0.004886645876143474,0.007068194941691773,-0.006926379597013813,
primary_activity_country_west_indies,-0.007162150259642823,-0.005242304389775606,-0.010370304376217842,-0.011535637487771448,-0.009766062430336939,-0.00047131243819236135,,-0.009766381733206247,-0.010324150972204843,-0.009945765931125337,-0.003868784283279982,0.01077478772067261,0.01675971101282402,-0.011753582856994613,0.011996379798553036,0.018187780572197526,-0.004896739499507032,-0.006749128227826683,-0.005242961359094819,-0.00402673474581225,-0.005158329217487187,-0.002311134383195077,-0.0045703297069541755,-0.00365807090596569,0.03314973065519215,-0.00411983589480644,0.008080660522095169,-0.00526776737738497,-0.0028597401805956764,-0.00033654854234228435,-0.0047027494079178705,-0.0010225096634421333,-0.01092608173939083,0.011197446497297267,-0.007724032734697401,-0.00451174417254682,-0.0020685381141303675,-0.007868366783029128,-0.007906305161231066,0.019858016941817356,0.015575397064836004,0.011480670479156517,0.015106671081104112,0.02129123049273611,-0.004655835269456007,0.012328211885178414,0.025542677141132397,0.015575397064836004,0.015641913699559563,0.015564126766598511,-0.0008781326802803736,-0.0015657851668686921,0.007691177783786232,0.005348145402478147,0.0057010246240928805,-0.004365213700867918,0.002827911501936237,0.011434771956522486,0.00261680990020708,0.008026365693752667,-0.002616809900207079,0.006228862791408698,0.0045531561334730755,-0.001715096684447493,-0.02200678296663063,-0.01180376148417213,0.011803761484172103,,0.011518841563815663,-0.01151884156381567,,0.007793591876522049,-0.007793591876522048,,0.036393389046357985,-0.036393389046357985,,-0.011479606530005135,0.036393389046357985,-0.010178866791052585,,0.01646529687065107,-0.01055404404894755,-0.006267260757547032,,0.011996379798553036,-0.006267260757547032,-0.007554319238156741,,-0.010529733788645839,-0.006267260757547032,0.01642392780475103,,0.013458920721210691,-0.006267260757547032,-0.008627224008584476,,-0.011753582856994613,-0.006267260757547032,0.018636017615036464,,0.014625912264336554,-0.006267260757547032,-0.009415675458804014,,0.014734731228403778,-0.006267260757547032,-0.009486441343011317,,0.01077478772067261,-0.00612809889726249,-0.006708742790862264,,-0.009888356433176683,0.009888356433176681,,-0.0063144245425484375,-0.0062567736269438685,0.01675971101282402,-0.006492240610885835,,-0.006880697564153434,-0.006878092596031899,-0.00688069756415342,0.02063818542524617,,-0.006149134983654718,-0.004915184181040759,-0.006445219972358015,-0.008135374260529245,0.03573004379816875,,-0.0004493468286540993,-0.00044934682865409883,-0.00014200511218403865,-0.0007112385895282358,-0.00014200511218403794,-0.00020083981622358673,-0.0003176233050758069,-0.0005124435171168265,-0.00037587037240471686,-0.00014200511218403868,-0.00037587037240471497,-0.0007253755708562788,-0.00014200511218403784,-0.0004713124381923585,-0.0013557734648478497,-0.0013784818796540733,-0.00031762330507580674,-0.00034796361918494715,-0.0001420051121840388,-0.0002840707400598821,-0.0005505309542970651,-0.00040185088789407026,-0.00020083981622358673,-0.00020083981622358622,-0.00014200511218403784,-0.00020083981622358567,-0.0006359246406681916,-0.0004262575283491432,-0.00031762330507580815,-0.000651675245818971,-0.00020083981622358676,-0.00014200511218403851,-0.00014200511218403865,-0.0008176170711562476,-0.0006197785457952889,-0.000651675245818974,-0.00014200511218403851,-0.0003758703724047139,-0.03264806058824436,-0.0003758703724047155,-0.0003758703724047159,1.0,-0.002616809900207079,-0.005757699703365669,0.02731703625250629,-0.004619168166803575,-0.00437335020399046,-0.0037350089291191073,-0.008026365693752643,0.02131624938312534,-0.005559691739711192,-0.004856059359543394,-0.00457865611754304,-0.008026365693752643,0.021934819899486903,-0.005693678867467882,-0.0051267892745457035,-0.004358497266997236,-0.008026365693752643,-0.007593673988531982,-0.006059648072486113,0.012917869652140097,-0.002616809900207079,
primary_activity_country_nan,-0.01992435524977853,-0.010178859813025902,0.020443592402459833,0.0003205369302981241,0.015889052019563022,-0.00868514545275034,,0.01588609565342573,0.0002787848805420111,0.016126745965487847,-0.01610663675498562,-0.015343483292094137,-0.01693062635199929,0.0003133596512469336,-0.010734483619426373,-0.021590138852757155,-0.151644042365889,-0.17342575838147398,-0.13778021385533387,-0.11454474779923784,-0.12548167558039075,-0.06256342077921023,-0.1721222244154297,-0.06740937713555399,-0.6436435934864317,-0.07826267905932871,-0.5959361592895007,-0.12626447834791718,-0.05269807756571655,-0.17210330027466628,-0.08666026891259807,-0.764136612864758,-0.31826436966428556,-0.19230083769004194,-0.5436340946628063,-0.09783051785961175,-0.04737350356680944,-0.5396727360975638,-0.5370169039910967,-0.004320820730286954,0.005789849243701687,-0.015475778398744127,0.013618964427122566,0.0018512522359828943,-0.0028693260053589877,-0.0021155855618444144,-0.008244560567611175,0.005789849243701687,0.002479067741318639,0.008216841384886132,-0.008210718407309333,-0.010297483577188174,0.0003303198801004838,0.010974229805618409,0.015497498792439548,-0.00015524287362337957,-0.003538179908016148,0.009956605387322359,-1.0,0.00016802076635562851,1.0,-0.01714801886459916,-0.016356392924637215,0.37504103863082167,-0.22054705453988124,0.00344466800944355,-0.0034446680094439184,,0.019669894817641947,-0.019669894817641947,,0.011935101361334749,-0.01193510136133452,,-0.01690008104837027,0.016900081048370985,,-0.0012894397982951553,-0.01690008104837027,0.011424764726559558,,-0.00481403502128145,-0.0033123078808653217,0.009540577924781664,,-0.010734483619426373,0.009540577924781664,0.0031769685642541795,,-0.020567336455181266,0.009540577924781664,0.013201304294139743,,-0.00871188283240863,0.009540577924781664,0.0008281919556396136,,0.0003133596512469336,0.009540577924781664,-0.00900525204350793,,-0.015596687580735558,0.009540577924781664,0.007620706514991012,,-0.0015507109248379147,0.009540577924781664,-0.006510268427376761,,-0.015343483292094137,0.015394074604180234,0.0032100673864204517,,0.013624946403373868,-0.013624946403374416,,-0.0033236210641794657,0.00491253544954705,-0.01693062635199929,0.017492765907392033,,-0.0047134289664587815,-0.004642306480596842,0.0187637140397439,-0.009408857567699509,,-0.01185953084457174,-0.0021288558496169725,-0.00377221030165413,0.02037518306949266,-0.007750595118495975,,-0.008280372528594544,-0.008280372528594534,-0.002616809900207084,-0.013106402677072075,-0.0026168099002070737,-0.0037009908401644566,-0.005853027376800919,-0.009443091507511043,-0.006926379597013829,-0.002616809900207084,-0.0069263795970137985,-0.013366912965253235,-0.0026168099002070724,-0.008685145452750297,-0.024983617636623955,-0.02540207866080114,-0.005853027376800911,-0.006412125800196386,-0.0026168099002070884,-0.005234734957882782,-0.010144950624791213,-0.007405137502975096,-0.0037009908401644566,-0.0037009908401644514,-0.002616809900207072,-0.00370099084016444,-0.011718549212013478,-0.007854892708202171,-0.005853027376800942,-0.012008794674721877,-0.0037009908401644575,-0.0026168099002070824,-0.002616809900207084,-0.015066700159407836,-0.01142101583266346,-0.012008794674721933,-0.002616809900207083,-0.006926379597013771,-0.601624595452284,-0.0069263795970138054,-0.006926379597013813,-0.002616809900207079,1.0,-0.0005574122918786262,-0.003327889498463821,0.011417877250286824,-0.013534057126558932,0.007167303928716329,-0.0001680207663557814,0.010904521702887483,-0.015775024633425658,-0.00997063388188897,0.014820784451388,-0.0001680207663557814,0.005113845538665191,0.0031047042244102827,-0.016062220710063507,0.007923548330513074,-0.0001680207663557814,-0.13993299935837777,-0.11166462125181668,-0.20257286771534821,1.0,
primary_ticket_type_billing_inquiry,-0.004710533526288551,-0.027674452925480462,0.0073394080003687185,-0.00981108735486974,-0.0035718111251309237,-0.009930841922038521,,-0.0035750310258444926,-0.009326224200982407,-0.003298730359449011,-0.00374891611850502,0.0011617647298709695,-0.001238702602067231,-0.003857436934972115,-0.009462195921123795,0.0011788273605535138,-0.010090739236270253,0.0012929170725671272,-0.0017371540879136094,0.006315513610045442,-0.004363473146084919,-0.008694036259561387,-0.0063489513978349735,-0.0033411059487936604,-0.015349155908774016,0.0023016795679548464,0.0010743228025833357,-0.0005789677104880482,0.009436004960184614,-0.010807020154538558,0.011587882760597735,0.010757236761276632,0.018041632056690765,-0.010544298842077192,0.009413091476947794,-0.0008081616877160415,-0.006829798147829572,0.009182873118389324,0.008862705207228823,0.31663649978463915,0.24715944299380252,0.1881266284942798,0.16863035399062803,0.22890401588117248,0.12528972725314597,0.37213509563590846,-0.06655357712823466,0.24715944299380252,0.00556023792371423,-0.023148296425861612,0.0052779914828763935,0.03171125288139493,0.31827581064925226,0.21906905378233343,0.13074112467696533,0.09438544237478996,0.38919460332247147,0.30439269086772947,0.000557412291878608,0.3254347865598772,-0.0005574122918786262,0.13900057784299577,0.18426578703280266,-0.03119950349917305,-0.09633569062272676,-0.0008406619408036451,0.0008406619408035812,,-0.014592050257642462,0.014592050257642486,,-0.01554767237356986,0.015547672373569877,,0.009707992306117422,-0.009707992306117474,,0.00028181121931339007,0.009707992306117422,-0.006098505211677591,,-0.016951814583589908,0.00294497596737529,0.015995357581742937,,-0.009462195921123795,0.015995357581742937,-0.004110300185866295,,-0.017862763701124253,0.015995357581742937,0.004783544960126956,,0.009656066929196424,0.015995357581742937,-0.023962284337684815,,-0.003857436934972115,0.015995357581742937,-0.010269971178596926,,-0.016904087879788587,0.015995357581742937,0.003470179582748531,,-0.00897422122462148,0.015995357581742937,-0.004518650450001058,,0.0011617647298709695,-0.005159155424575836,0.0035562870767397925,,-0.004847243383787246,0.004847243383787228,,-0.0010746445420913838,-0.015026490959958262,-0.001238702602067231,0.017172258148587895,,0.003099290433508209,-0.011811224579890691,0.003936329413613998,0.004773368393719804,,-0.0029377910339089355,0.0012253832633162772,-0.004062431309307588,0.007187294418671989,-0.0029376784741187967,,0.0010332807961512525,0.010659466837545041,-0.005757699703365659,-0.016648406811964375,-0.005757699703365669,-0.008143195216774285,0.0007303802778089284,-0.003888342221827273,-0.0037368955228170722,-0.005757699703365662,-0.015239935368621308,0.0004726717579835649,-0.0057576997033656685,-0.009930841922038575,0.009571895348532793,0.0076153234924128494,0.0007303802778089734,0.010739204543770852,-0.00575769970336565,-0.011517853059106227,0.0012659554412920216,0.015989285582565675,-0.008143195216774288,-0.008143195216774281,0.024663514858378234,-0.008143195216774294,-0.01897243751691974,-0.007136749227661918,0.0007303802778088596,-0.00647894190981756,-0.008143195216774281,-0.005757699703365663,0.02466351485837809,-0.006612238688169362,0.002822799877893884,0.00681685875185038,0.02466351485837809,-0.0037368955228170475,0.0064282382404564084,-0.01523993536862132,-0.015239935368621383,-0.005757699703365669,-0.0005574122918786262,1.0,-0.21077322042347926,-0.18728750518032866,-0.17732063856684438,-0.151438631134538,-0.3254347865598769,0.15879861590728492,0.0990610817929185,0.06240346019483995,0.06985714275089529,-0.3254347865598769,0.14882353843853643,0.09993710999441666,0.10364633546538388,0.03676391002263008,-0.3254347865598769,0.008024314697601322,0.002809954326128603,-0.009340688628407803,-0.0005574122918786207,
primary_ticket_type_cancellation_request,0.007189367011319315,-0.01847541835501782,-0.012414196158116925,-0.003344090324050844,-0.012641488180161918,0.012178806346770623,,-0.012637426077142836,-0.004037748895524306,-0.012574588033033018,0.0034999722607195003,0.00037705608961182227,0.020422686191680833,0.0029089653301331386,0.010659711134887095,0.007920175497534097,0.00047971453016790335,0.0031824035026605142,0.014108632187741034,-0.0017570320699615127,-0.0052714041775728734,0.0009283035390307375,-0.002526247982875809,0.014717365524945234,0.01835133926728892,0.000785842695327325,0.003055649843135302,-0.006983749083559242,-0.0033364591586716517,-0.012563854528162161,-0.007044925788370579,-0.009229309527003826,0.002437197204874293,0.0005193797968079016,0.0019122812026922168,0.011797875508556169,-0.0062856782613942615,0.0026414339790370917,0.002534216020157509,0.25297691235571795,0.21846902204003318,0.1250456535745437,0.08913376842644209,0.15471166146505283,0.0743126897720045,0.29378551607766457,0.5535314180652356,0.21846902204003318,0.005601003871908624,-0.010289702601699124,-0.012952177556913054,0.00018358203475970486,0.28491787413202374,0.21515884356687065,0.07153687896152279,0.05820317197922368,0.3423765723709426,0.24742277184474426,0.0033278894984638194,0.2938227126676755,-0.003327889498463821,0.10447185139321666,0.13954922266797945,0.006014646578674179,-0.09194474455609314,-0.01599659042018028,0.01599659042018027,,-0.00783428726063968,0.007834287260639675,,0.007896208756735912,-0.007896208756735886,,-0.005285710369308339,0.005285710369308344,,0.004670538420603104,-0.005285710369308339,-0.001560162870668708,,0.017898283093658603,-0.012467938257380889,-0.005613511661594947,,0.010659711134887095,-0.005613511661594947,-0.006671995723274064,,0.008046537289126948,-0.005613511661594947,-0.0035344752137351455,,0.002487490217373709,-0.005613511661594947,0.0022695341382657167,,0.0029089653301331386,-0.005613511661594947,0.0018910635097157062,,0.008505764049906958,-0.005613511661594947,-0.0038083560805198726,,0.002969745030165315,-0.005613511661594947,0.0017661444814803626,,0.00037705608961182227,-0.004282827094151541,0.003635756432607365,,0.016428544314106425,-0.0164285443141064,,-0.000793227498467083,-0.006899465898252254,0.020422686191680833,-0.01541753089875693,,-0.014797676103423188,0.008608191319063816,-0.004061736043187431,0.01025285070379337,,0.0040167624046907845,0.004712754459764308,0.0029248760944703364,-0.0107825715208657,0.0016626942149210067,,0.004128400946137631,-0.016449325779727356,-0.005198408453662672,0.006534547210965766,-0.0051984084536626785,-0.007352181780157784,0.002918183170710044,-0.0007074076616423853,-0.0014646371495521308,-0.005198408453662674,-0.0014646371495521222,0.011774953822638533,-0.005198408453662675,0.002368062540261931,-0.001340929960900502,-0.006341164658061565,-0.011627297417620386,0.0005411186670760616,-0.005198408453662671,-0.010399032216894295,0.021865655303417917,-0.014710632741397804,-0.007352181780157784,0.015641342321818894,-0.005198408453662675,-0.00735218178015778,-0.0014379070665903578,0.006085195274051865,0.0029181831707100593,0.00456619558493577,-0.007352181780157783,0.02731703625250636,-0.005198408453662678,0.021127386354615238,-0.007750139270192214,-0.009644902737955404,-0.005198408453662668,0.010830284714924227,-0.0007499075435563039,0.01083028471492419,-0.013759559014028467,0.02731703625250629,-0.003327889498463821,-0.21077322042347926,1.0,-0.1690947774899916,-0.16009607204695253,-0.13672819022511723,-0.2938227126676756,0.08903937680632,0.12509534888284377,0.09605365401461959,0.049935404455883556,-0.2938227126676756,0.11489545582507031,0.09832406562827807,0.071647870561336,0.07343009964158945,-0.2938227126676756,0.00924440096713337,-0.01662622667752752,0.0064711901525491755,-0.0033278894984638215,
primary_ticket_type_product_inquiry,-0.007767892127891883,-0.03220703535484595,0.0017421542223758325,-0.004525410946106618,0.006577510989524055,0.006008151744517329,,0.0065788727749355935,-0.004082616163907924,0.006048678704031794,-0.011718358458270536,-0.016241234857163552,-0.01956552447538801,-0.008144800424696072,-0.003311980030928752,-0.02241515611056767,-5.558942659802277e-05,0.012145502713630366,0.014868518810125757,0.01647395362404562,0.01746913015047078,-0.004571819624292231,0.0020690205969462533,-0.0018907853288990793,-0.013280962426192856,0.004887887522082716,0.0034184479783342173,0.013446658699290735,-0.011622416599325726,0.005078611857837293,-0.014185282407677352,-0.010326924612738198,-0.0023266835157436,-0.007857394092154536,-0.0013647553999913745,0.0175345140981887,0.01530471087507977,-0.000201756967776429,0.0004833092354500593,0.18754372360640043,0.15190006749906543,0.11190472273318436,0.104798954584373,0.1291858907214105,0.05896864094524064,-0.17126832535209074,-0.12212268511473635,0.15190006749906543,0.0010122309711791283,-0.0012206373003443446,-0.0019477365180747643,0.005281869484462712,0.25181901106185217,0.17479055719523007,0.08695520269834053,0.05356445806549109,-0.290648780954836,0.20802068697284015,-0.011417877250286809,0.26108308593607094,0.011417877250286824,0.08091722727913185,-0.085278018620697,0.003666075876239645,-0.05642630445699407,0.004530341466241013,-0.004530341466241044,,0.024780286181447016,-0.024780286181446964,,0.012528518659095744,-0.012528518659095758,,0.004150130582746604,-0.0041501305827466445,,0.013641560440625247,0.004150130582746604,-0.016286930493084967,,0.010426966983099868,-0.009693026196498157,-0.00034313018107851544,,-0.003311980030928752,-0.00034313018107851544,0.003974557049452647,,0.004777528227980832,-0.00034313018107851544,-0.0046898707642326586,,-0.013827034715508725,-0.00034313018107851544,0.014745106283281429,,-0.008144800424696072,-0.00034313018107851544,0.009283372929447403,,0.0008092207049018688,-0.00034313018107851544,-0.0005240186285393587,,0.0019010942374118086,-0.00034313018107851544,-0.0016175034719988106,,-0.016241234857163552,0.013040619395439816,0.0064937987340449085,,0.009295359450538962,-0.009295359450538946,,-0.007828177356027087,0.012475617442279919,-0.01956552447538801,0.01748125335306404,,0.004833113102522587,0.00593431044122832,0.0009412033605112639,-0.011707503301025528,,-0.013913860327946384,0.013433530319449489,0.00682859217733333,-0.003141431240304196,-0.0015321813148408967,,0.01895211515262689,-0.014616435527216635,-0.0046191681668035734,-0.016050867711337746,-0.0046191681668035795,0.01847334804191175,-0.010331708748201137,0.0029630424820176033,0.0011447992424086072,0.03074257248406348,0.014515978453492822,0.004194254703343126,-0.0046191681668035734,-0.004661392566283361,0.008416444126515123,-0.004238161706582557,0.021305780257703473,-0.011318624014477812,-0.004619168166803586,0.008444332891095686,0.009510583707339511,-0.0005629971215725682,0.018473348041911745,-0.006532954141287219,-0.0046191681668035734,-0.006532954141287218,-0.004849843955529766,-0.0020714345683427306,-0.010331708748201144,0.00971237185871327,0.018473348041911728,-0.004619168166803576,-0.0046191681668035795,-0.014256151085920054,0.012331441720994804,0.0019848261062372376,-0.004619168166803577,-0.01222637996867561,-0.010257642003335007,0.0011447992424085827,0.0011447992424086118,-0.004619168166803575,0.011417877250286824,-0.18728750518032866,-0.1690947774899916,1.0,-0.14225713239376936,-0.12149305107942067,-0.26108308593607105,0.09886188012795635,0.07427222748896437,0.08437210024372895,0.062485952742903896,-0.26108308593607105,0.08672850029979447,0.07583074428909423,0.08972738807101978,0.06980883783499484,-0.26108308593607105,0.010511268650414796,0.007282994844145771,-0.020262282430366724,0.011417877250286824,
primary_ticket_type_refund_request,0.020034930878059864,-0.01137984831142166,0.0033199050375886537,0.014470005742253877,0.006526227922132681,-0.014515071436586605,,0.006521562469552771,0.014480188350563875,0.006220063566418556,8.678904745544716e-05,0.0053297227233902525,0.004904137494051789,0.001542693325568052,0.014741163740802542,0.011047701048138644,-0.006499776706854315,-0.004461758835092425,-0.006797555768574805,-0.006834605172810948,-0.0009211681914060739,0.0018624063494948194,-0.007447346034113344,0.008126223540436127,0.010231378910335615,-0.006577832923064517,0.006986151278166057,-0.0025762400336490168,-0.0013528541390586987,0.0046708041358591535,0.022304429037501277,0.009022350195363467,0.006774563187304893,-0.010966554649284638,0.018963083153478853,-0.009382060620000868,-0.010926571488614985,0.01799755460684119,0.01736506317455394,0.1278886508104548,0.1018775046313551,0.0775841019303597,0.07440899932882875,0.09501598143000785,0.05721263744365412,0.21088478525537066,0.40853310097953655,0.1018775046313551,-0.01576262003551328,-0.01881286647944108,0.0053758322335812,0.003899393039655139,0.24019251856361823,0.1630941759959811,0.10793250316084317,0.07689029070331929,0.33978300775008824,0.19235235891376157,0.01353405712655895,0.24718904484637738,-0.013534057126558932,0.06604093596793485,0.11099162576943683,0.0055133168679062225,-0.062075999608983086,0.003491395376017419,-0.0034913953760174576,,0.0007163368795784703,-0.0007163368795784677,,-0.012979894350795834,0.012979894350795862,,-0.0014146631838114414,0.0014146631838114752,,0.004049423492233431,-0.0014146631838114414,-0.0032498337551533467,,0.0079753022760886,0.006639311502828791,-0.01719342016912347,,0.014741163740802542,-0.01719342016912347,-0.0006350109671974122,,0.013674279412808549,-0.01719342016912347,0.000627196775567606,,0.008513519404611468,-0.01719342016912347,0.0060164494888658325,,0.001542693325568052,-0.01719342016912347,0.013907271042803744,,0.0057863956524606365,-0.01719342016912347,0.00873636138526785,,-0.0023145189151265173,-0.01719342016912347,0.016859013347471787,,0.0053297227233902525,0.004485748310482595,-0.010469892459546189,,-0.019567675199233858,0.019567675199233962,,0.000772571169452435,0.011027991617011458,0.004904137494051789,-0.017077932930363245,,-0.01422271169615777,0.027466947963142294,-0.003071360700454568,-0.010167674970447514,,-0.01055051271016708,-0.011891132305338774,0.015519264230274643,-0.0007240097652341275,0.0077768253065589885,,-0.013838593657178065,-0.0021800751012563853,0.03247055588058487,0.007621372217971974,0.03247055588058481,-0.006185290358508337,0.006699890474496684,-0.00555441198587236,0.002355894371914948,-0.004373350203990458,0.0023558943719149327,-0.015100942535947386,-0.004373350203990458,-0.014515071436586459,0.009056119854131416,-0.007841638080975257,-0.009781886896051794,-0.010716281558733888,0.03247055588058487,0.009677314196026379,-0.007432248458718469,-0.012375854893643847,-0.006185290358508337,-0.006185290358508333,-0.004373350203990459,-0.006185290358508338,0.02166376780461067,-0.0008392254164411506,0.02318166784504521,-0.012018287614265523,-0.006185290358508344,-0.004373350203990457,-0.004373350203990459,0.013389677705498943,0.006302784077363018,0.004084594468350681,-0.004373350203990458,-0.011575729525143777,0.009926480364754728,0.0023558943719149674,-0.011575729525143776,-0.00437335020399046,-0.013534057126558932,-0.17732063856684438,-0.16009607204695253,-0.14225713239376936,1.0,-0.1150275635210917,-0.24718904484637727,0.09476138393749867,0.041885370507969595,0.08786141860017417,0.08189584465815465,-0.24718904484637727,0.07795420961406702,0.08759966047807967,0.07307547811776668,0.06580983049224333,-0.24718904484637727,0.0034535759116399206,0.018733837434995064,-0.012638948227320772,-0.01353405712655893,
primary_ticket_type_technical_issue,-0.023868590763357903,-0.029900848987391034,0.006141947038167039,-0.022448691740649045,-0.0008974450338799785,0.00020213511932415298,,-0.0008973161037577034,-0.021684601146333755,-0.0012048864456996296,-0.002999226158296762,-0.012621582199224367,-0.0037402243293406965,-0.019565468511661067,-0.004873599332280293,-0.009648356864679722,-0.014306673762755179,-0.014751369493629068,-0.015399285541028705,-0.013512438884363183,-0.012513210839305183,0.008373607439362094,-0.017137939900438163,-0.015030418534031531,-0.0006521352397070018,-0.011332721371735613,-0.007768993460273422,-0.011427868389272684,-0.0022557114818201915,-1.653870980111443e-05,-0.003968526579966899,-0.005661113548087438,-0.019955047358841616,0.004582837892725259,-0.008994846378928832,-0.013465209666954444,0.0067131672485192485,-0.009699808097643765,-0.009529550051469144,0.07406474654137418,0.05686872278575985,0.04368708746455552,0.04660688122241332,0.06091478683165597,0.02537430327914293,0.13946104067845017,-0.1788410492308037,0.05686872278575985,0.0035444614332623514,0.0016063012691284989,0.010776076602387795,0.016810680178593617,0.20540950679983536,0.14856533017188223,0.0865223825419081,0.045891470870237934,0.2903620522321376,0.14851866576011283,-0.007167303928716333,0.2111089317382405,0.007167303928716329,0.028743690259602113,0.0671495086953792,0.00673580047423232,-0.04625238106964686,0.007957079749578063,-0.00795707974957806,,0.0032960537395792426,-0.003296053739579212,,0.0008043404368302671,-0.0008043404368302824,,0.0033557502614794668,-0.0033557502614794945,,-0.011189029430549375,0.0033557502614794668,0.009310897079507982,,0.00046119915854894283,-0.01998581529104934,0.023546666984238383,,-0.004873599332280293,0.023546666984238383,-0.01606328678365051,,-0.00022378952643533338,0.023546666984238383,-0.020174630345041307,,-0.013882491311792464,0.023546666984238383,-0.005916777603552468,,-0.019565468511661067,0.023546666984238383,0.000178828659008442,,-0.01255324086887687,0.023546666984238383,-0.007305021424657836,,-0.008261920112160337,0.023546666984238383,-0.011617816259311155,,-0.012621582199224367,0.008855836580581864,0.006262809814993964,,0.004148855049794607,-0.004148855049794648,,0.008283419064235352,0.002243837418831854,-0.0037402243293406965,-0.00615114553160417,,0.00859097227390666,-0.020032266771535284,0.007442083681385531,0.003995417903822213,,0.004302024347982537,-0.0107227374861456,-0.01139480112042878,0.011453408936059188,0.004869080300183047,,-0.011818690126587374,0.0013938550419133932,-0.003735008929119108,-0.010341676859576425,-0.0037350089291191104,-0.0052824753657147025,-0.008354106850864542,0.021293668050534908,0.02169117257465019,-0.0037350089291191073,-0.00988611730613964,-0.002671960949253774,-0.003735008929119107,0.037997824820214056,-0.009082785888885808,0.011685201933146733,0.010324615228703418,-0.009152115756086565,-0.003735008929119111,0.013410353150766626,-0.0036881934281295446,0.018970494178571856,-0.0052824753657147025,-0.005282475365714698,-0.003735008929119107,-0.0052824753657147025,0.020671270415070886,0.002714858543801042,0.010324615228703432,-0.008015657673428581,-0.005282475365714703,-0.0037350089291191065,-0.0037350089291191073,-0.021504909326159085,-0.0067098469737170595,-0.00801565767342861,-0.0037350089291191073,-0.009886117306139692,-0.0076226442970088615,0.021691172574650284,0.00590252763425532,-0.0037350089291191073,0.007167303928716329,-0.151438631134538,-0.13672819022511723,-0.12149305107942067,-0.1150275635210917,1.0,-0.21110893173824058,0.05488884092165941,0.07840356745970538,0.03741380649064324,0.09355443644979217,-0.21110893173824058,0.051512032320051054,0.07022695027830313,0.047423028493726635,0.09818662857841653,-0.21110893173824058,-0.03067388575337506,0.01300940072602013,0.014334150122236433,0.007167303928716332,
primary_ticket_type_nan,0.0046618252575037974,0.08779512160775166,-0.0037532433899139057,0.017957293127407487,0.004232032519081207,0.004400596532188152,,0.004233728541587049,0.017296252691926632,0.004735952626988561,0.010710603641759523,0.014585662159047389,-0.001995962039609779,0.017858324249536216,-0.0053112921647074885,0.0072724365171993885,0.021541124854400844,-0.0002431954474066239,-0.006274704868179066,-0.002837311192886981,0.0035035677111360866,0.0034832451057546163,0.02161547336668359,-0.0038557579594088822,0.0013801460275138975,0.005449489440720331,-0.005902817106808678,0.005070843892403415,0.005448407776901405,0.012130150311945736,-0.007032419049145844,0.0029054315752145518,-0.007926082035484675,0.019050632396336822,-0.016174750361014366,-0.006558522879474289,0.0031069712907410263,-0.016294510254004198,-0.016100640388835005,-0.7390802669330556,-0.5983758925572275,-0.4204076920281046,-0.3699339982798502,-0.5136947294159592,-0.2631555717099405,-0.6555285366968092,-0.46775867667226156,-0.5983758925572275,-0.0010473216460606003,0.040739465756428325,-0.0031907730645355003,-0.043872409322447514,-0.9717720177256013,-0.6878696076542966,-0.35899185537900347,-0.2467291561245874,-0.8044823058307218,-0.8300867987879063,0.00016802076635578353,-1.0,-0.0001680207663557814,-0.3228031119603811,-0.3229754013003957,0.010955524914593952,0.26702914973073627,0.002730328856337228,-0.002730328856337216,,-0.002019905427099385,0.002019905427099398,,0.006351748394324547,-0.006351748394324518,,-0.008124350420532521,0.008124350420532573,,-0.009788924559592967,-0.008124350420532521,0.014768920525629161,,-0.013260334306093106,0.02209734877868916,-0.011334735851249209,,-0.0053112921647074885,-0.011334735851249209,0.01619888817956355,,-0.004145152754565281,-0.011334735851249209,0.014151112514212305,,0.0025334842535068014,-0.011334735851249209,0.007183543714866171,,0.017858324249536216,-0.011334735851249209,-0.009383205154200608,,0.010667620189672917,-0.011334735851249209,-0.0011392463594172974,,0.010559842965629312,-0.011334735851249209,-0.0010128329892261899,,0.014585662159047389,-0.01032118548855138,-0.007154360063202129,,-0.004553391918519937,0.004553391918519876,,0.0015880007555225382,7.2941074426900674e-06,-0.001995962039609779,0.0006727641817220667,,0.010205703437185111,-0.007973842697549588,-0.0032396331337267515,0.0010062626255086208,,0.01414105499975483,0.00037128289966473926,-0.007660079336945491,-0.0018120831014618798,-0.006144853241227997,,-0.0009833282510634052,0.015293007523884333,-0.008026365693752636,0.021629931872708973,-0.00802636569375264,0.006835354396074331,0.005057438191810161,-0.0075466572986633085,-0.011519922925880602,-0.008026365693752634,0.007929871432738003,-0.000576810160358865,0.017692330203017085,-0.003359393797356322,-0.013880043424024217,-6.365343718466295e-05,-0.006447580278770914,0.011842545461313804,-0.008026365693752638,-0.0031940638716943916,-0.017822628354361762,-0.004518372439766918,0.006835354396074327,0.006835354396074237,-0.008026365693752638,0.02502251004834142,-0.007150275031671123,0.0016405309354368218,-0.01795259874935216,0.0081283590112884,0.006835354396074333,-0.00802636569375263,-0.008026365693752632,0.0031467505190299287,-0.005491772705281641,0.0025080927127901533,-0.008026365693752636,0.017654768612047272,0.0003849890615851357,-0.011519922925880692,0.02737966579135676,-0.008026365693752643,-0.0001680207663557814,-0.3254347865598769,-0.2938227126676756,-0.26108308593607105,-0.24718904484637727,-0.21110893173824058,1.0,-0.37653742689398717,-0.31424304633219735,-0.2744725710983693,-0.25879327736955227,1.0,-0.36591892390875447,-0.32181622217840905,-0.28977467725938555,-0.24634953208447494,1.0,-0.005258222333072069,-0.01561181056480754,0.017508650568958735,-0.00016802076635577767,
primary_ticket_priority_critical,0.004510929116788403,-0.05690626590189208,-0.00212325321917505,0.010075967673826593,0.007238293403855707,-0.005227071582206333,,0.007236400506554706,0.011445989983849573,0.006753405019155759,0.010556805674761425,0.002230452003458007,-0.002207386439962227,0.005366388672168765,0.014731695462706704,0.0025798874815985435,-0.015558763695201889,-0.0053744521810348625,-0.009276030686829173,0.011404394247848379,0.002526508327579913,0.006115978867162444,-0.02059097657755172,-0.006366648327292486,-0.019817419403085207,-0.010633842684130033,0.01053730577957288,0.005192070443499036,0.008044675393763334,-0.010167653690807256,-0.014112385641223,-0.010341108752325055,-0.026430383016492386,0.015692044941178502,-0.021142735501269362,-0.007320137047466976,-0.00800411917570181,-0.02121670347609433,-0.021352729264481268,0.3616123601222828,0.28022195513398085,0.22210665568805468,0.8849473284625102,0.5836772845979763,0.16365245196418438,0.31664808525845334,0.21864830740512595,0.28022195513398085,-0.023868827725107455,-0.04674104615060547,-0.004995822312264519,0.019075004196140465,0.3627659871234662,0.24389970249589848,0.908382913929403,0.12235659126636403,0.30618742347815386,0.6475417810339462,-0.010904521702887485,0.3765374268939874,0.010904521702887483,0.17324903966278385,0.1713837945621615,0.02492202401187058,-0.23012843193141053,0.011652411387486036,-0.01165241138748604,,0.01470680023719295,-0.014706800237192896,,-0.025172483837171338,0.025172483837171335,,0.010832443512511765,-0.010832443512511798,,0.013217647212622367,0.010832443512511765,-0.01985957372608493,,0.01862657278498154,0.0012191996454158725,-0.02294303757351965,,0.014731695462706704,-0.02294303757351965,0.004613569212511292,,0.013248420249170388,-0.02294303757351965,0.006055030032575516,,0.008095729732117347,-0.02294303757351965,0.01143968019996285,,0.005366388672168765,-0.02294303757351965,0.01491425751165034,,0.0183220033499423,-0.02294303757351965,0.000986539532493749,,0.008090867202265178,-0.02294303757351965,0.011279103515337549,,0.002230452003458007,0.005135858986695933,-0.007481708518898369,,-0.010072377654812035,0.01007237765481206,,-0.015824870542380187,0.009393992257989568,-0.002207386439962227,0.008862274089029717,,-0.0025477270607765635,-0.002364874887426592,0.002071169079525278,0.0028409851029089377,,0.0027493606871001374,-0.014964171474689167,0.004345392592119767,-8.985284928470535e-05,0.00792295317683377,,0.00547929514857815,-0.01222691073875197,-0.006661824490402772,-0.010945330787108349,-0.006661824490402776,-0.009421911548031356,-0.014900524917260873,0.0070253246913509464,0.0035254072128653134,-0.006661824490402773,-0.017633044427706118,-0.006545643755729775,-0.006661824490402773,-0.013668774208548744,0.010596255097101489,-0.006261522788617522,0.01013093530749007,-0.01632386696791061,-0.006661824490402773,0.0006655297339968521,-0.011364622545685845,0.0009414687146946815,-0.009421911548031356,-0.009421911548031353,0.02131624938312531,-0.009421911548031353,0.01401895273516676,-0.01066550879536739,-0.002384794804885411,-0.012229745445335461,-0.009421911548031356,0.02131624938312523,-0.006661824490402771,-0.018830671595303966,-0.0033680856560212896,-1.7361932772992678e-06,0.021316249383125235,-0.007053818607420391,0.009474221683919135,0.0035254072128653767,-0.017633044427706072,0.02131624938312534,0.010904521702887483,0.15879861590728492,0.08903937680632,0.09886188012795635,0.09476138393749867,0.05488884092165941,-0.37653742689398717,1.0,-0.2608194171396959,-0.22781021521485625,-0.21479651674405892,-0.37653742689398717,0.1429170303257169,0.14252801188040104,0.09740956734274367,0.07350422239547477,-0.37653742689398717,-0.008321488537382543,-0.0037486200390200587,0.006022510003631198,0.01090452170288748,
primary_ticket_priority_high,0.005790551180041779,-0.020251418905119074,-0.010416156975225074,-0.024326101196908187,-0.02189929908186788,-0.018452517864604976,,-0.021906410945011473,-0.02491054963216831,-0.022175938654794506,-0.0022321595939942436,-0.010943675307159924,0.015877599437754627,0.00531437346245651,-0.00022172747231229118,-0.0012166882545032091,-0.006640538369257433,0.006463577547048786,0.008135554313180708,0.0021639306232467846,0.0009000546780661606,-0.006763063957602539,-0.00506780923623135,-0.0026546634600720974,0.015992430971315696,0.0006745486729002702,0.0035017763285431036,0.00046422119508810584,0.0010474968110910986,0.0021084598155659963,0.001243228587719046,0.025814919124368625,0.025601600816909677,-0.0285483353155026,0.0355873656359843,0.007052368905822447,-0.005251998422664117,0.035372158726203966,0.03493294151593881,0.2551482577582781,0.2034214379597967,0.15061868427324093,-0.22123346531175464,0.40231453643440235,0.0962408534651368,0.23527537561802508,0.1629109630253308,0.2034214379597967,0.011124769417050187,-0.007784378749975178,0.00012786333113795514,0.014208456269660127,0.3022652484013225,0.20705823621903208,-0.23243728722308302,0.08566935926962041,0.25779866582477545,0.13028797353289534,0.01577502463342565,0.31424304633219774,-0.015775024633425658,0.11286668860906537,0.118453026034948,-0.0256364329786951,-0.03206166837275524,0.003326725180177953,-0.0033267251801779784,,-0.011021022068525328,0.011021022068525316,,0.01470841804335393,-0.01470841804335387,,0.01765117242331774,-0.017651172423317665,,-0.016311508167165284,0.01765117242331774,0.0059330690532015465,,-0.0037260790085616316,-0.013019487900157953,0.019981246494316082,,-0.00022172747231229118,0.019981246494316082,-0.01795848801877232,,-0.006727362253936933,0.019981246494316082,-0.010295341239958495,,-0.006166704781059572,0.019981246494316082,-0.010886480672476684,,0.00531437346245651,0.019981246494316082,-0.023991213319667328,,-0.004777323963098362,0.019981246494316082,-0.012113219717365344,,-0.008218699494734097,0.019981246494316082,-0.008646720646690878,,-0.010943675307159924,0.00882738611298376,0.004337265601555029,,0.019307509377535084,-0.019307509377535052,,0.00895349265843052,-0.015370233901978229,0.015877599437754627,-0.011607819745106008,,0.002742975164150342,0.0020405766612664198,-0.008381900275692064,0.0035987348133690385,,0.002053202197473855,0.005204606264614871,-0.005262056599562808,-0.009741758379394767,0.01355062531952458,,-0.017592534614499635,-0.007751055560494803,0.02554190390984072,-0.009153112085539856,-0.005559691739711194,-0.007863149784468781,0.0014776274732048887,-0.00279607579169697,0.020565095832018588,0.0255419039098407,-0.0029555228664073312,0.026593993958534783,-0.005559691739711192,0.00969992996276441,0.00960655679756331,0.02069687619341438,0.001477627473204828,-0.0009215618591637412,-0.005559691739711186,-0.01112175275040623,0.026676321689556626,-0.0047314605322985835,-0.007863149784468785,-0.007863149784468776,-0.005559691739711193,-0.007863149784468778,-0.0040055199943595295,0.014430719703639251,0.0014776274732048982,0.001672366639347916,-0.007863149784468783,-0.0055596917397111876,0.02554190390984069,0.005974241998080783,-0.0028321702390458653,0.01526553252616509,-0.0055596917397111876,-0.014715832215620398,-0.0068887568984041395,-0.0029555228664073716,-0.014715832215620474,-0.005559691739711192,-0.015775024633425658,0.0990610817929185,0.12509534888284377,0.07427222748896437,0.041885370507969595,0.07840356745970538,-0.31424304633219735,-0.2608194171396959,1.0,-0.19012127587217365,-0.17926056466679446,-0.31424304633219735,0.13171253026583077,0.11146389453640497,0.07488945183573281,0.061400532045452705,-0.31424304633219735,0.027313623920811728,0.017734395651844325,-0.032584062413342614,-0.015775024633425658,
primary_ticket_priority_low,0.0016876207667206598,-0.01061856559179107,0.009144541887728794,-0.020247485485805513,-0.001690196694589527,0.004459868923230654,,-0.001688137883860706,-0.020945006819872696,-0.0013662527706275692,-0.023839086799526007,-0.012938302611110796,-0.02047635603992429,-0.017547557263161304,-0.012313434522106216,-0.01896985186414557,0.0009845676867217673,0.010084558564357254,0.01892237450085709,-0.0023007536675830353,0.0008832043888894824,-0.018022421326015125,0.004127828183920856,0.019334325271219713,0.013690055801404801,0.001329909925222008,0.0038655842276847413,-0.0030500344322727693,-0.019475328576524096,0.0016951753443659372,0.006193645402284415,-0.0027214400603006797,0.03489134227483069,-0.008453553679297707,0.014290468185654583,0.018464278107262724,0.01793124453588013,0.015217194717085363,0.01584869487935942,0.1532007142498621,0.13435672106748262,0.07202503493650725,-0.1846907813763984,-0.25330712209145095,0.024412140099134217,0.13240151288799065,0.11421099529772277,0.13435672106748262,0.007108319933270639,0.0008626120064570332,0.0023246401837975173,0.008454511999335418,0.26598218643002114,0.20113789359188924,-0.19900011224481817,0.044484767559729514,0.21148884263353313,0.09269123402694084,0.009970633881888973,0.27447257109836914,-0.00997063388188897,0.05663718885351134,0.05796318137312841,-0.02842463618454654,-0.009637315833449248,-0.002217796002973264,0.00221779600297331,,0.006083072309054316,-0.006083072309054338,,0.014622910631566923,-0.014622910631566984,,-0.00978750993107558,0.009787509931075453,,0.010755399217506779,-0.00978750993107558,-0.005020679208630741,,-0.010929454146444214,-0.013837202994434262,0.02927102527833622,,-0.012313434522106216,0.02927102527833622,-0.013052392702948121,,-0.0022638728872680478,0.02927102527833622,-0.023006371150293334,,-0.021907072783372113,0.02927102527833622,-0.002496888337447152,,-0.017547557263161304,0.02927102527833622,-0.00724005563967727,,-0.017568210413485563,0.02927102527833622,-0.007104632515448503,,-0.015467553976937484,0.02927102527833622,-0.009227270470858962,,-0.012938302611110796,0.011217361618088912,0.004384704439905518,,0.0008233500439442375,-0.0008233500439441844,,-0.0008665760645019392,0.011105762190662737,-0.02047635603992429,0.012991504778877097,,0.004892310270640825,-0.0062340302621781965,0.0058305414819715675,-0.0044900018426670745,,-0.010877832178676295,0.0013499578784614526,0.007764514061535761,0.006231306838701677,-0.007309483896881803,,0.006213820475074299,-0.0045761049701792235,-0.004856059359543409,-0.010658904013696048,0.02924286992187641,0.01724530362424842,0.019646111191589943,0.0014071111589973987,-0.012853402330512268,-0.004856059359543415,0.02582763140277251,-0.004707454225916887,-0.004856059359543399,0.01474839064819407,0.0006620283873715164,-0.004428432193404233,-0.010861564064141044,-0.01189909267163401,-0.0048560593595434135,-0.00971418813607519,0.016426121976931815,-0.001680053172963697,0.01724530362424842,-0.006867992668303015,-0.004856059359543399,-0.006867992668303012,0.001158863908182667,-0.0032036885959151468,0.004392273563724475,0.007521414421496037,0.01724530362424843,-0.004856059359543403,-0.004856059359543415,0.00773683160312516,0.002304367616031931,-0.014833342268866782,-0.004856059359543404,0.012933953491677612,0.001155731617273676,4.0275580582730204e-05,0.012933953491677702,-0.004856059359543394,-0.00997063388188897,0.06240346019483995,0.09605365401461959,0.08437210024372895,0.08786141860017417,0.03741380649064324,-0.2744725710983693,-0.22781021521485625,-0.19012127587217365,1.0,-0.15657341874361605,-0.27447257109836926,0.08177696441198257,0.08625547326021621,0.08544511502817238,0.08772722773973388,-0.27447257109836926,-0.0167315956534759,0.008981238065313982,0.012125116687430888,-0.009970633881888966,
primary_ticket_priority_medium,-0.020578825390961772,-0.014848346158406486,0.010270607599595917,0.011303656002228017,0.011760894426323805,0.01702170229879184,,0.011766945252018124,0.011872521736757957,0.011658815428356874,-0.000814763199320036,0.003006152794532096,0.008773569867860298,-0.019307281001331795,0.0017159069119229743,0.007846828115086413,-0.0034462740372915566,-0.01074967193430641,-0.008577431120114361,-0.010656663072991129,-0.010014872001248096,0.013950725999789231,-0.0022281379873380835,-0.003707865816525714,-0.009290679354593006,0.0038262520995144197,-0.01327869782237638,-0.01097059827688043,0.0013554228964136428,-0.008034754238426901,0.019798175418105423,-0.017567537115458273,-0.02112577420397632,-0.0048329167130094644,-0.006361166247093961,-0.00895510933373064,-0.006823725640330739,-0.006822375933749701,-0.007074157251487593,0.11089784604802745,0.09858127922284803,0.05170821905126968,-0.1678791420592546,-0.22762811371899072,0.020374943421803557,0.09692328980427295,0.06353681446292977,0.09858127922284803,0.011663742139244374,0.011090206249645075,0.008198612189326502,0.01136463135608679,0.2598171916601316,0.1947744214230904,-0.18507855245219787,0.04132355411821299,0.20804564570875145,0.07914474591630824,-0.014820784451387979,0.2587932773695522,0.014820784451388,0.03805103803986248,0.03288520184540416,0.01214187092240429,-0.03003626590813191,-0.020094806033375094,0.020094806033375042,,-0.009651298571921513,0.009651298571921502,,-0.008862762812789455,0.008862762812789485,,-0.012521107962721156,0.012521107962721142,,0.004172514456552031,-0.012521107962721156,0.003276443021224446,,0.010327753739530491,-0.002789212878321417,-0.008546278272084777,,0.0017159069119229743,-0.008546278272084777,0.005888746865012266,,-0.0010557599968423327,-0.008546278272084777,0.008509294731725627,,0.016118939222232783,-0.008546278272084777,-0.009429995955069237,,-0.019307281001331795,-0.008546278272084777,0.029025484194506186,,-0.0142669822992072,-0.008546278272084777,0.02160016356033034,,0.0006437169002404211,-0.008546278272084777,0.006579718475191843,,0.003006152794532096,-0.014060970805210286,0.00987883878118635,,-0.003839749958853764,0.003839749958853756,,0.00859244205626927,-0.0059634437121189945,0.008773569867860298,-0.012482131382146072,,-0.019128764285881922,0.01821585696275187,0.00535491376912225,-0.004438557452879376,,-0.014063314966882427,0.01115797070459325,0.0029902040148096867,0.007266398984720053,-0.00945309476107345,,0.008037296964502942,0.008037296964503001,-0.004578656117543043,0.005590846331833083,-0.004578656117543039,-0.006475657383422748,-0.010241095313349251,0.0032377574051940367,0.0013395654018023826,-0.004578656117543042,-0.012119149469658842,-0.016395377028601332,-0.0045786561175430425,-0.004457084638481459,-0.0059561349487850385,-0.011009490499456353,0.005681208062350263,0.017852726275687326,0.03101458343638162,0.0264415601739013,-0.008551428611050325,0.012223902904261431,-0.006475657383422748,0.01869435086792748,-0.004578656117543044,-0.006475657383422742,-0.004564754246995371,-0.0018726191562304943,0.021603511438049842,-0.005455627734440083,-0.006475657383422749,-0.0045786561175430365,-0.004578656117543043,0.004688225804121272,0.01272096576083449,-0.0054556277344400906,-0.004578656117543037,-0.012119149469658811,-0.005908508971535621,0.014798280273263657,-0.012119149469658835,-0.00457865611754304,0.014820784451388,0.06985714275089529,0.049935404455883556,0.062485952742903896,0.08189584465815465,0.09355443644979217,-0.25879327736955227,-0.21479651674405892,-0.17926056466679446,-0.15657341874361605,1.0,-0.25879327736955227,0.0884997927767175,0.046457160586340814,0.10221472154889256,0.0855835734595493,-0.25879327736955227,0.004070151335804151,-0.003295584009641946,-0.007259403294490676,0.014820784451387998,
primary_ticket_priority_nan,0.0046618252575037974,0.08779512160775166,-0.0037532433899139057,0.017957293127407487,0.004232032519081207,0.004400596532188152,,0.004233728541587049,0.017296252691926632,0.004735952626988561,0.010710603641759523,0.014585662159047389,-0.001995962039609779,0.017858324249536216,-0.0053112921647074885,0.0072724365171993885,0.021541124854400844,-0.0002431954474066239,-0.006274704868179066,-0.002837311192886981,0.0035035677111360866,0.0034832451057546163,0.02161547336668359,-0.0038557579594088822,0.0013801460275138975,0.005449489440720331,-0.005902817106808678,0.005070843892403415,0.005448407776901405,0.012130150311945736,-0.007032419049145844,0.0029054315752145518,-0.007926082035484675,0.019050632396336822,-0.016174750361014366,-0.006558522879474289,0.0031069712907410263,-0.016294510254004198,-0.016100640388835005,-0.7390802669330556,-0.5983758925572275,-0.4204076920281046,-0.3699339982798502,-0.5136947294159592,-0.2631555717099405,-0.6555285366968092,-0.46775867667226156,-0.5983758925572275,-0.0010473216460606003,0.040739465756428325,-0.0031907730645355003,-0.043872409322447514,-0.9717720177256013,-0.6878696076542966,-0.35899185537900347,-0.2467291561245874,-0.8044823058307218,-0.8300867987879063,0.00016802076635578353,-1.0,-0.0001680207663557814,-0.3228031119603811,-0.3229754013003957,0.010955524914593952,0.26702914973073627,0.002730328856337228,-0.002730328856337216,,-0.002019905427099385,0.002019905427099398,,0.006351748394324547,-0.006351748394324518,,-0.008124350420532521,0.008124350420532573,,-0.009788924559592967,-0.008124350420532521,0.014768920525629161,,-0.013260334306093106,0.02209734877868916,-0.011334735851249209,,-0.0053112921647074885,-0.011334735851249209,0.01619888817956355,,-0.004145152754565281,-0.011334735851249209,0.014151112514212305,,0.0025334842535068014,-0.011334735851249209,0.007183543714866171,,0.017858324249536216,-0.011334735851249209,-0.009383205154200608,,0.010667620189672917,-0.011334735851249209,-0.0011392463594172974,,0.010559842965629312,-0.011334735851249209,-0.0010128329892261899,,0.014585662159047389,-0.01032118548855138,-0.007154360063202129,,-0.004553391918519937,0.004553391918519876,,0.0015880007555225382,7.2941074426900674e-06,-0.001995962039609779,0.0006727641817220667,,0.010205703437185111,-0.007973842697549588,-0.0032396331337267515,0.0010062626255086208,,0.01414105499975483,0.00037128289966473926,-0.007660079336945491,-0.0018120831014618798,-0.006144853241227997,,-0.0009833282510634052,0.015293007523884333,-0.008026365693752636,0.021629931872708973,-0.00802636569375264,0.006835354396074331,0.005057438191810161,-0.0075466572986633085,-0.011519922925880602,-0.008026365693752634,0.007929871432738003,-0.000576810160358865,0.017692330203017085,-0.003359393797356322,-0.013880043424024217,-6.365343718466295e-05,-0.006447580278770914,0.011842545461313804,-0.008026365693752638,-0.0031940638716943916,-0.017822628354361762,-0.004518372439766918,0.006835354396074327,0.006835354396074237,-0.008026365693752638,0.02502251004834142,-0.007150275031671123,0.0016405309354368218,-0.01795259874935216,0.0081283590112884,0.006835354396074333,-0.00802636569375263,-0.008026365693752632,0.0031467505190299287,-0.005491772705281641,0.0025080927127901533,-0.008026365693752636,0.017654768612047272,0.0003849890615851357,-0.011519922925880692,0.02737966579135676,-0.008026365693752643,-0.0001680207663557814,-0.3254347865598769,-0.2938227126676756,-0.26108308593607105,-0.24718904484637727,-0.21110893173824058,1.0,-0.37653742689398717,-0.31424304633219735,-0.27447257109836926,-0.25879327736955227,1.0,-0.36591892390875447,-0.32181622217840905,-0.28977467725938555,-0.24634953208447494,1.0,-0.005258222333072069,-0.01561181056480754,0.017508650568958735,-0.00016802076635577767,
primary_ticket_channel_chat,-0.004537376557888311,-0.04430601872041189,0.00575187682932683,-0.002064072069625969,0.005101443780407988,0.004228018904763096,,0.005102732880383568,-0.002662862274419702,0.00562973157230477,-0.012827974110723693,-0.01704952939834863,-0.013582027001610913,-0.021291227446963032,0.007348946231621574,-0.012101979792793937,-0.0030377943336310533,0.011370363339810518,0.005935840638515183,0.00906398267645726,0.0018192721176968807,-0.01497037105297367,-0.0017922604920164768,0.005635789464119113,-0.010568844012572406,-0.0070799551948731426,-0.0028929185712442615,0.004243779756481144,-0.004081437405531747,-0.024166618802464648,0.005437986516144109,0.008088078462982247,0.0005667146545408176,-0.02218731889432273,0.015355343276766171,0.00433040951541307,-0.011525639027985132,0.015348120949851635,0.014870490588512695,0.35899679884800073,0.2864941622848584,0.2031210073482592,0.1431934240708208,0.23328766182795532,0.11399329389569926,0.3248534871901355,0.2221287579398698,0.2864941622848584,0.015391572059590592,-0.011410362426098431,-0.0052512229113361375,0.02191799818730901,0.3575485767977364,0.2520427132228251,0.10477337761561209,0.07416646977398379,0.2975574995944146,0.3217605464695616,-0.005113845538665183,0.36591892390875463,0.005113845538665191,0.1516018517036135,0.1476180353830829,-0.006716072036775253,-0.09261670416213184,-0.015480300552749439,0.015480300552749474,,-0.009301825818650708,0.00930182581865063,,-0.01194176420213792,0.011941764202137927,,0.005244293150348904,-0.005244293150348867,,0.003703599727452759,0.005244293150348904,-0.006887496817119549,,0.022298269582418786,-0.017413863452114108,-0.004727444379722738,,0.007348946231621574,-0.004727444379722738,-0.0038186259749072677,,0.016568744968815823,-0.004727444379722738,-0.013198784432766453,,0.00388281494745381,-0.004727444379722738,4.3102000285242636e-05,,-0.021291227446963032,-0.004727444379722738,0.027744511047395573,,-0.016837851936640672,-0.004727444379722738,0.020953960293879536,,-0.001150630737654684,-0.004727444379722738,0.005151498134705688,,-0.01704952939834863,0.005263490849364544,0.014833335140900567,,-0.016178451869236332,0.01617845186923635,,0.0344804924047981,-0.002337477101609912,-0.013582027001610913,-0.016397771495184083,,-0.008838284719912652,0.00853813331286323,0.004450051662329612,-0.004148283643827112,,-0.017857657772510256,0.017903930168576554,0.0014155566211016908,-0.00017184170445173064,0.0015117855909953296,,-0.011496158266059799,-0.0025067674957856205,-0.006473958429326348,-0.02104216856475887,0.021934819899486785,0.010933256305241787,0.023644880910911138,-0.023362102787486926,0.015090472930355639,-0.006473958429326348,-0.017135785665306796,0.01158109357620038,-0.006473958429326341,-0.012915295514492097,-0.00454978971331183,0.011287709331278218,0.0363532826398144,-0.004261572762377276,0.021934819899486844,-0.012950675745759262,-0.010413659834231781,0.0017778039956307789,-0.009156209950385075,0.01093325630524162,0.02193481989948678,-0.009156209950385063,-0.01626959365954808,0.00899201213905313,0.02364488091091137,0.013747256837478992,-0.009156209950385078,0.021934819899486844,-0.006473958429326349,0.002378017754932573,0.004373366024537449,0.0075391310419952885,0.02193481989948685,0.015090472930355607,-0.011886320798316972,0.025832559128909652,-0.0063936994667525855,0.021934819899486903,0.005113845538665191,0.14882353843853643,0.11489545582507031,0.08672850029979447,0.07795420961406702,0.051512032320051054,-0.36591892390875447,0.1429170303257169,0.13171253026583077,0.08177696441198257,0.0884997927767175,-0.36591892390875447,1.0,-0.25957262897795874,-0.23372835054212646,-0.1987022135111848,-0.36591892390875447,0.018283713922774735,0.010262061042602128,-0.027095449041968887,0.005113845538665189,
primary_ticket_channel_email,0.010441751703996142,-0.024014750724780473,-0.007875034622630847,-0.00500136889893891,-0.01393544077725311,-0.018897218755285442,,-0.01394196824828495,-0.004060972166677632,-0.014562200206320054,0.01654043065121998,-0.00014741080993835128,0.02971355344338495,-0.004735228359113282,-0.005206818339149229,0.014072321951451632,-0.014421740874093418,-0.0149777331050858,-0.014590655017191733,-0.00825526519881756,-0.003280779663088613,-0.0018990710631129966,-0.008975484565827538,-0.009585202966852767,-0.0054194649265988095,0.008669979247421808,-0.004006519530861767,-0.003532537173794806,-0.005746779647927738,0.023305846072485557,-0.008430584631465593,-0.01707283605142228,-0.005735872549172276,-0.006420232229778468,0.0032926703421740145,-0.01361276521804536,0.0033664353292344623,0.002344400217184343,0.0022861802214175584,0.24003311076404288,0.18655695727017238,0.15145240642049407,0.14146439528684068,0.182753846721449,0.12138795653821378,0.21691129998377712,0.16125624590540208,0.18655695727017238,-0.029204070735544693,-0.045209213658664336,0.004649902410642884,0.01798339051988725,0.30958771607484126,0.20449306124066943,0.13187842125870544,0.11728663644028421,0.2644767873231999,0.27475038774839117,-0.003104704224410282,0.32181622217840894,0.0031047042244102827,0.11586636271947298,0.12070458052338896,0.015763635669269176,-0.10289459213435485,0.026081853415472728,-0.02608185341547266,,0.004594386895435394,-0.004594386895435382,,-0.006246292165799083,0.006246292165799125,,-0.007103569349224873,0.007103569349224839,,0.006531149868013839,-0.007103569349224873,-0.0023540415177588044,,-0.004582550244320191,0.0018993280944547334,0.0029948649667070584,,-0.005206818339149229,0.0029948649667070584,0.003028585147808799,,0.019912625695700258,0.0029948649667070584,-0.023382504760520482,,0.0005652238264732851,0.0029948649667070584,-0.0031880600296187948,,-0.004735228359113282,0.0029948649667070584,0.0024976275215368637,,0.014712579627161914,0.0029948649667070584,-0.017347157439874333,,0.008498901362396458,0.0029948649667070584,-0.011060108192670018,,-0.00014741080993835128,0.00559201942390904,-0.0051485222096788056,,0.013529291504981458,-0.013529291504981483,,-0.029965937143554156,-0.006098171046932111,0.02971355344338495,0.0020820919010500934,,-0.006150247918069281,0.015081967619484162,-0.012893511431577876,0.003964647352193682,,0.012310471727899838,-0.018969077897753917,0.007625369092807943,-0.004810249433914478,0.0023956995244210264,,0.011064532081881547,-0.00832282939409588,0.024940836230756883,0.0021698214254756367,-0.005693678867467885,-0.008052649653178456,-0.012735070393674908,0.013468572499678743,-0.0034867857141212106,-0.005693678867467872,-0.015070479952119334,-0.011028004357823216,-0.0056936788674678785,0.018075657609316294,0.0008863828158388043,-0.020096392905592782,-0.012735070393674911,-0.0014406310997930865,-0.005693678867467872,0.003930737180530317,-0.006238131871099552,0.0055604819621386135,0.013610761923344145,-0.00805264965317846,-0.005693678867467883,-0.008052649653178466,0.015658747630215353,-0.017090747255037047,0.014673058187731534,-0.006045307383050136,0.013610761923344159,-0.005693678867467872,0.02494083623075689,-0.0007126084137724204,0.010335245385606767,-0.006045307383050154,-0.005693678867467873,-0.015070479952119298,0.00894205330160548,-0.015070479952119324,-0.015070479952119346,-0.005693678867467882,0.0031047042244102827,0.09993710999441666,0.09832406562827807,0.07583074428909423,0.08759966047807967,0.07022695027830313,-0.32181622217840905,0.14252801188040104,0.11146389453640497,0.08625547326021621,0.046457160586340814,-0.32181622217840905,-0.25957262897795874,1.0,-0.2055580345066118,-0.17475345360001776,-0.321816222178409,-0.0024449971419571188,0.002767188584567769,-0.0013250222784419107,0.0031047042244102844,
primary_ticket_channel_phone,-0.004346544163194035,-0.021605894706672547,-0.002584242976665922,0.0024241509645588407,0.001734554053593178,-0.00711144691196689,,0.0017320120181854456,0.002437693644876377,0.0014114910660852236,-0.009031724967572041,0.0029790110081582286,0.0005185536559240215,0.009837311407979379,0.002088826143944672,0.002130516624529631,0.00603982657732918,0.0014144066724158342,0.006839659803199328,-0.010466625008927378,-0.005946443071617078,0.011554082938264624,0.01022057434645039,-0.003369982619346915,0.01593358940016964,0.018988219614374694,0.005345026987187621,-0.008821708665197325,-0.00544267384714364,0.005049755007689692,0.007477564447820948,0.0034096640098256244,0.013803946783211,0.0037660331118624228,0.008152724860441423,0.00223365853110613,-0.008741118868967156,0.008143716571303944,0.007795891836066847,0.17899235971155233,0.14457859334841244,0.10464329356510804,0.09272614150528381,0.11907334641256756,0.06043852006396837,0.15335537285651388,0.10302284005943889,0.14457859334841244,0.0021579632346446363,-0.0061311650949309494,-0.007866219332583994,0.002743317096113245,0.28390380740343746,0.20054749932670524,0.10530043126679366,0.07261464519077342,0.2315199037695249,0.2283532340330508,0.016062220710063524,0.2897746772593859,-0.016062220710063507,0.06494306431697802,0.0643591801261856,-0.01755296262932251,-0.07581343103489598,-0.0021651785369744807,0.0021651785369744855,,-0.005215679148662158,0.00521567914866218,,-0.008071016378086198,0.008071016378086169,,0.004606207046649415,-0.0046062070466494865,,-0.0011443124972604917,0.004606207046649415,-0.0016005621526079127,,-0.000922381073599328,0.0003593703889667479,0.0006304336752986627,,0.002088826143944672,0.0006304336752986627,-0.0028838979556082616,,-0.018361136159709877,0.0006304336752986627,0.01862080325265093,,-0.005821734736240414,0.0006304336752986627,0.005536197559885542,,0.009837311407979379,0.0006304336752986627,-0.011408547594930648,,-0.003894022839032615,0.0006304336752986627,0.003386084693021828,,-0.017574815038811278,0.0006304336752986627,0.017102041339032117,,0.0029790110081582286,0.0037907275461264993,-0.007073105724833042,,-0.00124065566994954,0.0012406556699495843,,-0.016210154665858303,0.0012246921325944223,0.0005185536559240215,0.01418081480003961,,0.008093453184190968,-0.006217716694222494,0.0035774981537484846,-0.005454411907136468,,-0.015651561675663637,0.023376139466798708,0.006583395528283931,-0.008982554380552258,-0.0014455993380235901,,-0.005835748053526507,-0.0058357480535265,-0.0051267892745457105,-0.019101437473028594,-0.005126789274545715,-0.007250889773477814,-0.011467106562318799,0.008835040941148049,-0.0011578551360625917,-0.005126789274545708,0.023666417994192716,-0.013290015846761156,-0.005126789274545711,-0.007111446911966847,0.010249759482878037,0.005053576643476144,-0.011467106562318776,0.0008432087756905339,-0.005126789274545695,0.022576664475511852,0.03951175957712665,0.008714669206523208,-0.007250889773477814,-0.007250889773477805,-0.005126789274545714,-0.0072508897734778165,-0.008258867643696422,0.006506951648052532,-0.011467106562318802,-0.009180752637525857,-0.007250889773477817,-0.005126789274545704,-0.005126789274545707,-0.012336700508362912,-0.007295144011367506,-0.002007462108782283,-0.005126789274545704,-0.013569991701190215,0.01617422395724141,0.011254281429064998,-0.013569991701190193,-0.0051267892745457035,-0.016062220710063507,0.10364633546538388,0.071647870561336,0.08972738807101978,0.07307547811776668,0.047423028493726635,-0.28977467725938555,0.09740956734274367,0.07488945183573281,0.08544511502817238,0.10221472154889256,-0.28977467725938555,-0.23372835054212646,-0.2055580345066118,1.0,-0.15735417336679358,-0.28977467725938555,-0.011803270103504808,0.00968269700491752,0.00963541862551776,-0.016062220710063514,
primary_ticket_channel_social_media,-0.0084953954538292,-0.015217783289810697,0.010315675833677028,-0.019805363673324517,0.002139846201127464,0.01897119662413821,,0.002146465604511606,-0.019226499786639407,0.0018484524847135356,-0.008484541434533744,-0.0019546316078361435,-0.015885344222398127,-0.003325527382111374,0.002000671046819741,-0.014075513901103514,-0.016396275536730395,0.0020332712964731647,0.011190791598382934,0.014022253112805418,0.0032500358503139756,0.0037505654926287594,-0.02939457802822248,0.013560242361544224,0.0003645077058377716,-0.030443678447294342,0.011056021128193816,0.0013856124048258174,0.010535952716188566,-0.01978418078061236,0.004780657021200005,0.0020598117964464226,0.002029643365864619,0.004991194675434028,-0.009879609293370076,0.017690117181832252,0.016301558325858084,-0.008544626968813526,-0.007740399694768744,0.1038751218447741,0.09926605941148661,0.039330640729101356,0.0702133066766537,0.08011056490475096,0.015359436098949665,0.0849972421274606,0.07262702425617037,0.09926605941148661,0.014277138546820901,0.017736597710773114,0.014656234041601577,0.009742159960850469,0.2380417263697007,0.18799098435560044,0.1018630412585675,0.03479590868804764,0.18911504513082633,0.18559515685873265,-0.007923548330513085,0.24634953208447488,0.007923548330513074,0.053717874362022,0.05396850552252435,-0.006257631484750855,-0.05371655094755931,-0.012806113871919614,0.012806113871919567,,0.01532567410009885,-0.015325674100098866,,0.02301930223223717,-0.02301930223223718,,0.008231959718521562,-0.008231959718521564,,0.0026563979981883475,0.008231959718521562,-0.0076170879962977394,,-0.003384751448142228,-0.011789927389026317,0.01810639573719223,,0.002000671046819741,0.01810639573719223,-0.01870766718238294,,-0.018939088232892413,0.01810639573719223,0.004077453290316462,,-0.002817770007671714,0.01810639573719223,-0.012759620538348681,,-0.003325527382111374,0.01810639573719223,-0.012772105300062588,,-0.006786384625094558,0.01810639573719223,-0.00850291223816954,,-0.004141460819703158,0.01810639573719223,-0.011152800277204248,,-0.0019546316078361435,-0.003028596512067836,0.005155949721795178,,0.0126590066587739,-0.012659006658773862,,0.007259874812194677,0.009004029418391362,-0.015885344222398127,0.0018867639852934192,,-0.004857857865984728,-0.010838356850608672,0.010388069121477548,0.005306093458990149,,0.005678488188458266,-0.027246376136374855,-0.007441848161196094,0.01873483918555802,0.00559808235171724,,0.009586070980799749,-0.002102761761196946,-0.004358497266997244,0.015173098303426245,-0.0043584972669972345,-0.006164283641987934,-0.00974866528265128,0.015033723090872923,0.0024314329586292444,0.032581209413461626,0.0024314329586292214,0.014023214155268606,-0.0043584972669972345,0.00782553948167854,0.013248669581913815,0.003959755339540125,-0.009748665282651297,-0.010679886518920167,-0.004358497266997231,-0.008718851914149953,0.0021973805369816493,-0.012333823548245366,-0.006164283641987935,-0.006164283641987923,-0.0043584972669972345,-0.006164283641987925,0.021837535059318028,-0.0007626895872300585,-0.009748665282651264,-0.011929190890420273,-0.006164283641987936,-0.004358497266997247,-0.004358497266997242,0.007130446562808851,-0.0020517732368455096,-0.0038568146950676897,-0.004358497266997247,-0.011536415595714857,-0.01408124510963945,-0.01153641559571488,0.0024314329586292414,-0.004358497266997236,0.007923548330513074,0.03676391002263008,0.07343009964158945,0.06980883783499484,0.06580983049224333,0.09818662857841653,-0.24634953208447494,0.07350422239547477,0.061400532045452705,0.08772722773973388,0.0855835734595493,-0.24634953208447494,-0.1987022135111848,-0.17475345360001776,-0.15735417336679358,1.0,-0.24634953208447494,9.100740059560104e-06,-0.005153503847308752,0.0008389943606395342,0.007923548330513074,
primary_ticket_channel_nan,0.0046618252575037974,0.08779512160775166,-0.0037532433899139057,0.017957293127407487,0.004232032519081207,0.004400596532188152,,0.004233728541587049,0.017296252691926632,0.004735952626988561,0.010710603641759523,0.014585662159047389,-0.001995962039609779,0.017858324249536216,-0.0053112921647074885,0.0072724365171993885,0.021541124854400844,-0.0002431954474066239,-0.006274704868179066,-0.002837311192886981,0.0035035677111360866,0.0034832451057546163,0.02161547336668359,-0.0038557579594088822,0.0013801460275138975,0.005449489440720331,-0.005902817106808678,0.005070843892403415,0.005448407776901405,0.012130150311945736,-0.007032419049145844,0.0029054315752145518,-0.007926082035484675,0.019050632396336822,-0.016174750361014366,-0.006558522879474289,0.0031069712907410263,-0.016294510254004198,-0.016100640388835005,-0.7390802669330556,-0.5983758925572275,-0.4204076920281046,-0.3699339982798502,-0.5136947294159592,-0.2631555717099405,-0.6555285366968092,-0.46775867667226156,-0.5983758925572275,-0.0010473216460606003,0.040739465756428325,-0.0031907730645355003,-0.043872409322447514,-0.9717720177256013,-0.6878696076542966,-0.35899185537900347,-0.2467291561245874,-0.8044823058307218,-0.8300867987879063,0.00016802076635578353,-1.0,-0.0001680207663557814,-0.3228031119603811,-0.3229754013003957,0.010955524914593952,0.26702914973073627,0.002730328856337228,-0.002730328856337216,,-0.002019905427099385,0.002019905427099398,,0.006351748394324547,-0.006351748394324518,,-0.008124350420532521,0.008124350420532573,,-0.009788924559592967,-0.008124350420532521,0.014768920525629161,,-0.013260334306093106,0.02209734877868916,-0.011334735851249209,,-0.0053112921647074885,-0.011334735851249209,0.01619888817956355,,-0.004145152754565281,-0.011334735851249209,0.014151112514212305,,0.0025334842535068014,-0.011334735851249209,0.007183543714866171,,0.017858324249536216,-0.011334735851249209,-0.009383205154200608,,0.010667620189672917,-0.011334735851249209,-0.0011392463594172974,,0.010559842965629312,-0.011334735851249209,-0.0010128329892261899,,0.014585662159047389,-0.01032118548855138,-0.007154360063202129,,-0.004553391918519937,0.004553391918519876,,0.0015880007555225382,7.2941074426900674e-06,-0.001995962039609779,0.0006727641817220667,,0.010205703437185111,-0.007973842697549588,-0.0032396331337267515,0.0010062626255086208,,0.01414105499975483,0.00037128289966473926,-0.007660079336945491,-0.0018120831014618798,-0.006144853241227997,,-0.0009833282510634052,0.015293007523884333,-0.008026365693752636,0.021629931872708973,-0.00802636569375264,0.006835354396074331,0.005057438191810161,-0.0075466572986633085,-0.011519922925880602,-0.008026365693752634,0.007929871432738003,-0.000576810160358865,0.017692330203017085,-0.003359393797356322,-0.013880043424024217,-6.365343718466295e-05,-0.006447580278770914,0.011842545461313804,-0.008026365693752638,-0.0031940638716943916,-0.017822628354361762,-0.004518372439766918,0.006835354396074327,0.006835354396074237,-0.008026365693752638,0.02502251004834142,-0.007150275031671123,0.0016405309354368218,-0.01795259874935216,0.0081283590112884,0.006835354396074333,-0.00802636569375263,-0.008026365693752632,0.0031467505190299287,-0.005491772705281641,0.0025080927127901533,-0.008026365693752636,0.017654768612047272,0.0003849890615851357,-0.011519922925880692,0.02737966579135676,-0.008026365693752643,-0.0001680207663557814,-0.3254347865598769,-0.2938227126676756,-0.26108308593607105,-0.24718904484637727,-0.21110893173824058,1.0,-0.37653742689398717,-0.31424304633219735,-0.27447257109836926,-0.25879327736955227,1.0,-0.36591892390875447,-0.321816222178409,-0.28977467725938555,-0.24634953208447494,1.0,-0.005258222333072069,-0.01561181056480754,0.017508650568958735,-0.00016802076635577767,
activity_status_active_0_30_days,0.006554685839613905,0.021413977235734512,-0.01762959843556292,-0.009043572275721366,-0.018754761303032916,-0.0014024345025374614,,-0.01875527188551382,-0.009769458736533322,-0.01853589416856926,0.003470996195292514,0.015687514474577124,-0.015924932029203694,0.0037640398228629144,-0.000760226588234744,-0.004621659271314347,0.3644079228629605,0.41371031690660237,0.3460171323232155,0.3249106667421631,0.3353785223196088,-0.06357839435382237,0.3071818762358935,0.19359232633884269,0.11621270001689496,0.04832311599178562,0.23225428295326458,0.330783905858591,0.09233482668575196,0.08811564579966054,-0.13049569932172414,0.1640443604311989,0.4244562332226304,-0.5147632772103824,0.5393569149703502,0.2983431029801875,0.16153939452603,0.5484702035500373,0.5515976884764912,0.01682019923485662,0.024711284159121917,-0.008296264730303992,-0.005606716495324788,0.018373076220792775,-0.00019926704031427892,0.014181818509336839,0.021567508512436478,0.024711284159121917,-0.007852847679917013,-0.004382871563797275,0.006294386774958912,0.002907892640925263,0.0036750884674977744,0.017219326253615455,-0.010291632665072568,0.0020414708126441673,-0.00099127540303796,0.011995208806202428,0.13993299935837783,0.005258222333072081,-0.13993299935837777,0.019063626728275412,0.009175437205971188,-0.2959268314167985,0.23569948840316626,-0.009603007956775407,0.00960300795677553,,0.0034411187743012125,-0.003441118774301203,,0.005035405939427998,-0.005035405939428136,,0.006398848373305328,-0.006398848373305633,,0.01252590639636361,0.006398848373305328,-0.01650476489027871,,-0.01001203766977408,0.004344788332238159,0.0063081804065838526,,-0.000760226588234744,0.0063081804065838526,-0.004906423885385507,,0.0026478220803796953,0.0063081804065838526,-0.008231457507668445,,0.005158467694933273,0.0063081804065838526,-0.010861087588089725,,0.0037640398228629144,0.0063081804065838526,-0.009872274140845133,,0.007344231674551365,0.0063081804065838526,-0.012735736279253722,,0.0010888176745801875,0.0063081804065838526,-0.006425941772036371,,0.015687514474577124,-0.010321328135492584,-0.008436470132164042,,0.009928687817215207,-0.009928687817214886,,0.012946634237221826,-0.0057466640120882526,-0.015924932029203694,0.01078228639495501,,0.0075443276590627896,0.007754735697329652,-0.01922451197170993,0.003926916898147617,,0.009449380532377089,0.01712811259701607,-0.006246377603720746,-0.01454389121651815,-0.001672404823357554,,-0.007388164865272544,0.0009320853979372381,-0.007593673988531979,0.009377043904828943,-0.007593673988531991,-0.010739839325939528,-0.016984795778196102,-0.0055060415847532395,-0.0002145757614780375,0.01870044887343012,-0.00021457576147804663,-0.0026280486816405244,-0.007593673988531989,0.006531176904186609,0.05580949737120432,0.06351419000564455,-0.005222365427573209,-0.018607233523647595,0.018700448873430118,-0.015190584032637589,0.018131652893471434,-0.012187836273931161,-0.010739839325939533,-0.010739839325939526,-0.007593673988531994,0.00785423352867998,-0.004568386548635143,0.003515098111363315,-0.005222365427573213,0.016866013925351878,-0.010739839325939535,-0.007593673988531984,-0.007593673988531974,0.020505376822593107,-0.008982402824178275,-0.017610066781731024,-0.007593673988531984,-0.010157056604172125,0.05459104552249501,-0.010157056604172116,-0.0002145757614780388,-0.007593673988531982,-0.13993299935837777,0.008024314697601322,0.00924440096713337,0.010511268650414796,0.0034535759116399206,-0.03067388575337506,-0.005258222333072069,-0.008321488537382543,0.027313623920811728,-0.0167315956534759,0.004070151335804151,-0.005258222333072069,0.018283713922774735,-0.0024449971419571188,-0.011803270103504808,9.100740059560104e-06,-0.005258222333072069,1.0,-0.3240375732956724,-0.5878425927044388,-0.13993299935837777,
activity_status_active_31_90_days,-0.01113501289874745,-0.014898710886441355,0.0014445606565316469,0.010860516314206554,0.015110084384000775,0.006585602520436184,,0.015112283197511579,0.011943657447398297,0.014611431471714589,-0.005276070845308806,-0.00997969245042401,-0.0066185168848295695,-0.0102171567044742,-0.0075007931146673385,-0.010505501111022468,0.013653459632814443,0.005216259527921396,-0.004850238029070033,0.011536077535431804,0.007805727563360719,0.0021948885907953006,0.045355214484727534,-0.009289351196988349,0.0835138216180471,0.025248976912831223,0.10402002057046283,0.007665398431759629,-0.006838128669246377,0.05649437396778139,-0.04361319680928845,0.07360111847606185,0.22998365534039847,-0.2932558440909901,0.3298878378729606,-0.015246129799014834,-0.015825446213442004,0.3226516601867471,0.31883379032408316,0.003063023016881197,0.005756435096133735,-0.0016163828172443752,-0.006645449122448192,0.0027881827697917986,-0.003868339060244146,0.004999813779620265,0.0033939253729016686,0.005756435096133735,0.006213675905317875,0.004930885591256633,0.0018384038818411055,0.001521126269184384,0.01647062232488217,0.014339442107179969,-0.0015254152922887386,-0.003384304982185128,0.012235377407773439,0.00771407999876299,0.1116646212518167,0.015611810564807625,-0.11166462125181668,0.005030653621866729,0.008782224253816539,-0.13162236061950242,0.14525558477124764,-0.00043391870954622396,0.0004339187095463595,,-0.02605633598895125,0.026056335988951226,,-0.03183406114495797,0.031834061144957904,,-0.019153671303569195,0.01915367130356897,,0.008803573591176828,-0.019153671303569195,0.0025627517433023804,,-0.021012994129104946,0.01339583648274366,0.008086488728414743,,-0.0075007931146673385,0.008086488728414743,0.000926306277349823,,-0.01659834265455378,0.008086488728414743,0.010318348079790946,,-0.01124007499234303,0.008086488728414743,0.004730977955897051,,-0.0102171567044742,0.008086488728414743,0.00391453564467516,,-0.01745356437341817,0.008086488728414743,0.01072146514734908,,-0.013788538403503095,0.008086488728414743,0.006998898373959984,,-0.00997969245042401,0.002046906908076446,0.009666190216368399,,0.005678836802147996,-0.0056788368021478425,,0.004061698347744186,0.01050350237472042,-0.0066185168848295695,-0.006850023550277694,,-0.006331056405764707,-0.02077583651884808,0.01801490606532471,0.009088053159258654,,0.003212536238088361,-0.009354436384458752,-0.0012520267796583698,0.0015036572776020848,0.0060372930096945655,,0.008824001793761369,-0.000508847678150601,-0.006059648072486115,0.022830249491970142,-0.006059648072486122,-0.008570245018224884,-0.013553634927486914,0.0026945793330379916,0.006265864462702357,-0.006059648072486115,0.039723395479239726,-0.013569508839186253,-0.006059648072486119,0.006585602520436058,0.004722291333871,-0.009565327967280128,0.012834271304521482,-0.0028030860779131354,-0.006059648072486122,0.0026283616938040607,-0.008246380106130083,0.0037181213388583307,-0.008570245018224884,-0.008570245018224875,-0.00605964807248612,-0.008570245018224879,-0.02053218496004733,0.011321684394165874,0.012834271304521463,-0.0020270317543332195,0.012286781817766058,-0.006059648072486116,0.023434547763394785,-0.009159460330462233,-0.006121924941480083,0.03019957015485027,-0.006059648072486117,0.006265864462702383,0.06995273312388713,-0.016039156214989216,-0.004886645876143474,-0.006059648072486113,-0.11166462125181668,0.002809954326128603,-0.01662622667752752,0.007282994844145771,0.018733837434995064,0.01300940072602013,-0.01561181056480754,-0.0037486200390200587,0.017734395651844325,0.008981238065313982,-0.003295584009641946,-0.01561181056480754,0.010262061042602128,0.002767188584567769,0.00968269700491752,-0.005153503847308752,-0.01561181056480754,-0.3240375732956724,1.0,-0.46909035589179005,-0.11166462125181668,
activity_status_inactive_90_plus_days,0.011441700424297272,-0.003116015938273446,0.006267106465641807,-0.0007154494061612581,-0.0018737930118692659,-0.0004128131468141272,,-0.001873868572983114,-0.0009159046671493472,-0.0017684806419532998,0.007891296226469901,0.00027451004773559206,0.0269638291769517,0.004728412820355752,0.011284391980164577,0.021794874387914668,-0.2787030290000679,-0.307540694596782,-0.2528059862228133,-0.2566639214338076,-0.2585614654011657,0.08233459695182016,-0.24375650621170292,-0.14017863986511983,0.09717110164843676,-0.0315146931004892,-0.04503032070877313,-0.2539404971053565,-0.05627030908578186,-0.05358513147472385,0.19045187072141284,0.1123601503918714,-0.43864770441463447,0.786678741524563,-0.5293917066976608,-0.21781807496888125,-0.11415428980713525,-0.5334777733237279,-0.5343430258730697,-0.015962522896177996,-0.029571885626770742,0.015359887593601964,0.004761241722020401,-0.019746252631747965,0.004523363116567033,-0.016060400868478795,-0.018898454281716836,-0.029571885626770742,0.0010615896713352284,-0.0034657741564761936,-0.003762880159915814,0.00045104086336433195,-0.01683347029272925,-0.03189645159378322,0.004081088192562948,0.0009524650661660092,-0.007530464263390193,-0.021346952003259426,0.20257286771534821,-0.01750865056895873,-0.20257286771534821,-0.014205862910741222,-0.008588088607730032,0.21816142141816028,-0.23938679533517812,0.007636395081625495,-0.007636395081625549,,0.00972632105195474,-0.009726321051954721,,0.01621181923157985,-0.0162118192315798,,0.01681284906342135,-0.016812849063421117,,-0.017985539678473692,0.01681284906342135,0.00812876455400732,,0.0281632284201598,-0.01341858333528321,-0.016302436575491654,,0.011284391980164577,-0.016302436575491654,0.002375315065725274,,0.01969380978662844,-0.016302436575491654,-0.006428825999096609,,0.00808339555773338,-0.016302436575491654,0.005693116806570819,,0.004728412820355752,-0.016302436575491654,0.009589285526380508,,0.014027009784609858,-0.016302436575491654,-0.0003138321112153301,,0.010840008342607746,-0.016302436575491654,0.002906094836889127,,0.00027451004773559206,0.001255503299660289,-0.001513897720568373,,-0.019359762240559193,0.019359762240559117,,-0.013668854601294387,-0.00535433014899705,0.0269638291769517,-0.011604738642605885,,0.0002533349190705263,0.011742409874444875,-0.0050099035322955345,-0.00698361795155787,,-0.00621213183682821,-0.007097145573264207,0.008280850888970067,0.003441938098755696,-0.0001156380765187783,,0.003045558891195356,0.003045558891195356,0.012917869652140111,-0.021526209037078064,0.012917869652140099,0.01826992371636381,0.028893441865203442,0.006791871031317016,-0.0019730867463459,-0.010992920350493937,-0.029096931810458974,0.019009324963748245,0.012917869652140097,-0.007627311888778584,-0.044077374307305635,-0.03932490638214592,-0.0031953640832792477,0.021888422118741063,-0.010992920350493934,0.01388330186774754,-0.005538469029136424,0.011181589118086286,0.018269923716363802,0.01826992371636376,0.012917869652140092,0.001361241359681783,0.025725506627155365,-0.009073126234624682,-0.0031953640832792763,-0.008646079032990138,0.001361241359681742,0.012917869652140099,-0.010992920350493937,-0.004887958248298653,0.017932040965615403,-0.0034208915755206924,0.0129178696521401,0.007068194941691798,0.14653858875552309,0.02515075831776724,0.007068194941691773,0.012917869652140097,-0.20257286771534821,-0.009340688628407803,0.0064711901525491755,-0.020262282430366724,-0.012638948227320772,0.014334150122236433,0.017508650568958735,0.006022510003631198,-0.032584062413342614,0.012125116687430888,-0.007259403294490676,0.017508650568958735,-0.027095449041968887,-0.0013250222784419107,0.00963541862551776,0.0008389943606395342,0.017508650568958735,-0.5878425927044388,-0.46909035589179005,1.0,-0.20257286771534821,
activity_status_no_activity,-0.01992435524977853,-0.010178859813025902,0.020443592402459833,0.0003205369302981241,0.015889052019563022,-0.00868514545275034,,0.01588609565342573,0.0002787848805420111,0.016126745965487847,-0.01610663675498562,-0.015343483292094137,-0.01693062635199929,0.0003133596512469336,-0.010734483619426373,-0.021590138852757155,-0.151644042365889,-0.17342575838147398,-0.13778021385533387,-0.11454474779923784,-0.12548167558039075,-0.06256342077921023,-0.1721222244154297,-0.06740937713555399,-0.6436435934864317,-0.07826267905932871,-0.5959361592895007,-0.12626447834791718,-0.05269807756571655,-0.17210330027466628,-0.08666026891259807,-0.764136612864758,-0.31826436966428556,-0.19230083769004194,-0.5436340946628063,-0.09783051785961175,-0.04737350356680944,-0.5396727360975638,-0.5370169039910967,-0.004320820730286954,0.005789849243701687,-0.015475778398744127,0.013618964427122566,0.0018512522359828943,-0.0028693260053589877,-0.0021155855618444144,-0.008244560567611175,0.005789849243701687,0.002479067741318639,0.008216841384886132,-0.008210718407309333,-0.010297483577188174,0.0003303198801004838,0.010974229805618409,0.015497498792439548,-0.00015524287362337957,-0.003538179908016148,0.009956605387322359,-1.0,0.00016802076635562851,1.0,-0.01714801886459916,-0.016356392924637215,0.37504103863082167,-0.22054705453988124,0.00344466800944355,-0.0034446680094439184,,0.019669894817641947,-0.019669894817641947,,0.011935101361334749,-0.01193510136133452,,-0.01690008104837027,0.016900081048370985,,-0.0012894397982951553,-0.01690008104837027,0.011424764726559558,,-0.00481403502128145,-0.0033123078808653217,0.009540577924781664,,-0.010734483619426373,0.009540577924781664,0.0031769685642541795,,-0.020567336455181266,0.009540577924781664,0.013201304294139743,,-0.00871188283240863,0.009540577924781664,0.0008281919556396136,,0.0003133596512469336,0.009540577924781664,-0.00900525204350793,,-0.015596687580735558,0.009540577924781664,0.007620706514991012,,-0.0015507109248379147,0.009540577924781664,-0.006510268427376761,,-0.015343483292094137,0.015394074604180234,0.0032100673864204517,,0.013624946403373868,-0.013624946403374416,,-0.0033236210641794657,0.00491253544954705,-0.01693062635199929,0.017492765907392033,,-0.0047134289664587815,-0.004642306480596842,0.0187637140397439,-0.009408857567699509,,-0.01185953084457174,-0.0021288558496169725,-0.00377221030165413,0.02037518306949266,-0.007750595118495975,,-0.008280372528594544,-0.008280372528594534,-0.002616809900207084,-0.013106402677072075,-0.0026168099002070737,-0.0037009908401644566,-0.005853027376800919,-0.009443091507511043,-0.006926379597013829,-0.002616809900207084,-0.0069263795970137985,-0.013366912965253235,-0.0026168099002070724,-0.008685145452750297,-0.024983617636623955,-0.02540207866080114,-0.005853027376800911,-0.006412125800196386,-0.0026168099002070884,-0.005234734957882782,-0.010144950624791213,-0.007405137502975096,-0.0037009908401644566,-0.0037009908401644514,-0.002616809900207072,-0.00370099084016444,-0.011718549212013478,-0.007854892708202171,-0.005853027376800942,-0.012008794674721877,-0.0037009908401644575,-0.0026168099002070824,-0.002616809900207084,-0.015066700159407836,-0.01142101583266346,-0.012008794674721933,-0.002616809900207083,-0.006926379597013771,-0.601624595452284,-0.0069263795970138054,-0.006926379597013813,-0.002616809900207079,1.0,-0.0005574122918786207,-0.0033278894984638215,0.011417877250286824,-0.01353405712655893,0.007167303928716332,-0.00016802076635577767,0.01090452170288748,-0.015775024633425658,-0.009970633881888966,0.014820784451387998,-0.00016802076635577767,0.005113845538665189,0.0031047042244102844,-0.016062220710063514,0.007923548330513074,-0.00016802076635577767,-0.13993299935837777,-0.11166462125181668,-0.20257286771534821,1.0,
activity_status_nan,,,,,,,,,,,,,,,,,,,,,,,,,,,,,,,,,,,,,,,,,,,,,,,,,,,,,,,,,,,,,,,,,,,,,,,,,,,,,,,,,,,,,,,,,,,,,,,,,,,,,,,,,,,,,,,,,,,,,,,,,,,,,,,,,,,,,,,,,,,,,,,,,,,,,,,,,,,,,,,,,,,,,,,,,,,,,,,,,,,,,,,,,,,,,,,,,,,,
